# Resource object code (Python 3)
# Created by: object code
# Created by: The Resource Compiler for Qt version 6.11.0
# WARNING! All changes made in this file will be lost!

from PyQt6 import QtCore

qt_resource_data = b"\
\x00\x00\x05J\
\x89\
PNG\x0d\x0a\x1a\x0a\x00\x00\x00\x0dIHDR\x00\
\x00\x00d\x00\x00\x00d\x08\x06\x00\x00\x00p\xe2\x95T\
\x00\x00\x05\x11IDATx^\xed\x9dM\x88\x1cE\
\x14\xc7'~\x82\x07?b\x14\x91\x88\x07O\xe2\xd1\xa8\
\x08\x1e\xf6`\x94\x9e\xedWU\xaf\x97\x16\x15\xf4 a\
\x15A\x14<x\x1drU\x0c\x01ET\x92\x83x\x89\
\x87\x5c\xfc\xc0 *\x12\x11\x04QT\xc4(\x9e\x84\xa0\
\x18=\x19\xe2w\xe2{\xb3\xd3dx\xdd\x1b\xb6\xb5\xa7\
\xe7U\xf5\xfb\xc3\x8fM\xb6k\xba^\xd7o\xbb{f\
\xbb\xbaw4\xb2X,\x16\x8b\xc5b\xb1X,\x96D\
R\x96\xe5E!\xcf\xef\x0a\xce\xedE\x80\x83\xe8\xdck\
\x8bD\xf6o\x99%\xcb\xb2\x8b\x0b\xe7\x9e$\x09?\xd3\
@\x9d\xe9\x0bY\x87\x85\xe2\x9c\xbb\x96D|,\x07\xab\
\x0fd-Uh\xd9\xbd\xf4e\x9b\xfc~\xf2A\xc4+\
1\xcf\xbf\x93\x03\xd5\x17\xb2\x9e*\xf4\x03\xf2~\xf0\xfe\
\xf9\xd1\xd0\xa4\xa0\xf7G\xe4 \xf5\x89\xac\xa7\x0a\x0b\xe1\
\xe5\x83\x92\xe2\xbd\x079@}#k\xaaR\x09\x99\xf1\
\xd2h\x08R\xe8\xdd\xd4;r\x80\xfaF\xd6TE\x08\
I\x7fO\x09!\x5cNB\xfe\x94\x03\xd47\xb2\xae*\
R\x08\x93\xb4\x14:\x5c\xdd&7x\x19\xc8\xba\xaa4\
\x09\x99\x91\xe6\xe1\x8b>s\xb8\x86\x8d\xed\x1dYW\x95\
s\x08IsO\xa1\x0d+\xe5\x86.\x03YW\x95s\
\x09\x99\x91\xd6\x9e\x82\xf1\x0ba\xd2\x91\x82i\x08a\xd2\
\x90\x82\xe9\x08a\xe2\x97\x82i\x09a\xe2\x96\x82\xe9\x09\
a\xe2\x95\x82i\x0aa\xe2\x94\x82\xe9\x0aa\xe2\x93\x82\
i\x0ba\xe2\x92\x82\xe9\x0ba\xe2\x91\x82\xc3\x10\xc2\xc4\
!\x05\x87#\x84\xd1/\x05\x87%\x84\xd1-\x05\x87'\
\x84\xd1+\x05\x95\x08\xe1y`\xb26\x0e-{]\xb6\
\xed\x02\xb5\xbf\xbaG%B\x8a\xf1\xf8zY\x1bg:\
G\xac\xa1}\x17\xa8\x94\x82Z\x848\xb7*k\xe3\xf0\
\x9eC\xcb\xdf\x92\xed\xbbB\x9d\x14\xd4#\xe4EY\xdb\
\x5c\xb6a\x9e\xdfQx\xbf'\x00\xacw\x8d\xf7\xfe:\
\xd9\xe1\xd2\x82J\x84\xd0\xc0\xfcZ\x8e\xc7\xd7\xc8\xfa\x06\
\x17T\x22dJ\x9e\x1f\x90\xf5\x0d.\xa8I\x08A\x87\
\xa5\x87e\x8d\x83\x0a*\x13B\x9c\xa6\xf3\xc9d\xa4\xe9\
D\xdbgP\x9f\x90\x0d\xf2\xfc\xbd\x02\xe0\x16Yo\xf2\
A\xadB*\x00\xbe\x0a\xce=Cr\x1e\xa3\x13\xff=\
\xb8Q\xefB(\x8ab\xa7\x1c\x9f\xde3+\xa6>\x10\
\xc3\xa4\x94\xe3\xd3{\xb8\x88\x86\xc2\x86\x8a\x09Q\x86\x09\
Q\x86\x09Q\x86\x09Q\x86\x09Q\x86\x09Q\x86\x09Q\
\x86\x09Q\x86\x09Q\x86\x09QF\xfcB\x82\xf7_\x06\
\x80\xfb0\xcfo\x0f\xce=N\xff\xfeE\xb6\x11\xfc\x85\
\xde?\x1dBX!n\xee\x825\xe7vq\x0d\x5cK\
C\x7fm\x88\x5c\x08\xc01\x00\xb8d~}k\x007\
\xd1\xb2\xdfkm\xcf\xf2\xd0|\xfb.\xc3\xb5\xd0\xfa\xbf\
i\xe8s\xabD.\xc4\xb9G\xe4\xfa8\xf4\xfdC\x0d\
m\xcfx\xe7~\x90m\xbbN\x01\xf0\xa8\xec\xb7\x05\x91\
\x0b\x01\xf0r}\x1c:t\xed\xab\xb5u\xd3\x89\x0c\x9f\
\xca\xb6]\x87k\x92\xfd\xb6 n!|\xe1H\xaeo\
\xc4Sv\x00>\x91m\x19\xdaC~\xa3\xc3\xca\x0e\xf9\
\x82.C}?+\xfbmA\xe4B\x00\xfe \xb2j\
]\x93\xc9\xe4\xbc\xe9#\x01\x1b\xda\xce\xbd\xe6\xcd,\xcb\
.\x9d\xaf\xa1\xab\xacy?\xfe\x9f\xcfm\x89[\xc8\x8c\
\xd3\xc4Qz\x87\xf3\x0a\xed\x01_7,o\xe2G\xe2\
\x10O\x8e\xeb\x02\xda+^\xe6\x1af\xb5\xc8\xbe\xda\x90\
\x84\x90\x940!\xca0!\xca0!\xca0!\xcaH\
D\x08\xc01\xfaz\x18\x1b\x9eX\xfd_\xa0\xb7\xce\xef\
\xf2lx\x94\xfd4\xc0\x9f\xfe\xa9\xfd\xdb\xb3\x1aj\xcb\
[\x12\xb7\x10\x1a\xb4\xbf\x0b\x80\x07\xe4:\xbb\x08\xdf\x9a\
\x80\x1boek\xfdV\x90\x8c\xe7\xe6o\x85C\xef\x1f\
\xa4\x9a\xfe\x91\xedZ\x10\xb9\x90\x8d\xbb\x8f\x16\x16\x9e\xda\
\xb9\xe9\x07\xbd<\xff\x82d\x9c/_C\xcb^\xa8\xb5\
\xdd:q\x0b)\xbcG\xb9\xbe\xaeC\xfd|.\xfbe\
<\xc0~\xd9\x96\xc35\xc9\xb6-\x88^\xc8\x1e\xb9\xbe\
\xaeC\xe7\x86\xe3\xb2_\x86\x0eW\xaf\xca\xb6\x1c\xbeE\
M\xb6mA\xdcB\x88\xcf6\xbb\x9d\xb9\x8b\xd0\xe0\x86\
\x86>\xa7\x14\xce\x9d\x0c!\xdc0\xdf~ee\xe5\x82\
\xcd~\xb1\xb9E\xa2\x17\xc2\x1c\xa5=\xe5ND\xbcz\
uu\xf5\x8a.\xa0u\xddH\x03\xfb\x14\x099\xd5\xd0\
\xdfY\x00\xbe\xa7\xbe\xefg1\xf4\xff\xdd\xb4\xd7|X\
k\xd3\x8e$\x84\xa4\x84\x09Q\x86\x09Q\x86\x09Q\x86\
\x09Q\x86\x09Q\x86\x09Q\x86\x09Q\x86\x09Q\xc6\xf2\
\x85\x14J\xfe\xa0\x8b\x06x,\xe4\xf8\xf4\x9e\x10\xc2\xad\
\xb2\xb0\xa1\xc2\x93\xb6\xe5\xf8\xf4\x9e\xb2,/\xdb\xf4\x9a\
\xc3\x80\xe0I\x7f\x8b\x9a\xc0\xd7:\x1a\xfel\xde\xd2\xf1\
\xfe\x88\x1c\x97\xa5\x85\xa7`\xd6\x0a\x1c\x184\x06w\xcb\
qYjp\x81\x0f\x9a\xd4\x8e\xcf\xf37\xe4x,=\
t.\xd9\x1e\x9c\xfbV\x16\x9b:\xbc\xcd|\x0dF\x8e\
\x87\x8a\x94Yv\x15\x02| \x8bN\x16\xef?R\xff\
\xe0M\xbe$[\x00<A\x05\x9f\xa8m@\x22\xd0^\
\xf1\x13\xdf\x0f\xb9\xc8\xcb\xcf\x9dg}}\xfdB*~\
7}X\x9a\xf0\xd3B\xb1aB[T\xd06\xf0\xb6\
\xf0\xe5f\xde6\xb9\xbd\x16\x8b\xc5b\xb1X,\x16\x8b\
\xc5\x12k\xfe\x05f\xd6\xc5\xcd#\x18Z\xaf\x00\x00\x00\
\x00IEND\xaeB`\x82\
\x00\x00\x09|\
\x89\
PNG\x0d\x0a\x1a\x0a\x00\x00\x00\x0dIHDR\x00\
\x00\x00d\x00\x00\x00d\x08\x06\x00\x00\x00p\xe2\x95T\
\x00\x00\x09CIDATx^\xed\x9di\x88,\xd5\
\x15\xc7g\xa2$\x1a\xa3q\x8bb\xdcb\xc4}\xc1-\
*\x0aq\xe2\xf2\xb0\xdf\xd4\xad[\xd5\xe3\x80\xb8\x80\xfa\
\xf2\xe4\xb9#\x89\xbb\xe8$\x0aA\x08\x0a*\xe2\x07\x13\
E1\x22\xa8\xb8\x81\x0a\x82\x1f\xc4\x0f\xee\x89K\xe2s\
7O\xf4\xe1\xbe;F\x1d\xfd\x9f\x9a\x9e\xb6\xfa\x7fo\
O\xdd\xae\xae\xaa\xee\xae\xdc\x1f\xfc\x99\xf7\xa6\xebT\x9d\
sO\xd7\xdd\xea\xd6\x9d\xb11\x8f\xc7\xe3\xf1x<c\
K\x96,Y'\x0a\xc3\x0b#\xa5\x1e\x8f\xb4~6\x0e\
\xc3\x1b\xe2\xc9\xc9]\xf98O\x05(\xa56F2\x9e\
D\x12\xbe#}\x0e\x1d\xc6\xc7{J\xa4\x95\x8c\x7fZ\
\x92\x91\x08\x9f\xad:nbb-\xb6\xf3\x94@V2\
\x16\xd4\x0c\xc3\xdf\xb1\xad\xa7`&''7\x88\x95z\
\x82\x0b\xdf\xa6\xa6\xd61\xdb{\x0a\xc4\xf5\xceh+\x8e\
\xb7\xe7sx\x0a\xa2\xe7d\x84\xe1\x1d|\x0eOA\xf4\
\x9a\x0c9V\xaa6>\x8f\xa7\x00P\xedl\xd4S2\
0\x16\x91\x04\xf2y<\x05\x80dl\xd2K2\x92\x84\
(\xf5-l^\xc4\xbfo\xc5\xcf\xb3\xa7\xc2p\x9f\x99\
\x99\x99\x1f\xf1\xb9=9@o\xea!.\xf0\x9cZ\x8d\
\x1e\xd7\xf5HVczzz\x0d\xbe\x8e\xc7\x01|\xb3\
\xf7\xb4\x14l\xffR\xea\xbf\xd0\x9f\xa6\x83`s\xbe\xa6\
g\x11PxG\x1b\x85Y\xacfu\x18^\xddl6\
\xb7\xe0k{,DA\xb0\xc4R\x88eh\x16#\xfa\
\xcbd\x92\x92}\xf0\xa4h4\x1a?AR\xde\xb2\x14\
`9BU\xf6\x7f3\xb2GC\xfa\xe3<\xe3\x02$\
\xe4\x104\xc4_\x18\x85W\xaen\x80\xbf?c_j\
\xc1T\x10l\xd7T\xean\x14\xeaWI\xb0J\xbd\x16\
k}<\x1f\xb7\x18\x83H\x0a\xda\x96\xff\xa0S\xb1;\
\xfb2\xd2DQ4\x81\x04|\xc8\xc1\x8aPg\xff\x81\
\x8f_\x8c^\x93\xd2:v%\xff\xbe\x17\xe1\x1c\x9fN\
i\xbd\x94}\x19I\x10\xd044\xcbA.\x08\x09\xf9\
\xac\xd7\xd1t\xafI\xc1\x97\xe1\x1c|)~\x85;\xf2\
L\xfc\xff_\xc6\xe7n\xfa\x1aZ\xce\xbe\x8c\x14\x18\x1d\
\x9f$\xa3eKp\x1dBR&\xd96\x8b^\x92\x82\
j\xe7\xcb\xe9F\xe3\x17m\xdb(\xda\x17\xbf\xbf\xdd\xc5\
7CZ\x9f\x9e\xf6cd\x80\xf3G\xba\x06\xac\xb5V\
l\xefB/I\xb1\xf5\x9ap\xdd\x9d\xf1\xa5\xb9\x9f\x8f\
\xcd\xd0\x1c\xae\xb9\x8c\xcf5\xd4\xa0\x8a8\xb8\xddxg\
k\x16\x03\xb2\xcd\xf8\x1c\xae\xb8&\x05\x099\x82m\x17\
\x90/D/\xddj\x5c\xef\x1b\xfcl\xf2y\x86\x12\x04\
\xb7\x1b\x9c\xfd\x98\x83\xe8&TW\x97\xf09z\xc5!\
)_g\x8d\xc2e&\x19I\xbb\xcdbk\x954\xf4\
C\xbf\xa2\x05\x8d\xf3Oqw<\xcf\xcew\x13\x92q\
\x15\xcc\xc6\xf9<y\x90\xa4\xc4\xf3+L\x8c\xeb\xa0Z\
\xfa+\x1f\xdf\x85q\x1c{\x9ekU\x1b\x07\xc1\xcby\
\xc6T\x95\x81d\x5ck8m\xd7\x1c\x1a\xc7s\xd9\xbe\
_\xd0X\xef\x8ds?\xdd\xbe\x8eR\x9f \xe93\xbd\
\xce\xea\x22!S\xaeU\xae\x0e\x82[\xd8~(\x90F\
\x93\x9d\xed\xa29\xe8\x04\xb6/\x12\xe9\xe2J\xd5\xd9\xcf\
\x9c\x94\xf4\xfc\xa4wf\xf1\xdf\xa6\xe1jOdz\xc1\
\xb9QT\xea\x8fl?\xacHG\xc0\xb1\xfaZ\x8d2\
\xd8\x90\xed\x07\x864\xcc\x16'M)u9\xdb\x0e;\
2\x93`\xc4a\xd3\xb0\xc4&\xbd\x97\xb8KcJz\
\xb8\xd7\xba|X\x90v\xc2\x12O\x87\xa4\xcdAU\xb9\
-\xdbVN,\x0b\x9a-\x0e\x92>\x98\x0e\x82\xad\xd8\
vT@A\xaf\x8f\xde\xd7\x1b\x96\xb8:\x93\xa2\xf5\x8d\
l[)2\xa0s\xe9\x8d\xa0.>\x8amG\x0d\x19\
<r\x5c,\xb4\xa3\xff\xcb\x1a\xef\x94\x8at)\xd9)\
V3\x08\x1e\x19+h\xac1h\x10\xcf\x9d\x1c\x9f!\
\xa5\xfe\xc2v\x95 \x0f\x9a\x1czVs\xf8f\xed\xc7\
\xb6\xa3J2\xf7\x95\xd1\xeb\xc2\xe7\xef\x0fd\xa5\xbdt\
\x09\xd9\x19\x8b\xeed\xbbQ\x071\xfd\xc3\x12''%\
b\xbb\xd2\xc1\x85obGXu|\x05\xa0\xa9\xd4o\
8N\x16\x12r3\xdb\x95\x8at_q\xe1w\xd9\x91\
\x0e\xa7\xb4~v\xac&m\x07\x83\x02\x7f\x9c\xe3\xed\x90\
R\x9fTZm\xe1\x9b\x7f\xa0\xe1\x04K\xeb3\xd9\xae\
.\xa0\x0b|\xaa\x11/K\xa9\x83\xd8\xae4\xe0\xd0\x9f\
\x0d\x07H\xb2\xa8\x81\xed\xea\x82\x8c\xa9\xe2\xf999#\
\xee\x05\xa1\x8c.d\xbb\xd2\x88\x83\xe0.v\xa0CJ\
\xbd\xc06u#k\xe1\xb7\x0e\xc3\xfb\xd8\xa64Pe\
\xbd\xca\x0e\xa4\xd5z\xceQk\x10\xe35\x1cwZH\
\xd8;lS\x0a\x8dFc\xbd8\xe3v\x8dG}u\
\x86\x03\xe8m\x1dk\x89\xbbC\xe8\xfc\xfc\x9c\xed\x0a\x07\
\x8e\xec\xcf\x17f\xc91lW7\x9aA\xb0\x17\xc7\xcd\
\x92c\xd8\xaep\x5c\xe6t\xe4.b\xbb\xba\x91\xbc\x01\
l\x89=-y\xf2\xc8v\x85\x13g\xbc\x1a \x93\x8d\
lSWd\xbc\xc1\xf1\x93J}2\x9a\x80\xea\xe8d\
\xcb\x85\x7fHHU\x8d\xd9\x10\x905\x97\x87\xb2:\x8d\
m\x0aGVe\xf0\x85;\x9c\x08\xc3\x97\xd8\xa6\xae\xb4\
\xde_4\xca`ARVlS8\xc8\xfa\xf9|a\
\xd2J\xb6\xa9+(\xf0W,\xf1\xff \xa5\xcea\x9b\
\xc2\x81\x13g\x18\x17\xee\xd4\x9blSWP\xe0\xefY\
\xe2Ok\x05\xdb\x14\x0e\x1a\xede\x96\x0b\xa7\xf51\xdb\
\xd4\x15yBh\x89\xbf\xadJ\x9e\x94\xba<\x07\xa9d\
@4`\xe49;\xc7\xcd\xca\xb3\xaa\xbfgZ\xab\x03\
\x8d\x8b\xa7%\xaf1\xb3]\xddp\x99\xf1\x96g'l\
W8.\xdf\x0c\xb43\xc7\xb0]\xdd@\x9c+8\xee\
\x8e2P\xea\xdb\xca\xdeO\x8c3\x1eN\xf9\xc9\xc50\
Y\x88\xcd6\xa5\x11k\xfd\x80\xe1@J\xf8v<\xc5\
6uC\xc6[\x1c7\xa9\xba-\xa1\x90\x90\x8b,\x0e\
\xa457\xd0\xf5I%3\xa5\xd4\x8e\x96\x98;\x84j\
\xfbb\xb6+\x0dyC\x8a\x1d0\xa4\xf5)lW\x17\
\x10\xdfYF\xbc\xa4J\x97?\xa1\xb1Z;\x927\x88\
,\x8e\xb4\xa5\xd4\xa3lW\x13\xc6\x11\xdb\xbf\x8dx;\
\xb5\xba\xf2m\xa0\x5c\x16 W\xf2<\xa0b\x10\xd7a\
\x1c\xa7\xa1 \xf8\x1b\xdb\x95\x0e.\xdc4\x1c1u\x13\
\xdb\x8d:\xb2\x1b\x85%\xceN)\xa5\xd9\xaetZ\xd5\
\xd6\xfb\x863)\xe1\xf3o\xa4\x01d\xdbQ\x05\xed\xc2\
\x01q\xc6\xe3k4\xe6\xab&&&\xd6d\xdbJ@\
\xd7\xef2v\xc8\xa2\xea\xba\x7f\xe5\x22m\xc7\xa3\x96\xf8\
:\xa5\xf5\x05lX\x19\xad\xf5I\xb2\xe5\x84\xe9XZ\
J\x05l;j\xe0n?\xce\x88\xcb\xd4\xac\xec\x0d\xc9\
\xb6\x95\x22\xebX-\x8eu(\xd2\xfau\x99ra\xdb\
QA)\xb5M\x14\x04\x1fq\x5c,\xd4\x18\xd7\xb1m\
\xe5\x88\xb3\xf1\x22\x9b\xcb\xb4\x9d\xd5\xfa6\xb6\x1d\x05\xa4\
=\x90w\x5c8\x1e\x8b>G\x1b\xb3%\xdb\x0f\x044\
dWX\x1c4$/P\xb2\xed\xb0#\xf3r\x1c\x87\
UZ_\xc4\xb6\x03C^\x09\x86S\xab\x0d'I2\
\x03\xba\xd8\x9e#\xc3F\xd6\xfa\x81v\x5c\xe8Y\xc9.\
\x16l?Pb\xb7qI\xb2UR?\x0fn\xe4\xcd\
-4\x9c;5\x97.\xdd\x9a?+\x12|yN\x8c\
3\xba\xb8-\xcd\xf5\x13O\xa9\xb8\x8c\xdeE\xb2v+\
\xc7\x9d2.\xdbq\xc4\xa9\x9d\xe9d\xc1\xb3\xec}\xc5\
\x07\xf6\x8bt]\xa5\xa0\xd9o\x9b\xd0a\xb9\x92\xed\x87\
\x06Y\xcd\xe70-=\x1f\xc8\xfc6\xe0\xb2L\xc6\xe9\
\xa5\x1e$\xe2R>G\xeb<_\xc8\xc63||\x1e\
d\xfeI\xf6\xef\xe5ktU\x10<S\xe9\x8b9y\
\x90-\x8b2'\x1eSJ\xb6D\x8a\xe3\x8d\xf8<i\
\xc20\xdcT\xee*\xb6]PQIq\x1c\xe8\xce\x0b\
w\xaa\xbc\x04\xca\xe7\x18J\xe0pS\xa6M\x8c \xba\
HV\x00\xa20B>\xcf\x028W\xc46\xac~\x93\
\x92l\xf6\x9f\xb1\x8adA\xc9\xa64U\xbe!U\x04\
\xd1\xfcr!\xa7z\xb8-\xad\x1f\x98Rj\x17>\x97\
\xcb\x02oQ?I\x91\x86\x99\xcfgSR\xd5V\xb1\
\x88\xba\x0cd\xc3H\x0e(K\x120~\xde\x91~\xa5\
A\xda&\xd7\xad\x92\xf2&%r\xd8\xce\x5c\xeezT\
\xb1\xbfg\xdb\x91B\x02\x88]\xe6\xbb,\x927ye\
0\xd9\x9c\x9c\xfc\xb5\xfc\xe4\xcf\xbb)ORPc\xae\
\xbb\xd8j\xf6\xd6\x17b\xb8\xf6\xc5\xca\x8blB\xdcK\
Co\x93,l\x96\x82\xe6\xdfwS\x9e\xa4\xc0n9\
\x9f'\x11\x1ap|!~\xcb\xc7\x8f4\xb2]\xb7l\
\xdbm\x04[\xa2r&E6~~.\xb1\x9fo\xe4\
\xef\xc1\xdd\xb3\x03\x1fW\x0bd\xcb=Ta\xd7s\xc1\
\x95)I\x0a\xaey(\xfb\x92\x85,r\x93Y\x01\xfe\
}-\x91G\x9c\x91\xc3\xfeSEI\xba\xd5\xf2'/\
\xd8\x0fO\x8a\xe4n\x99\x1f\x88eN\xdd\x17!\xe9E\
\xb1\x0f\x1e\x0b\xb2\xa0N\xa6\xb8]\xbb\xb5}\xe8h\xbe\
\xb6g\x11\xd0p\xfe\x12\x89\x99)\xab*\x8b\xa2h\x0f\
\xbe\xa6\xc7\x01\x99\xe0C\x01\x1e\x8ev\xe6\xef\xb8k\xde\
\xe6\x82\xcd%\xad\x1f\xe4\xebx\xf21\xdez\x1f\xe5\xac\
\xd6\xd4\xfe\xca\xd6H\xde,\xf4.\x92)\xfa\xf4\x9f\xaa\
\xf0\x14H\xf2wp1z\xe7B\xef&IF\xd6L\
\xb2''\xf2\x988)`K\xc1\xdb\xe4\x93Q2\xa8\
\xb2\xee\xe5B\xef&\x9f\x8c\x92i\xfdM\x12\xa3\xe0m\
\xf2\xc9\xa8\x808c\x7f\x15\x9f\x8c\x8aA\xcf\xaa\xc1\x85\
\xcf\xf2\xc9\xa8\x10Yi\x1f/\xf2\xa2\xa9O\xc6\x00H\
\xfep\x97e\xa1C$[\xb6\xfad\x0c\x06y#K\
\x06\x88\xf2\x5c\x05w\xc5c\xb2\x8ch\xe8\x97\xe1x<\
\x1e\x8f\xc7S\x11\xdf\x03D\xd1\xd0\x81\xbe\xca\xf7\x7f\x00\
\x00\x00\x00IEND\xaeB`\x82\
\x00\x00\x0b\x08\
\x89\
PNG\x0d\x0a\x1a\x0a\x00\x00\x00\x0dIHDR\x00\
\x00\x00d\x00\x00\x00d\x08\x06\x00\x00\x00p\xe2\x95T\
\x00\x00\x0a\xcfIDATx^\xed][\x88&G\
\x15\x9e\xf1~}\xf0\xfe\xa2\xe2]#*\x0a\xde\x1e\xbc\
\x0c\xe8\xae\x19\xa7\xab\xab\xeb\x1f~\xa2\x0f\xb2#\x81}\
\xf3\x96\xc4\xc4\x98\x10\x96\xe8C\x1c\x8d\xa8\xa8$Qq\
u\xdc\x15\x93\x07\xc5%A\xd1M|\x10\xc5\xcb\xc6\xa0\
\x11t\xbd\x82\xa2\xc6\xcd\xae\x9a\x9b\xbb\xc6\xccz\xbe\xbe\
\x0c5_WwWu\xd7\x0fB\xea\x83\x8f\x90\x9dS\
\xe7\xd4\xa9\xd3]\xd5}\xeat\xfdKK\x09\x09\x09\x09\
\x09\x09\x09\x09\x09\x09\x09\x09\xff\xc78p\xe0\xc0CL\
\x9e\x9f[\xe4\xf9\xc7\xe4\xbf\x87\x85\xd7\x07\xf2\xa0\xb4\xbd\
t]\xa9\x17\xb1\xee>\xcc\x94z\xadQ\xea\xc3\xd2~\
\xcb\xa1s\x88[h\xab\xb5~\x0d\xeb\xed\x831\xe6\x1c\
\xb1\xfbA\xf4\xd9\xa1s\x88\x871F\xebZ\xbf\x05c\
\xc6\xba\xa3@\x1cz\xb1\x18\xfa\x99\xf0\xecT\x16J=\
 \x83\xf4\xb9\xf9|\xfeh\xb6c#\xcf\xf3\xa7\x89c\
\xdf\xe2\xf6\x13x\x93\x0c\xf4S\xd9\x8e\x0d\xf4\xc9d\xd9\
\x17\xca>\xb6\xdb\x07S\xf4\xdc\x8a\xe0\xb2\x9dI(\x83\
\xa1\xd4?\xd8\xd8T\xca`\x1f\xdd\xbf\x7f\xff\xc3\xd9\x1e\
\xa0\x94z\xf2,\xcf\x7f\xc3m\xa6Rl\x1e\x97A\x7f\
\x22\xdb\x03\xd0\x17\x09\xc6\xcd\xdc&\x02O\x85\xce\x0a\x9d\
\xc0-'N\xdc\xe60\x12\x85\x98\xc2\xd8&\xa0\xb3\xec\
\xab,\x1b\x91[l\x0f\x90\xbe\x5c\xee\x90\x8dB\xd1}\
,\xca\xf4%\xca\xcee\xe5\x96\x91\xe3\xf2\xdf\xab\x8d\xd6\
W\xf9P\xae\xf8\xcf\x16Y\xf6O\xd2sbee\xe5\
a\xb6\xcdy\x96=S\xfe}\x9b\xed\x956\x95\xba\xa3\
\xd0\xfaS\xac\xbb\x93Y\xf6\x09\xe9\xe7\x9fH\xc7\x03\xb3\
\xd9\xec\xe9\xb6M\xf4A\xfe\xfd$\xdb\xaby\xaf\xf0\xba\
\x96\xee\x0e\x96kl\x96\xfd\x9c\xf5\x88\xef{m\x9b\xa3\
P/\xe0\xdc\xc1\xb32(\x7f\x94[\xffq,?\x84\
\xf5<\x7f\x05\xcf\xcf\xb2x\xbe\xca\x96\x11\xa7\xde\xc9\xf6\
J\x9bJ\xdd'S\xd9\xb3mY\x1f`\xdd\x90\xf6\xa7\
H\xd7\x86-S\x14\xc5\xab\xd9\xde\x8el\x96\xbd\xc9\x96\
\xf5\x81\x8c\xcd#d\x8c~A\xba6Y.\x18\xa6z\
\x9aju\x12\x0b\x1f\xcb\xfaB\x82\xfc\xbb]\x0e+U\
\xd8\x7f\x97\x80\x5c\xd6\xb2'\xd4y\xfeC[.\x04\xd2\
\xfe\xc8.}b\xc3\xfe;\xfa\xc0\xf6J*u\x97\xfc\
y\xd9\x96\xf5Ey\xc7\xec\xd6w\x98e\x82a\xaa\xc7\
\xb8VGep>\xcd\xb2\xbe\x90\xf6\xb7\x93\xbe\xb9\xfd\
w\x99\xda\x0e\xb0\xbd\x92J\xddb\xcb\x85\x80\xfd\x80\x0d\
\xfa\xfb\xbce//\xa7\xe5\xbf\xdbr!p\xf8q=\
\xcb\x04\x83\x1di\x98\x022\x0c\x87\x1f) \x0d\xd8\x8f\
\x14\x10\x0b&\x05d<\xd8\x91\x86) \xc3p\xf8\x91\
\x02\xd2\x80\xfdH\x01\xb1`R@\xc6\x83\x1di\x98\x02\
2\x0c\x87\x1f) \x0d\xd8\x8f\x14\x10\x0b&\x05d<\
\xd8\x91\x1d\x87\xb4\xfe:\xcb\xfa`>\x9f?\xd4\x91\xc4\
\xf3\x0a\x08\x92\x99\xb6\x5c\x08\x8c\xd6?\xd8\xd5\x7f\xcf\x80\
\x08\xefWJ=\xc6\x96\xf5\x05\xf6|H\xd7\xe2\x02\x82\
\x8e\xca\xc0\xae/\x05\xe4yVWW\x1f)\x03\xf3Q\
\x87.\xaf\x80\x94\xd4\xfa\x03\x9c\x1d\xeeC}\x01\xecg\
=\x01\x01\x81\xec\xe7C\x83\x82\xcc.\x92\xa1\xa4+J\
@\x0er\x07\x89HM#\x93:H\xe9\xe0\x19G{\
$\x17W\xc9\xe6\xfbY\x86x\xba\xd19D\x99Z\xff\
\xedh\x8f\xe9\xef\x22\xdb\xe6\xba\xd6om\xc9\xec\xe6\xfd\
\xb6\xde>J\x00\xefq\xb4\xc7\xac\xf2E\xdb\xe6(\xd4\
\xfb\xca-\xe519[[{\x8emS\x06K\xb3L\
lj\xad\x95m3\xcf\xf3\xe7\xb1Lt\xca\xddm\xdb\
\x1c\x05l=\xf2\xfeEL\xca\xbap\x8cm\xee\xdd\xbb\
\xf7\xb1\x8b\xd82\xb6x\xca5\x05\x99H5\x03.\xca\
\x18\xfe\xd7\x18\xf3\x02\xb69\x0a\x8e\xc5)\x0a\xcb\x9d;\
\xad\xdf\xcc\xf6\x00\xb93\xdf\xcb\xf2\xb1(\xba\xdf\xc5\xf6\
\x00T\x89\x98\x8e\x9d\xca\xc9T\xea\x1a\xb67\x1a\xa8\xc4\
\x90+\xf9h\xcb\xc8\x04\x96\xc1\x90Ag[\x16\x96\x0d\
\xb6M\x1dm'\xb1\x1a\x98\xce\x07\x11\x91\xb9\xc0D\x0e\
\x8a,\xf0\xdf\xd9XYy\x14\xdb\x9a\x04TdHP\
.\x15\x03'\xd8`(1Mu\xdd\x19\x0c\x91\xdf'\
\x83\xf8\x07\xd6\x11JYh\x7f/\x17\xc0;X\xbf\x0b\
\x22\xbf\xa7@\xf9\x8eCO OH\xdf/\x09y*\
\x0c\x06\x1e#\xb1\x07^oy\xe2Q\xd1\x9b2(k\
c\xf6\xc4\x05\xcb\xb2\x08\xbf\x14\x0b1\xeb\x1cb\xd9f\
m\xed%\xac\xd0\x07x\xd8@\x9fY\xe7\x1016\x18\
#\x8c\x15\xebLHHHx0\xa3,bC\xdd\x94\
,V\xa1\x94\xf9\xf8B\xcc\xafx\xcf`\xbd}@Y\
\xa9\xb4{\xbb<\x0c\x5c\xcc:\x87\x886h+\xef\x00\
Ob\xbd}@\x1f\xcb\xb5@\xfa\xcc:}(m7\
0V\xac7\x1a0(uy\xe7\xf4GBy\xe9\xab\
\x1fy;\x1f?\x812\xf7\x95\xe7Ww\xa5\x5c\x02y\
\x1ay4\xe8d;\x04<n_\x80>:t\x04\x11\
\x8f\xf6\xc2C]\xb5\xc4\xa3\x81*\xf4\xd9\x02\x0a\x9f\x85\
\xd7\xb1\xad\x06u0\xbe\xe7h3\x8dYv3\xaa\x0a\
\xd9^\x03$\x12[m&\x12Y\xea\xf9\xea\xeaS\xd8\
\xd6h\x14q?\x09`\xeec{\x80A\xcdp[6\
\x167\xd9\x1e W\xf3\xf9\x0e\xd9(\x14\xdd7\xb2\xbd\
Q(?\x96q\x18\xa8\xf9/\x182U\x8a~\x98J\
\xdd\x82\xdb\xd8\xd6\x81\x17\xb6%\x9a\xba0=\x9a*\xa3\
\xcb\xf6\xf0\xd6\xfb\x1f\xbc\xf9\xb6tw\x10\x17S\xd1N\
\x83\x9fvL#\xcb\xa8W&\xb9\x86\xdb:\xcf\xbf\xcf\
\xba\xbb(c\xf6\xcd\xa2\xbd\xe7s\x16\xf5\xc3d3\x1c\
\xa6\xfar\x89;\x88\x88\x9f\x14\x03\xcfb\xf9!\x18G\
&\x17/}\xb6L\xb9\x08;l\x1a\xa4\xc0\xb3\xecu\
\xb6\xac\x0f\xd6\xf3\xfce\x1c\x94\x99\xd6\xe7\xb1\x8c\xc3^\
\xe3\xeb\xf9\xb6\xac\x0fP\xe0]p\xd5}\x9e_\xc9r\
\xc10\xd5gd\xedNj\xfde\x96\xf5\x05w\x94S\
\xe1HS\xb3\xbd\xda\xa1Vf\xd8\x17\xa2\xf3\xdb\xbb\xf4\
Q*\x5c\xee\xd4\x9c\xed\xd5\xbcw\xecw\x1dr\xf1}\
\x9ct9\xbfK\x09\x82\xa9nC\xeed\xdaS\xf7\x80\
\xc3\x8f(;\x86) #\xe1\xf0#\x05\xa4\x01\xfb\x91\
\x02b\xc1\xa4\x80\x8c\x07;\xd20\x05d\x18\x0e?R\
@\x1a\xb0\x1f) \x16L\x0a\xc8x\xb0#\x0dS@\
\x86\xe1\xf0#\x05\xa4\x01\xfb\x91\x02b\xc1\xa4\x80\x8c\x07\
;\xb2\xd3Q\xa5\x0e\xb1\xac/\x8a,\xfb\x0b\xe9\xf3\x0a\
\x88\x0c\xcem\xb6\x5c\x08\x8c\xd6\xdf\xb5u\xf9\x06\x04\xa5\
\xa8c\xabF\xb4R\x9f$}\x0b\x0d\xc8\xddH\xc8\xb1\
\xfc\x10:R\xdc^\x01\x11n\xcb\xdfr[\xd6\x07\xd2\
\xe6\x0d\xc8\x12\xdb\xba|\x03RrD\x09hQ\x14\xcf\
5\xed\x92\xa9(\x01q&\x17\xc1r'O\xa9\x1f!\
\x1d\xeeC\x91\xfd%\xeb\x00}\x93\x8b5\xb7q\xa7\xb0\
\xee.\x8a\xcd\x9fr\xca\xbf$\x0dr]b\xc4\xb6v\
(6\x8f\xb3\xee.\xe2\xd3\x87\x8e\x22\xef\xe9\xc9E\xb9\
\x92>\xe4P\x1c\x97T7\xd5\x93~\x8f\xc6\x90\xf4{\
,FI\xbf\xe3$6V\x1c\x933\xc7\x06\x15\x0a\x12\
L\xc7\x06U\x0c\xe2\xeaumP\x99\x08\x15\x92}\xe4\
CvF\xc3\xe0$6\x87\x81\x18\xec*\xef\xec\xf8\xb0\
'\x0e\xb5\xbe\x8a\xed\x01rgn\xb4d\xe3\xf1\x08\xdb\
\x1b\x8dz\xf7\x0bgc\xb1\x91i\xec\xa9\x08/\x8b\x1c\
\x16q\xba\x9b<m\x0d\x149\x5c\xdbj3\x9d\xbf\xc6\
\xb64\xdb\x9a\x04\xdc\xe2\xa2x\xcb\xb9@\x86\xf3T\xfd\
I\x80O\x19\xd0\xa6\x890}\x95\x8b\xac\xdc\x19}\xc1\
\xa8\xb1,\x17\xdf{L\xf55TKO\x081V\xd8\
Y][[{\x02\x1b\x89\x06YS\x9eaP\x91\xae\
\xf5\x15p0\x84r\xf5]\x88\xc7V\xd7\xc72}\xa8\
/\x86\xb7\x15\xa8\xbew\xe8\xed#\xda`\x01w\xac\x19\
\xbd@\x1f\x0d\xf6\xff\x95\xba\x88uz\xf0\x0a\x8c\x11\x9f\
Z\x97\x90\x90\x90\xf0`\x07\xf2:x7\x91y\xd9\x98\
*\xdd\xe0MY?\xd6\xf0\xb5+\xeb\xf4\xc02^\xdc\
\xb0\xfe\xb0\xce!\xa2M\x9d\xe2\xe9}\x80p\x01}E\
\x9fY\xe7\x1016(\x8a\x1b\x9b\x03\xf3By\xcaf\
\x9e_\xee\xaa\xc8\x0b%R\x1f\xf8\xc0\x92m\xb8\x80\xdc\
WOE\xa17\xa1\x03\xef\x19\xac\xdf\x05S\x1d\xa7>\
\xfd\xacb\xa5\xee\xc4g\xe5]\x87E\x8f\x06>\xfa\x5c\
\xc0;\xc1\xb6<\x8d\xbc\x8fmYX\x9e-\xa0\xf0\xd9\
T\x05\xde\x9dw\x0b\x9e\x04M\x8c\x0a\x7f\x8b\x12\xdc\xa3\
\x18C\xb65\x1a8\x12\x96\x8d\xc4`\xfdN\xb3\x87\xed\
\x01\xa6\xfa\x1a\xb6\xd5&\x0a\xb5~7\xdb\x03Luh\
t\xd4`4\xc4\x0b'\xdb\x1b\x85\x81\x83\x03\xb6%X\
\xbfEF\xd5\x87\xa2\xe7\x0e\xd6!\xffv+\xdb\xf48\
8\xe0\xcf\xac\xbb\x8b\x1d\xd3\x9d\xf3\xe0\x80\xbei\xaa\x9c\
\xaa\x1d\xfa],3\xc34f\xf8\x7fY\x93^\xc86\
\x83\xd1u\xb4\x06\xde|eq\x7f=\xcb\x0f\x00o\xc1\
\x17\xb3.\xec\x1d\xd8BE\xd7\xa1\xc6\x95c\x1b\xb6\xac\
\x0fd\x904\x0f\x10\xef\xab\xacg\xd9\xf3\xd9\x96%\xfb\
\x91\xd0\xfa^\xf1\xe9\xe5\x05\x1d\xab\x8e\x97T\x96\x0b\x86\
\xe9>|\xe6k,\xeb\x89e\xbeS\x0a\xff\xc3gn\
\xb7\xe5B`\xf8\xe3\x1f\xcf\xc3g\xa4og<\xd2-\
N\xc8\xdd\xf9\x19[W\x94\xc3gL\xc7\x8ea\xdaS\
\x1f\x86\xc3\x8f(;\x86) #\xe1\xf0#\x05\xa4\x01\
\xfb\x91\x02b\xc1\xa4\x80\x8c\x07;\xd20\x05d\x18\x0e\
?R@\x1a\xb0\x1f) \x16L\x0a\xc8x\xb0#\x0d\
S@\x86\xe1\xf0#\x05\xa4\x01\xfb\x91\x02b\xc1\xa4\x80\
\x8c\x07;\xb2\xe3\xd0\x844\x80#\xe1\xe7\x15\x10\x19\x9c\
\x1f\xdbr!0T[\xe6\x1b\x10\x91\xbbg\xa9']\
\xdf\x07\xd3\xae-[\x5c@\xe4\x0e\xf9\xeb\x98\x03U\xe4\
*\x7f\xa3i\xa7\xb8\xfd\x02\xa2\xd4\x991\x05\xde8V\
P\xec\xdee\xeb\xf2\x0dHm\x17'x\x07!\xcf\xf3\
\xc7\xcf\xda\x07\xf6D\x09\x88\xfbg\xf3*\xfeM\xf8%\
1|\xad\x0fE\xf6\x06\xe3\xa8\xb1Bvw\x97\xcd\x8e\
\x9f\xcd\xabe\xef\xc61Q\xac\xbb\x8br\xe1|\xc5\xb8\
j\xac|\x7f6\xaf\x22N\xb5\xfe\x06\xeb\xee\xa4\xcc\x1e\
\x05\x9dVQs\xfa\xcf\xe6\x15\x1d?,\x19\x93r\xd5\
\xbf\xd2\xb6i:~X22\xf7\xd96\xfb~X2\
\x227m\x9b\xa3P\x1f.\xcc\x8ac\xd2\xf9\xd3\xab\xbc\
\x7f\x11\x93\xd0\xcdEl\xe8\x83Lkw\xb2ld:\
wG\x83P\xfe8q\x9c3l\xddT\xea\x12\xb6\x09\
\x88\xcdC-\xd9H\xec:8\xa7k3.\x06\xc5\x9f\
\x9f,\x8d|8h\x01\xbf\x07n\x5c\xf3\xf0D\xe2\xe3\
\x16\xbe;\x1a\xa0\xf4\x13[\xa1\xdcf2\x95\xfaUW\
\xadm}Xt\xd4\x13\xbcA\x09\xc6\xc9(\xdb\xb76\
\xca\xbd\xf5<?\xc6\xc6\xc6\xb0\x9c\x8e\x94\xbaf\xe8\xf8\
m<\xc5\x15\xd5\x01i-\x1d#yd\xa8\x0a\x1d}\
\xc2\xc2\x1ck\xca\xc4\x9d\x11=\x18\x0d0}\x89\x91=\
\xf5\xf35\x9e\xbe\xf0H\x1c\xc2\x83\x98\xa2B;\x88\x05\
W.\x86+M\xf5y\x1d\xeb\x1c\xe2\x16\xda\x86~,\
\x83>\x9a\xea\xd3\xba\x83\x0e\x9dC\xc4\xd8l\x9aj\xcd\
\x883M%$$$$$$$$$$$,\
\x08\xff\x03\xa2\x97\x02\xe5\xa7\x9a\x8b\xd3\x00\x00\x00\x00I\
END\xaeB`\x82\
\x00\x00\x067\
\x89\
PNG\x0d\x0a\x1a\x0a\x00\x00\x00\x0dIHDR\x00\
\x00\x00d\x00\x00\x00d\x08\x06\x00\x00\x00p\xe2\x95T\
\x00\x00\x05\xfeIDATx^\xed\x9d\xcb\x8b\x1cU\
\x14\xc6'*\x8aOT|#\xa2\xfe\x19\x8a8\x9b\x0c\
\xd3\xe9\xbau\xbbJK\x82Yd\xe3\xc6\x85\xae\x0cj\
\x14\x19P|\xa0\x1b\x157*\xba\xd1H\x14\xc1\xe7_\
\x10\x18!\xf8\x8aF\x04\xf1\x11\x13Tp\x177\x22h\
\xf4;e\xf5P}\xfavwu\xd7\xeb\xdc\xaa\xf3\x83\
\x8fN\xa6\xaa\xba\xef\xb9_\x9f\xbaUu\x1f\xbd\xb6\xa6\
(\x8a\xa2(\x8a\xa2(\x8a\xa2t\x82$I\xce\x8f\x8c\
y\xc0\x06\xc1[q\x18>\x1e\x86\xe1\xd5|\x1f\xa5!\
\xa2(\xba*\x0a\xc3c\xd0\xbf;2\xe6d2\x18\x5c\
\xc9\xf7Uj&3\xe3\xf8\x84\x19\x99(S\xf8\xfeJ\
\x8d\xcc3\x83D\xa7/~\x8cR\x13\x8b\xcc\xc8t\x80\
\x1f\xa7\xd4\x005\xd8\x05\xcc8f\x8c\xb9\x80\x1f\xabT\
\x0ce\xc6\xc8\xda\xaf\x1d\x06\xec\xc8\x86\xe1\xb7q\x1c_\
\xcb\x8f\xed%\xc9\x9e=\xd7\xa0R\xf6E\xd6>;2\
\xe6\xe3Q\x18~\x06\xfd\x90\xe9;\xfc}\x1b\xdb\x0f\xe3\
\xf51\xbcnnll\x5c\xc8\xdfc\x16\x053\xe38\
\x99\xc6\x8f\xed\x15\xc3\xe1\xf0\xb2\xd8\x98\xfbp\xa9\xf9)\
*\xe4\x8c\xa3\x92f\x0a\xa6\xfd\x85\xc6\xf7#\xfc{\xdf\
`08\x8f\xbf\xf7\x185\xa3\x00\xb8\x19\xbb\x1c\xdf\xf4\
\xa7a\xc4\x1f\x8e\xcaYZ8\xd5\xfc\x86\xf7z\x90\x9f\
\xfb\xd5\x8c\x02\xa0\x02\xf6\xe3\x14\xf4\xbb\xa3bJ\x0b\xef\
{\x0a\x99s\x17}NQ3z{g\x8e\xd3\xca%\
\x11\xb5\x01\xd3\x95R\x87\xdeF\xc6|\xe3\xf8{^\xfd\
5\x83\x1al|{\xbftTJ+\xea\xf5\xd5\x14\xce\
\xeb7\xc5a\xf8#\xaf\x94\x16\xd5\xe3\xcc\x08\x82\x1b$\
\x99\xd1\xeb\xccP3\x1af}}\xfd\x1c\xfe\xb71t\
\x9a\xc2]\xf1\x09^)-\xeb0/g'\x88\xad\xbd\
\x1bW0?Q\x90\xd4P[ko\xcbo\x1f\x8dF\
7\x0a4#\x15\xca~g\xbe\xac\xde\x03#n\xc7u\
\xfe?\xf9 q*\xf8\x13\xaf\x9b\xb4]\xb2\x19$|\
\x81~\xa6\x1eB\x1e\x97\xb7\xe0\x1b\xf6:\x0f\x92D\xa6\
`\xdb=\x92\xcd\xc8\xa9;\x8f\xd6\xa9\xe3\xc6\x11\xa0_\
2\xe6\x17d\xc9\xb9<6/\xa1s\xf0T\x80~j\
/\x8f\xcd[pZz\xc1\x11\xa0W\x8a\x8d\xf9\x80\xc7\
\xe53\xbb`\xcaK<H\x9fD\x8f\xee\xf9\x93a\xdf\
!S|\xcf\x94\xdd<(\x91\xe0\xbe\xe2\x164|\xaf\
\xe0.\xfbU\xbc\x06|{\x0e\xbf3\xc5\xdaGx@\
\xe2@*\xdf\x01\xfd\x9d/\xb85\xe6yl\xda\xc5\xf7\
\xcd\xf0\xd6\x14\xc4\xf9&\x0fF\x1ci\xdf\xb5\xab\xf0\xa8\
\xf4\xb5\xee\x99r\x84\x07\x22\x8a\xad\xad\xad\xb3\xa29\xfd\
\xda]3\x85\x1e6\xf2 \xc4\x814\xfe\x9c\x17<\xaf\
.\x99B\xa3Yx\x00\xe2@C~k\xf6lj*\
\x80\x9d@\xbabJ\x10|\xcf\x0b/\x92Q\x10l,\
2\x05zym\xbe)\xe2/\x89\x91!Gy\xc1\xc5\
B\x0f\x0ay\x00\x5c\x1d\xc8\x94\xf7x\xa1E\xb2dO\
\x9f\xb7\x99\x82\x18\x9f\xe4\x05\x16\xc7*\xfd\x19\xbef\xca\
x\xfc\x96X\x96\xcc\x0c.\xaf2%\xedd\x93<Z\
\xb1\x8a>p\xaf2\xc5\xdam^@1\x94\xcc\x0c.\
/2\x05WX\xf7\xf2\xc2\x89\xa0\x8a\xcc\xe0\xf2 S\
N\xa3\xad\xbc\x94\x17\xacu\xc20\xbc\xae\xc2\xcc\x98\x90\
hS\x8cy\x82\x17\xa8u\xd2\x81\xcfA\xf0\xd5Ta\
+\x94DSh\xda\x82\xc8\xec\x88\x1a\x1a\x85.\xcd\x14\
\x1aS\xc6\x0b\xd1:(\xd8~^\xd0:%\xc5\x14d\
\xc7\x1b\xfc\xc3[\x87f.\xd55Yf\x9e\xda6\x85\
FX\x22\xf6\x8b\xf8\x07\xb7N:\x8d\xccQ\xe0&\xd4\
\x96)t\xe1\x22r\x90u:\xaf\xaf\xa29}\xab\xaa\
iS\xf0~'\xe8\xd2\x9e\x7f\x90\x08\x90\x1d\xf7\xf3\x02\
\xb7\xa4Fn\x1ei\x1co<\x1c\xde\xcc?@\x0c\xd9\
\xd4\xe3\xa9\x82\xb7\xa1\xba3Etf\x10\xd9\xa4\xfc\x99\
\xfd\xe5-\xa9\x96L\x11\x9f\x19D:\xa7\xc3Q\xf8\xb6\
Uu\xa6PfP\x17\x02\x7f#q\xe0[\xf3\x1c/\
\xbc U\x92)^d\xc6\x98l\x09\x8a\xa9 \xa4\xa8\
\x8aL\xa1ng~\xa0X\x16\x0d\xef\x11\xa2R\x99\x92\
\xae}b\xad\xe1\x07\x8a\x84\xc6 \xf1\x00$\xaal\xa6\
\xd0h\x19>\xe7Q$\xd4\xd8\xf1\xc2KUYS\xe8\
1\x09?H\x1c\xb3\xc6\xecJUIS\xce$Ir\
6?H\x14H\xe5O\x1c\x05\x17\xadUM\xa1gW\
|gqD\x0d\xf5\x7fT\xad\x02\xa6L4\xf4\xd9\x94\
m\xf9\xf3\x07\xb3e\xf1\xa6\x02\xf6A\x0bLI'\xa2\
\xd2\x5c\x8f\xc8\x98\xd7\xbch\xd0\x09\x04\xb6\xc9\x03\xf5L\
\xf3.\x89\xfd\x83\x16\x8c\xa4\xebtG\xa0\xdehQ\xa6\
x\x87\xf4\xbb\xf5\x22B\x83\xfd\x22\x8f\xcb[\x22Z\x82\
\xd5\x11\xa4o\xea\xcc\x022\xb4\x94j\xbaz\xa7#H\
\xcft\x88\xc7\xe6-\xb8\xdaz\xc8\x11\xa0(\xd1S\x05\
zP8s\xd2\x10\xae\xa6x\x5c\xdeB\xab\x17\xe0\xae\
\xfd\xd4T\x90BDf\x8c\xfb3\xf0\xffMn\x0a\xdd\
gxsi[\x14\x9a\x17\xc1+B\x82\xf2f\x8c\xa1\
\xca\xc7\xb6/h{6\xecU\xfeM\xdf*D\xb4\xae\
\xad\xa3R\xda\x12\x991\xaf\x0f\x5c\xfc\xb3\xa92\x14\xf9\
\x95\x80&\xe5UO_\xd5\xa8\x19\x82(\xb8\x16zc\
\xa26a\xdei\xaa\xd3\x88\xcb\x0c\x94%\x8e\xe3\xeby\
9{A\xa1\xcc\xf8\x7f\xe1\xfaF\x1az\x1a\x85.r\
\xe0s\x13\x142#\xb7\x16z\xba\xa6\xa21'\x1d\xfb\
\x94\x16=%\x109?\xa3)\x0a\xfe\x1a\xd9\xd4\xc2\xf4\
\xe9/_\x86\xe1\x01Z\xbd\xd3\xb1\xff*:M\xbf\x0b\
(r\xe6RS\xacjF\x1eZJ\x15\xfb\xec\x85>\
\x5c\xf6\xd1}\xdasg\xed6\xcdv\xed\xb5\x11D\x15\
fp\xe8\x91\x0b\x8e\xd9\x1d\x1bs\x10\xaf\x87\xa0#\xb4\
\xde\x14\x0d/\xcat4\x0a\x82\xf7\x91UOa[\x82\
\xfd\xaf\xe0\xef\xd1K\x8a\x5cMQE\x8a\x9c\xc0\xd25\
\xf0\x8d\xbf\xb8\xc0\xcc\xda\xa52C)\x01N\x1b\x8f:\
\x0c\x980C\xf4\xfa\x1e]\x03\x15\xfe\xae\xc3\x045\xa3\
-pi\xf9\x8c\xc3\x085\xa3-h\xa9\x8cQ\x10\xfc\
:a\x06\xb5)jF{d\xeb\x97P\xa6\xbc\x836\
\xe5\xe1\xde>\xa2P\x14EQ\x14EQ\x14E\xe9 \
\xff\x01;\xdb\x16\xd24|m\x5c\x00\x00\x00\x00IE\
ND\xaeB`\x82\
\x00\x00\x05\x87\
\x89\
PNG\x0d\x0a\x1a\x0a\x00\x00\x00\x0dIHDR\x00\
\x00\x00d\x00\x00\x00d\x08\x06\x00\x00\x00p\xe2\x95T\
\x00\x00\x05NIDATx^\xed\x9d9\x88$U\
\x18\xc7g\x15EET\xd4\xc0[1\x14\x04/\xd4\xc0\
`\xbd\x99\x9ew\xd6Pb\xe8\xc5d\x82\x8bf\x06\x8e\
F\x06fj\xa0\xe8\x82\x08\x06\x9bz\xeb\xc2\x82\xe2\x01\
\xa6F\x8a\x17\x08\x06+\x82\xe8z\xe2\xea\xf7\xed\xf6\xd3\
\xe2_5]5mw\xf5;\xbe?\xfc\x98\x99\xae\xf7\
\xaa\xbez?^uuWu\xcf\xda\x9aD\x22\x91H\
$\x12\x89D\x22\x91d\x92\xba\xaeO\xde\xb4\xf6Ng\
\xcc\x13^\xeb\xfd\xde\x98\x03\xcb\x04\xb7/\x99\xe6\x9e\xbd\
{O!\x01\x8f\x10\xdf\xd3@\xfd=\x16X\x87\x84b\
\x8c\xb9\xc0i\xfd\x09\x0e\xd6\x18`-!\xb4\xecn\xfa\
\xb1\x07\x1f\xcf>Z\xebs\xe9\xf0\xf4\x05\x0e\xd4X`\
=!4S\x0f9k\x9f]+M\x0a\xc9x\x07\x07\
iL\xb0\x9e\x10\x16\xc2\xcb\x8b\x92b\xad\xd58@c\
\x835\x85\x04!S\x9e_+A\x8a\xb7\xf6 \x0e\xd0\
\xd8`M! $\xff\x99\xe2\x9c;\xcb)\xf5\x07\x0e\
\xd0\xd8`]!(\x84\xc9Z\x0a\x1d\xaen\xc0\x1d^\
\x05XWH\x97\x90)y\x1e\xbe*:\xd7\xed\xd8\xd9\
\xd1\xc1\xbaBf\x08\xc9s\xa6\xd0\x8e\xd5\xb8\xa3\xab\x00\
\xeb\x0a\x99%dJ^3\xc5\xa7/\x84\xc9G\x8a\xcf\
C\x08\x93\x87\x14\x9f\x8f\x10&})>/!L\xda\
R|~B\x98t\xa5\xf8<\x850iJ\xf1\xf9\x0a\
a\xd2\x93\xe2\xf3\x16\xc2\xa4%\xc5\xe7/\x84IG\x8a\
/C\x08\x93\x86\x14_\x8e\x10&~)\xbe,!L\
\xdcR|yB\x98x\xa5\xf8H\x84\xf0}`X\x1b\
\x87\x96\xbd\x8am\x17A\xb4o\xdd\xfbH\x84T\x93\xc9\
\xa5X\x1b\xa72\xe6al\xbb(\xa2\x94\xe2#\x11\xb2\
i\xed\x04k\xe3\xf0\xcc\xa1\xe5o`\xfbE\x11\x9d\x14\
\x1f\x89\x10\x9a\x09\xcfam\x8d\xec\xf1J\xddTY\xfb\
\x80\xd3zk\xd1Xk/\xc6\x0d\xae,>\x12!4\
0?\xd5\x93\xc9yX_q\xf1\x91\x08ah\x96\xbc\
\x80\xf5\x15\x17\x1f\x91\x10\x86\x0f!XcQ\xf1\x91\x09\
!\x8e\xd2L\xd9\xc6:\x8b\x89\x8fO\xc8q\xac=\xb8\
i\xccuXo\xf6\xf1\xb1\x0a\xf9\x8fO\x9d1OU\
Z?H\x87\xb3\xbb\xfc\xf1z\x97BUU\x17\xe1\xf8\
\x8c\x9ei18\x08\xa5R\xe3\xf8\x8c\x1e.\xa2\xa3\xb0\
R\x11!\x91!B\x22C\x84D\x86\x08\x89\x0c\x11\x12\
\x19\x22$2DHd\x88\x90\xc8\x10!\x0b\xe0\xfd\xca\
\xda\xdb\xf8m\x0f\xe7\xdcU\xde\xda'\x9d\xd6\xbfw\xb4\
\x1b\x82\x08\xf9_h\xbd\x7f{{\xfb\x04\xdc'\xa7\xd4\
\xads~\xb2\xb8\x0c!\x951_\xd2\xcf\xfb\xf8\xdd[\
\xfa\xfdf\xbe\x10E\x7f\x1f\xc5v\xbb\xe4[\xad\xf5i\
\xb8?!|\xad\xbc\xa3O\x1f\x05\x08\xd1\xfaP\xd7\xc0\
\xd1\xe3\x96\x0e-\x7f\xb5\xda\x0f\x87\xef\xad\xda1<K\
:\xfa\xf4\x91\xbd\x90#\xb5R\x17\xe26Ch\xa6<\
\xdd\xd1\xa7\x1f\xad\xbf\xda\xe9\xb6\xa1\x10z>\xb9\xb6\xd5\
\xaf\x9f\xbc\x85X\xa5^\xc3\xed53\xd7\x97\x16\x0c\x90\
\xc1\xa1\xd9w\x7f\xabo?Y\x0b\xf9\xb1\xd2\xfaF\xdc\
^3u]\x9fH\xed^\xe9\xe8\xdb\xcd@\x19\xb4\xde\
\xd3\xb9m\xab\x7f?\xd9\x0a\xe9\x95\x112X\x0a\x0d0\
\x1d\x86.\xc3\xfe\x18\xbe\xc7\x8a\xda\xbf\xd7\xea?\x8c,\
\x85\x0c\x96\x11\xd2+e\x80\x0c\xde\xa65\xe6M\xe2\xd7\
V\xff\xe1d'd\xd72B\xa6R^\xc6u:c\
\xbe\xa966.\xc7\xf6\xcdL\x9f\xc0\x7f\xc0\xbes\x90\
\x95\x90^\x194\xe8g\xe2c\xcd\xb4f\xca\xc0\x99\xc1\
\xdb\xee\xa8g\x1e\xb2\x11\xd2/C\xa9K\xf8;\x1d\x89\
\xc7pY3a\xa6\x8c<3\x02i\x0b\xa1S\xcb_\
\xf8\xd4\xb6O\x06\x9f\x195\xcfz\x86H\xa9\xaa\xea|\
|\xbc\x99\x05\xcf\x8c@\xc2B\xe8\x15\xf8\xac\x17}!\
(#\xd0'eV\x96$\x83IS\x88\xb3\xf6k>\
\xd7\xc7ua\xc2a\x0a\xfb\xff\xbb\x9e9\xa4,\xe10\
\xd5$M!\xde\xda{q=\x98\x9df\x06\xb2\x1b)\
K\x9c\x19\x814\x85TJ]\x83\xebif\xa8\x8c\xc0\
\x10)#\xc8`\xd2\x14B\x83}\x0b\xae\xa7\x99\xe9\xdb\
\xeb\xed~3\xe8{>\xa2\x17|\x1fa\x9f%\x90\xa6\
\x10\x1a\x9cgp=!\xfc\xdcB\xcb\xbf\xc3>\xbdX\
\xbb\x0f\xd7\x15\xc2\xa7\xbf\xd4\xe6\xcfV\x9f\xc5\x93\xa6\x10\
\xbe\x1a\xc7\xd7\x1bp]|\xf5\x8e\x96\xbf\x84\xed\x87@\
\xb3\xeagk\xed\x95\xb8N\x12|*\x1d\x22?\xc0\xf6\
K\x22M!S~\xe3\xeb\xd7\x9b\xc6\x5c}\xecz\xb6\
Rw\xd0\xdf\x1fv\xb4\xdb\x0dGh\x1d\x8f\x92\x98+\
\xf8MB\xfe\xf8\x01=\xbf|\xd6\xd1nY$-$\
GDHd\x88\x90\xc8\x10!\x91!B\x22C\x84D\
\x86\x08\x89\x0c\x11\x12\x19\x22$2V/$\x96\x7f\xe8\
\x12\x03<\x168>\xa3\xc79w=\x16V*Q|\
\x95\x07\xdf\x092\xe7\xad\xfbY\xc1\x9f)Y__?\
\x03\xc7g%!!\xefb\x81\xc5a\xed\xdb8.+\
\x0b\x1d;7Z\x05\x16\x06\xffgl\x1c\x97\x95\xc6\x19\
\xf3\x16\x16Y\x0at\xb8z\x1d\xc7c\xe5\xf1\xde\x9fC\
3\xe5s,6wx\x9f\xe9y\xf4l\x1c\x8f(\xc2\
7\xa7UJ}\x8cE\xe7\x0a_\xa7\xef\xbb!o\xe5\
9\xf6=\xb9\xd6\xee\xa3\x82\x0f\xe3\x0ed\xc4\xe1J\xeb\
\x87x_q\xff\xa3\xcd\xd6\xd6\xd6IT\xf8\xed^\xeb\
\xc7\xbdR/\xd2\xef\x07\x92\x86\xf6\x81\xbf\xcb\x91?B\
\xcd\xfb\x86\xfb+\x91H$\x12\x89D\x22\x91H$\xa9\
\xe6\x1f\x963\xa0u\x88a\x03e\x00\x00\x00\x00IE\
ND\xaeB`\x82\
\x00\x00\x05\x9e\
\x89\
PNG\x0d\x0a\x1a\x0a\x00\x00\x00\x0dIHDR\x00\
\x00\x00d\x00\x00\x00d\x08\x06\x00\x00\x00p\xe2\x95T\
\x00\x00\x05eIDATx^\xed\x9dK\x88\xe4T\
\x14\x86k\x04u\xe7k\x10D\x14AQ\xc4\x8d\x1b\x1f\
 .|KU\xddGn\x9a\x88\xe8V\xdb\x85\xf8\x00\
\x1d\x19]H\xebN\x14W*\xcc\x80.\x14\x173\x1b\
\x17\x8a0\x083\xe8\xa80\xb8nEq\xa7+\x1f \
>\x16>\x18='S\x91\xdb\x7f2\xa9\xee\xe9\xee\xe4\
\xe4\xe6\xfc\xf0QE\xddsS7\xf7\xabT\xba\xaa\x92\
\xf4d\xa2\xd1h4\x1a\x8dF\xa3\xd1h4\x89\xa4(\
\x8as2c\xee\xc9\x9c{1X\xfbVp\xee\xf0n\
\x82\xcf\xafYd:\x9d\x9e\x9b;\xf7\x14I\xf8\x89&\
\xea\xdf\xae\xc0qh(\xce\xb9KI\xc4\x09\x9c\xac.\
\xc0\xb1T\xa1\xb6\xfb\xe9f\x0f>\x9e|B\x08{\x83\
1\xdf\xe2Du\x05\x8e\xa7\x0a\xbd@\x8ee\xde\xbf>\
\x19\x9b\x94\xe0\xfd\x11\x9c\xa4.\xc1\xf1Ta!\xdc>\
*)\xde{\x8b\x13\xd458\xa6*\x95\x90\x05\x07'\
c\x90B\x7fM}\x84\x13\xd458\xa6* $\xfd\
-%\xcb\xb2\x0bH\xc8_8A]\x83\xe3\xaa\x82B\
\x98\xa4\xa5\xd0\xdb\xd5\xcd\xb8\xc2}\x80\xe3\xaa\xd2$d\
A\x9ao_\xf4\x99\xc35\xacl\xe7\xe0\xb8\xaa\xb4\x08\
IsK\xa1\x15+pE\xfb\x00\xc7U\xa5M\xc8\x82\
\xb4\xb6\x940|!L:RB\x1aB\x984\xa4\x84\
t\x840\xc3\x97\x12\xd2\x12\xc2\x0c[JHO\x083\
\x5c)!M!\xcc0\xa5\x84t\x850\xc3\x93\x12\xd2\
\x16\xc2\x0cKJH_\x083\x1c)a\x1cB\x98a\
H\x09\xe3\x11\xc2\xc8\x97\x12\xc6%\x84\x91-%\x8cO\
\x08#WJ\x10\x22\x84\x8f\x03\xc3\xb1q\xa8\xed}\xac\
\xdd\x09\xc4~u\x1f\x84\x08\xc9g\xb3+pl\x9c\xf2\
\x18\xb1\x86\xfa\x9d@\xa4\x94 E\x88ss\x1c\x1b\x87\
\xb7\x1cj\xff\x10\xebw\x0aqR\x82\x1c!\x07pl\
Q\xf6\x04cn\xcd\xbd\x7f(\xb3vu\xa7\xf1\xde_\
\x8eO\xd8[\x82\x10!41\xbf\x15\xb3\xd9%8\xbe\
\xd1%\x08\x11Rb\xcc\x9b8\xbe\xd1%H\x12B\xd0\
\xdb\xd2#8\xc6Q%\x08\x13B\x9c\xa4\xfd\xc9\xdaD\
\xd2\x8e\xb6\xcb\x04yBNa\xcc\xd1\xdc\xda\x1bq\xbc\
\xc9'H\x15Ra\xedz\xe6\xdc+$\xe71\xda\xf1\
\xdf\x17N\x8dwW\xc8\xf3\xfc2\x9c\x9f\xce\xb3\x18L\
}\x22\xc6I\x81\xf3\xd3yx\x10\x0d\x03\x1b+*D\
\x18*D\x18*D\x18*D\x18*D\x18*D\x18\
*D\x18*D\x18*D\x18*D\x18*D\x18*\
D\x18\xe9\x08\xc9\xac\xfd9\xf7\xfe\xbd\xcc\xb9'\xe8\xfe\
4X\xfb*\xd6 T\xf7\x05\xd5=M\x98\xc5\xe5=\
\xf6\x95\x8f5\xd46\x91;\xf7;_\xa3%\xb7\xf6\xb9\
\xf29\xbd\xdfO\xb7\x7fb\xdd\x16\x18\xb6\x10\xbe\x02D\
y\x813c\xae_[[;\xaba\xd9\x87\xb0\x0f\xc3\
\x13I\xf2\x1e\xc0\xfa*T\xf3 \xf1\x07\xf6\x8b\xfa\x1f\
 \x81\xb7\xac\xae\xae\x9e]\xeb\xeb\xfd\xf3X\xbf\x05\x86\
-\x84W\x1e\x97\x17\x87\xda\x1f\xc7>,\x91&\xf4v\
\xac\xc5\xd0Vs\x07\xd5\xff\x8d\xfd\x89CX\x1b\x87\x96\
\x7fgC\x9f\xcd2p!\xf4V\x83\xcb\x8bCB\x1e\
\xad\xf5\xf1\xfee\xac;]\x9a\xde\xf6h\x8b|\x06\xeb\
\xe2dYv\x1b\xf6\xd9\x02\xc3\x16B\xef\xd7\xefNZ\
\x0eFh\x10r\x12\x7f&-/~\xe3\xdc\xb3%t\
?n\xe3\x03\xd8\xb8\xcf\x86eX{\x82/C\x18\xd7\
\xc5\x19\xb5\x10\xc6;\xf7)\xdd\x1e\x5c\xdc>\xbca\xd9\
 \x84&\xfd\x9b\xb8\x9d\x93\x1b\xf3YTs\x1c\xdb\x1b\
\xafrg\xed:\xefG\xca\x1d\xbas/\xc5\xf5\xa3\x17\
\xb2\x01\x12\xb0a\xd9\xf5-\xe4\x93\xb8\xbd(\x8a\xf3q\
\x19\xfcX\x5cC\x8f\x1d\xc7\x9a\x18z!\xbc\x16\xd7\xab\
\x90\x98eB\xac=\x16\xb7\x17\xd3\xe9\xc5\xb8\x0c~,\
\xaeYv~\x88\x0aiC\x85l?<\x88\x86\x81\x9d\
\x19*d\xfb\xe1A4\x0c\xec\xccX.\xe4\xe3\xb8\x9d\
\xf6\x17\x17\xe12\xf8\xb1\xb8\x86\xfb`M\x8c\x0aic\
\xb9\x90\xf5\xb8\xbd\xacq\xee\xeb\xaa\x9d&\xf7\xabZ\xbb\
\xb5_\xd6\x9e'B\x85\xb4\xb1L\x08}\xf2\xaem\x01\
!\x5cC\x8f\xbf\x93y\xff\xf6\x8a1WC\xdb^\xee\
S{\x9e\x08\x15\xd2\xc6r!\xcc\xbe\xb8\xa6-\xd4\x7f\
\x7fC\xff\x0d\xa8\x9066!$3\xe6\x97\x15k\xaf\
\x8d\xeb\x9aB\x9f\xd2\xaf\xa3\xb7\xab_\xb1?\xb28G\
\xf0\xff\xa8\x90\x08|\xb5\xd2\xa7\xe87\xb0\x86\xa1O\xec\
\xdf\xb5\x9dj@\x93z\x13\xd5}\x8f\xfd\x1a1\xe6h\
\xdc\xb7\xe9E\xb0\x05\xd2\x12\xc2\xbfE\xf0I\x94\xf9|\
~%\x9f\x09\xd5\xf6\xdb\x04\xb5\xfd\xc3\xfb\x0d>\xfb\x96\
\xebI\xc2U\xfcee\xe0\xfd\x09\xb5a}+\xd6\xbe\
P\xf6w.'~\xac\xb5o\x9e\xb4\x84$\x80\x0a\x11\
\x86\x0a\x11\x86\x0a\x11\x86\x0a\x11\x86\x0a\x11\x86\x0a\x11\x86\
\x0a\x11\x86\x0a\x11F\xffB\xa4\xfcC\x17\x09\xf0\x5c\xe0\
\xfct\x9e\xc5\xf7F\xb5\xc1\x8d\x91\x15\xe7n\xc0\xf9\xe9\
<|\x94\x87\x84\x7f\x0a\xd67\xfc\xbd\xdbt:=\x0f\
\xe7\xa7\x97H\xf8\xb7y\xbd\xe3\xfd\x11\x9c\x97\xde\xb2\xe2\
\xfd\xac6\xc0\x91Asp/\xceK\xaf\x09\xbbx\xa1\
I\xe9xc>\xc0\xf9\xe8=\xfc[7\x1f\xea\x89\x83\
M\x1d^\xe7\xf9|~!\xce\x87\x88\x94\xc7I-9\
\xec&)\xbc\xff\x5c\xfc\x857\xf9:\xb9\xb9\xb5O\x86\
\xed\xfd\xf2&\x1a\xda*~\xe03\xbdNw5m\x91\
\xe1\xb3\x93h\xf0w\xf3\xf5\x0f\xf9j\xa1t\xff\xf0\xa0\
\xa1u\xe0u\xc9\xbd\xbf\xab\xe9\xcc+\x8dF\xa3\xd1h\
4\x1a\x8dF\xa3\x19j\xfe\x03\xb72 q\x87\xaf\x97\
\x95\x00\x00\x00\x00IEND\xaeB`\x82\
\x00\x00\x08\xeb\
\x89\
PNG\x0d\x0a\x1a\x0a\x00\x00\x00\x0dIHDR\x00\
\x00\x00d\x00\x00\x00d\x08\x06\x00\x00\x00p\xe2\x95T\
\x00\x00\x08\xb2IDATx^\xed]i\x88\x1cE\
\x18\x9d\xc5\xfb\xbe\x10T\xe2\x81\xe0\x01\x0a\x22^\x08\x1e\
\xeb\xb5:;]US\xbd\x8c\xb7\xa8 \xabxk\x8c\
\x07\x0a1\x1eH\xc0#\x8a\x1a\x93\x98\x88\x8aQ\xa2\xe6\
GD\xf1\xc2h\xe2\xad$\xe4G\x105\x18%\x8a\xa2\
\xf9a\x22\xf1B\xa3\xdf\xeb\xe9Zj\xbe\xee\x9e\x99\xdd\
\xed\xe9\xe9\xeb\xc1c\x93\xae\xaf\xaa\xbe\xaa\xd7uvu\
O\xa5R\xa2D\x89\x12%J\x94(Q\xa2D\x89\x12\
9A\xa3\xd1\xd8\xba\xee8Cu)\xef\xd2B,\xd0\
R.\xea%y\xfe%|T\xab\xd5m\x5c)\xa7\x92\
\x08\xeb\xa9\xa2\xfeK\x8a\xdc\x8f\x12\x04)\xe5>$\xc4\
'\xbc\xb2\x92 \xf7\xc5\x80\xc2\xce\xa5?\x03\xfcz\xee\
\xa1\xb5\xdeC;\xce\x1a^QI\x91\xfbc@7\xc8\
\xd2\xbaR\x8fU\x8a&\x8aV\xea\x0d^II\x92\xfb\
c\x00A\x10^(Q\x94R\x82WP\xd2\xe4>\x19\
\x18A|\xce\xad\x14A\x14\x9aM\xbd\xc5+(ir\
\x9f\x0c\x98 \xf9o)\xf5z}W\x12\xe4o^A\
I\x93\xfbe\xc0\x05\x01s-\x0auW\xc7\xf1\x02\xf7\
\x83\xdc/\x830A|\xe6\xb3\xfb\xa25\x87\x0c)l\
\xe2\xe4~\x19\xb4\x11$\x9f-\x85\x0a\xd6\xe0\x05\xed\x07\
\xb9_\x06\xed\x04\xf1\x99\xaf\x96\xa2\xb3/\x08\x98\x1fQ\
t>\x04\x01\xf3!\x8a\xce\x8f `\xf6E\xd1\xf9\x12\
\x04\xcc\xb6(:\x7f\x82\x80\xd9\x15E\xe7S\x100\x9b\
\xa2\xe8\xfc\x0a\x02fO\x14\x9doA\xc0l\x89\xa2\xf3\
/\x08\x98\x1dQt1\x04\x01\xb3!\x8a.\x8e `\
\xfaE\xd1\xc5\x12\x04L\xb7(\xbax\x82\x80\xe9\x15E\
\xa7D\x10\x9c\x03\xe3\xbe\x01\x14\xf6\x0a\xb7\x8d\x83\xa9\xdd\
\xba\xd7)\x11\xc4\x1d\x1e\xde\x9f\xfb\x06xg\xc4B\xec\
\xe3`*E\xd1i\x11D\xca\x1a\xf7\x0d@\xcb\xa1\xf0\
\xd7\xb8}\x5cL\x9d(:=\x82\xcc\xe1\xbeY\x18\xd0\
\x8es\x82\xab\xd4eu!F\xe3\xa6Rj_\x9ea\
\xdf\xa0S\x22\x08U\xcco\x8d\xe1\xe1\xbd\xb8\x7f\x85\x83\
N\x89 \x1e\x1dg>\xf7\xafp\xd0i\x12\x84H\xdd\
\xd2\xe5\xdc\xc7BA\xa7L\x10\xe2f\x1aO\xee\xac\xa4\
i\xa0M\x12:}\x824\xe98\xef\xb8B\x1c\xc3\xfd\
\xcd=tZ\x051\x14bu]\xca\xfbI\x9ckh\
\xe0?[7\xfd\xed\x09]\xd7\x9d\xc2\xeb'q\xf8\xce\
\x04+\xa2\x98l\xf0\xfaI\x1cp\x22\xc4\xb1\xa2\xb2\x14\
$e\xec\xbf ~\xbf\xcc\x1d+$Q\x17\xbc~\x12\
\x03\x0d`{\x93\x03/()\xff\xe0\x8e\x15\x95\xa8\x0b\
\xe58\xcf'\xbec \xa5<\xa4\xae\xd4\xb7\xdc\xa1\x92\
>\x85X;\xe28\x07\xf1z\xeb\x15\x06\xa8e\xac\x08\
8Q\xb2\x95B,\xe5\x15\xd7\x13PF'\x072/\
\x19J\xa5\xd4\x89\xbc\xfebG/\x1f\xf8\xe4\x907\xf2\
\xfa\x8b\x1d\xd8'\x0a\xc9\xb8d\x08\xfd=\xb5\xde\x22J\
\x10\x9aa\xbc_\xab\xd5v+\x22Qv^\x1f}\x17\
$\xb1A,\x85\x88:\xd9\x92YA\xbc7y\x85x\
\xc2\xbb\xd3\x9a\xdfJy\xd6U\xeatng\x03\xeb \
\xb2\xbd\x87l\x97\xd1\xdf\xcf=J\xb9\x9c87l0\
\xbddpp[\xed8\xb3\x5c\xc7\xf9X+u{\xa5\
\xcd\xf6\xbc\xff!\x84\xe5\xe4\xc3K\x0d\xc7\xd9\x8f\x87s\
\xe4F\x10\xef\x00\x82\x10\xf3(\xfe\xe6@z\xd2[\xf9\
\xbeZ\xadVw\xe6\xf1\xf0\xd9'\x0a\xdf\xc0\xed\x19\x9f\
\xa6\xf4\xb7\x1b\x8b#\xe5mv8U\xf69v\x9a\x06\
\x10\xc0^\xecR\xbc\xd7\xb9\x0dG^\x04\x19\xa0x\x8b\
\x03\xe9p*\xf5\xe1\xe8\xe8\xe8V&\x12\x16\x5cx~\
\x1e\xb0\x0b!\xf9z\xb7\x89\xe7\x0b\xdf\x92\xae\x09\xb3A\
v\xf7\xb1t\xbe\xe46\x1c\xb4H~\x86\xf2\x9aI\xb6\
\x17\x8c(u&\xa5})\x09\xfe\x14\xfd\xbd\x81\xdb\xc6\
\x8e\xb8\x04!g\xaf\x0d\xa4\x11E\xa5\xae\x1a\x8b\xe78\
\xf3\x03\xe1\xd1|q,\x9e\x94.\x0f\x1f\x91\xf2H\x13\
\x0e\xe0[_\xd4\x22~\xb6m\x94\x10\x0f\xdb6\xa9C\
\x1c\x82\xa0+\xa18\xbf\xb046P\x1a7\xe1A\x12\
\xfd\xfb{\x166\xdb\xc4\x0d\x09[l=x\x9aF\xfc\
\x09\xd7\xf1\xb9\x0f\xba^5\xf1\x06\x07\x07\xb7\xa4\xca^\
g\xc7\xa5\xb2<i\xc2\x01\x0a\xbf\x90\xa5\xbdyD\x88\
Cm\x9b\xd4!\x0eA\xa8\xa2\xce\xe3\x05\xa7\xf8\xa7\x9a\
p]\xab\x1dN\xff\xdf\xe8\x87\xfd\x893UV\xdc\xdf\
\xed\xb8|\x00'\xb1w\xd7h\x0dZ\x1fl_\x07\xa8\
\xc2\xef`\xf9n\xc2\xb4\xd5\x84\xa3\x1bk\x09W\xeam\
;~*\x11\x87 \xb83\xed\xb8TQor\x1b\x1c\
>\xa3\xd6r\x1162[\xaeK\xf9\x85\x1d\x97\xd2\xfa\
\x9a8\xc7\xe7L\x88-\x84\xd8\xde\x8ec\x80]X\x0a\
\xff\x8bU\xba\xd7\xcf\xa3\xfb\x0a\x94\x89\x84\xe5iD\x01\
y\xe2\xd0\x1c\xc6 \x1a?t\xa5\xcd,.V\xc4!\
\x08\xd9\xbf\xcb\xe2\xde\xc2m\xa2@\xb63\x02ys\x0a\
\xf1\x83\xdd\xe2l`{\xdc\xb6\xa5\x9b\xe1+\xba<\x10\
r\x93\xacC7\xc7\xe3\x87\x01_D\xe27\x0aq!\
\xb7\xeb\x09b\x12d\xa5\x1d\x17-\x81\xdbD\x01\xd3`\
Tb \x7fFL]\xe9\xae?\x9a\xc7G\x17\xc7m\
1\x05\xa6\xbf\x9b\xeck\xe8\xdex\xdc(\xe8\xe6z(\
\xe0\x03\x8dc\xa7q\xdb\xd8\x11\x8b |\xde>\x8e\x16\
\x02\xa0;\xa3\x0a\xff(\xe0C\x90\xcby\x5c\x80\xae\xaf\
\xb2\xed\xf84\x1a\xdd\xdax\x1e2a\xad\x12\x927\xba\
\xc3[\xb9m\xec\x88I\x90\x965\x01\xbeH\xc7m\xf0\
z\x01\x85]\xdcf\x963\x80;\xd0\xf3\x87V\xf9\x18\
C4\xef\x0ai\xb2\x80/\xa5\xf2\x888\xdd\x18\xf0\xdf\
\x22\xba5\x1e\xa7\x1d\x027\x98O\xf8\xc6mcG\x1c\
\x82\x84\xcd\xb2\xec\xe6M\x22\x1cf\xeeZ\xdc\xad\xf6L\
\xca{Z)\xe5C\xb8\xfb\xf8\xe0\x8d>?\xf0H\xd9\
q\x8e\xb7m\x00\x9a\x89\xedH\xf9\xfd\x1a(\x83O>\
s\xeb\x84\xcc\x0b\x82u\x08_\x80Q\xfc\x8dt\xedf\
\xe2u\x9a\xad5(\xcf\xc7\x11\x8f\xc4\xd8I\xfb\xeb\x0c\
?\xcej\xbcb\xa0\xcda5\xa5\xee\xe5~E=J\
\xa5\xd5\xf5#\xdc\xd6\xe7*n\xdb\x09\x99\x17\x04\xa0\x8a\
\xbf:\x90F\x04i\xd0\xbf\xd2\x8bS\xaf\x1f\xc5\xc3\xda\
\xd2q\xd6T\x22\xa6\x9f\xe8\x0au\xc8\x1e\xdaD\x0ek\
\xe7B\x90Js/\xeb\xe5@:\x8c\xd8\x016\xd3O\
\xb4,\xca\xff\x1bn\x13\xc5\xa8\x0dD\x03,\xfcl{\
tc\xe8\xce\xb8]'\xe4E\x10o\xb7\xd7\x1f\x8c\x03\
w\xaaW !\x96\xa0\x9b\xb2\xe3\xb8\xb5\xda\x81\xd4\xba\
>\xe5\xb66i\xdc\xf9\xb7\x9b\x99[\xc8\xf7\x86\x1f\xe0\
6\xdd 7\x82\x18PWt,\xde\xd5Ck\xc0\xf3\
\x0a\x7f\xf7\xf4\x14ng@BnAy\xbaT\xf1\xcf\
y\xd3_\xf3<\xa4\xb9\xf51\x9b\xba\xaa#x\x9c(\
P>S\x91'\xc6\xa9\xa1\xa1\xa1\x1dxx7\xc8\x9d\
 YG*\x05)\xd23\xf5\x0a\x9b(\xa4R\x90\x22\
\xb1Q\xad\xeei\xd7I\xbf\x05)\xfc\xb9\xac\xb4\x09r\
\x12\xcf8\x8f\xa4.\xf8G\x9a\xcdM\xc7\x06%vs\
i\x22\xb1\x0b\xb6\xe8q\x8d?\xe7\xef\xab @\x94\x03\
y!V\xf18\xa5\xc2\xcb\x1d\x85\xa8\xfaHL\x10l\
G\x90\x13k\xb9\x03\xb9\xa0\x103xy;\xa1\xef\x82\
\x00\xd8\x9e\xa6L\x17\x066\xf32LZ\x8f|P\x89\
\xd8ji\x87T\x08b\xe0\x1f0\x088\x93E\xe2\x08\
\x0f+\x1e\xb6w\xae\xc0+\xd6x\xcc\xec*u>\x0b\
\xf70\x1eA\xfc\x93-\xd3\xbdE\xb0\x10K\xdc6\x0b\
\xe0\x09A\xe7\xe4\x1dC\xec>c\x07\xa0\xa5l\xc13\
Z\x18\xec\x1f\xadLp\x1d\x82\xc9@\xe0 \x05N\xb6\
\x04o\x84\x89C\xe7D\x10\xe22\xbb\x5c\x18\xd4\xa3~\
9\x88\x7f\x92\xa9\x1bA F\xe4SN!\xde3v\
\x93\x86\x9b\x92\x1ft\x99,\xd1}\xb4\x94\xcbu\xa7p\
\x1b\x9b\xb6(\x9d\x04i+\x06\xd2j\x1e\xb4\x88\x07\xd8\
\x18\xe4\x19d\x91\xd8AfE\xc37\xb6\xda\xfe.\xa3\
\x11\xa5\x9d \x9d\xc4\xf0(\xc4<\x96\xf7\xc4\x81\x05S\
T\xd3\xce\x12Q\x06\x94\xc5.\x1b\x1e\xe5v\x9aEB\
\x14\x1d|\x96\xdf\xa4\x10\x0fv!\xc6Z\xbe\xf2\x9f4\
\xd2\xf0\xb3yq\x90\xba\xad\xeby\xd9\xe8\xfaY\x1dE\
\x11\xe2\x1f~\xad\xdd\xf51\x92\x18\xd4\xc3\x1c\xc0\xf3\x9c\
4h\x960\x1c\xc8,\x8b\x14b}\xd8\xfb \xba\x0b\
Q\xc6\xcd^\x89a\xa0{\xf8\xa1\xc9\x84\xb9\x12{W\
!\xe5\x8bO\x94^\x8b\x01\xe0\x90s7'\x0a\xb3@\
\xeaj>\xeb\x99(I\x88a\x80\xc1\x09s\xea\x80\x13\
\x19$\x89\xb2\x027\x19/#\xde\xde\x9a\xa8(t\xc3\
~\x873\x01<\xcd\x9e\xc2;\xb8@\x83\xa3\x0e\xbe\xff\
\x919b*\x1c[KI\xb2e\x84\x01\xaf\xa1\x91#\
gxO\x18\x9bo=-\xca(\xa7\xf1\xb2\x01z\x1c\
\xa2\xe0\xbb0}\x15\xa3(\xe8\xa6\xfb\xeaK7Ud\
\xb4\x13\xa5\x14\xa3O\xd0a\xddW\xbf\xc7\x8c\xa2\x03'\
\xf6I\x88\x85\xde\xf6\xba\xe3\xcc\x0a\x9b\xa1\x95(Q\xa2\
D\x89\x12\xbd\xc4\xffiO4\xaa.\x92]Z\x00\x00\
\x00\x00IEND\xaeB`\x82\
\x00\x00\x07>\
\x89\
PNG\x0d\x0a\x1a\x0a\x00\x00\x00\x0dIHDR\x00\
\x00\x00d\x00\x00\x00d\x08\x06\x00\x00\x00p\xe2\x95T\
\x00\x00\x07\x05IDATx^\xed][\x8b\x1cE\
\x14\xde\x15\xbc+\xa2\xe2\xfd~E\xf1\xf2&>\xba\x11\
]\xdc\x9d\xae\xaa\xee^'\xa2\x11T\x90\x05}\xf2A\
\x1fD\xc1\x05! >\x09j~@\xc0\x04D\x04\xf3\
`PQ_T|\x8cn\xf4A\x11\xf5A\x8d\xd1\x08\
\x8a1\xf1\xb2zN\xdb\xb5L\xbe\xe9\x99\xae\x99\xee\xe9\
\xaa\xea\xae\x0f>6\x99\xe9\xee9\xe7|}\xea\xd2]\
\x97\xb9\xb9\x80\x80\x80\x80\x80\x80\x80\x80\x80\x80\x80\x80\x00\
+xpa\xe1$\xa5\xd4%i\xafwe\xba\xbc|\
Y\xbf\xdf?\x0d\x8f\x99\x04t\xfe\xc9\x89\x10\x8f\xab(\
\xda\x95J\xf9\xac\x94\xf2<<& \xc7\xd2\xd2\xd2\x89\
\x89\x94w&J=OA{\x8f\xf8\x13\xfd\xff\xdf!\
\x0a\xf1+\xf1c\xfa\xf7\x8eX\x88\xad\x14\xe4\xb3\xf0Z\
EH\x92\xe4\x5c:g\x1f\x5c\xeb\xdb\xfe\xd2\xd29x\
l\xa7A\x81\xba^I\xf9\x22\x05\xe8\xd0P\xf0\x0dH\
\xa2\x1cM\x85x\x83\xee\xf8\x1e]n\x1e\xaf\xcf\xc8\xc5\
X\xc7s\x99\x9c)x|'\x11\xc7\xf1\xe5\x14\xcc\xdd\
\xc4\x7f0HSS\x88\xfd\xa9R\xc9\xe0\xefp\xb1\x94\
\x8c\x10\x83\xc9\xc5\xd7\xe0\xf1]\xc4<\x97\xe3\x14\x8c\xdf\
18\xb51\x8a\xde\x15B\x5cQ&F\xce'\xd0\xc0\
\xce\x80\x8a\x8e\xb3\xa9xz\xb3 (\xb5\x932\xef7\
\x12\xe6K\xfc\x1c\xb8\x8f\x84;\x05\xed\xec\x04\xd24\xbd\
\x80\x02\xf4IAP\xac\x90n\x8c\xcf\xd9&\xb4\xb3\x13\
\xe0\xe2#V\xeak\x0c\x8aE\xaew\xb6\xc9\xdb\x8f\xa2\
K\xa9%\xf3UAP\xac0d\x86K\x99AuJ\
k3\x83;dt\xe7o\xa1\x8a\xfaZ\xfc\x8e\xe1\x9c\
\x18L\xeaT\xb2]h\xab\xf7\xa0\xde\xf4C\x94\xfa\x7f\
hG\xb9-\xcf\x8f9\xf4\xf7Y\x1f\xc3514\x95\
zg\xd0\x17\xef\xb1\x12E\xd7\x90c\x7f\xa1\xa3\xb1\x94\
{Y\x14\xa7\xc5\xc8I\x99-\xd1/o\x91\x0a\xf1(\
:\xb8I\xba\xfb\x5c\x17\x83I6~:7\xe21\x8b\
w \x87\xb6\xa1\x83>\x92:\x8eK\xe8\x9b\x97\xe0G\
\xe0T<}\x83\x0e\xfa\xc6T\xa9\xd7\xd17o\xb1\x22\
\xc4\x0dt\x87\x1d@'=\xe3\x91^\xafw&\xfa\xe6\
-H\x94\xeb\xe2(\xfa\xae\xc0QoHYr7\xfa\
\xe55\x92^\xefF\x9f3\x85*\xf7\x97\xd0'\xef\xe1\
\xb3(i\x14}\x80\xfe\xb4\x02\x1e\x8br\x08}i\x0d\
|\xadSx\xe0\x03\xfa\xd2\x1a\xf8\x98)\xfd(\xba\x08\
\xfdh\x15|\xcb\x14\x1ef\x84>\xb4\x0e\xdczA\xc7\
]\xa5\x94\xf2B\xb4\xbfUH\xa5\x5cC\xa7\x1d\xe6\x06\
\xd5!'\xa0\x0f\xad\x81gb0\x7f@\x1fZ\x03\x0f\
\xc5\xe0W\x06o\xa1\x1f\xad@\x99\x18\xd4\xf2\xfa\x9b\xf8\
3~n\x9bd\xf7v\xf4\xc5{\x18\x89!\xe5\xfd.\
\xb6\xbe\xe28^@\x7f\xbc\x86\x91\x18B\xdc\xab\x8fw\
\xac\x9frpuu\xf5\xf8A\x7f\x1a\x03\xbf\xd8O\x95\
z\x98\x82\x11/..\x9e\x8a\xdfO\x83I\xc5\xd0p\
E\x14%\xc4\x0bh[#\xa0\x1f\xdfFE\xc5\x9f\xda\
\x10\x0a\xe4\x17\xfc>\x03\x8f\x9b\x04\xd3\x8a\xa1a[\x14\
\xb6o\xd4h\x99\x99\x82\xda\xd8g\xc4<\xc6u\xd8\xa0\
\x03\x1c\x14<\xde\x04U\xc5\xd0\xb0,\xcaN\xb4\xa7\x11\
$B\xdcV`L\xc6iD\xa1\xca\xf9i\xbc\x0e\x5c\
\xd3H\x0c\x0d\x1b\xa2\xf0\x0dj\xedq\x09\xb5\x22\xaeB\
\x83\xc08cQ\xc8\x89[\xe9\x9c\x0d\xbc\xc6\xc0\xb5&\
\x12C\xa3iQR!\x1eC\x1b\x1a\x05\x19\xf1\x0a\x1a\
5HSQ\xc6\x15U\xd3\x8a\xa1\xd1\xa0({\xe6l\
\x0f\xff\xc9\x06\xafI\xb9\xb7\xc0\xb8M\x9a\x88\xc2w\x16\
\x9e\x97\x9f[I\x0c\x8dY\x8b\xc2c\xb1\x9c\x19\xd4\xc0\
\xa2\xf0 64\xf2\x18\x83KD\xe9//\x9f\x8f\x13\
1\xeb\x12C#\x17\xa5\xf6\x1e=\x0f\xdeK\xd3\xf4b\
\xfc=k0\x1d\xdeY&\xca\x8a\x947\xf3\xf3\x1f\x16\
FI\xf9\x11\xf5m\xee\xc0c\xaa\x80\xc5e\x91\xd1\xae\
*d\xbf\x9d\x1a`=\xe9\xfc\x0c\x0a\xf8\x8fT\x81\xdf\
\x84\xd7\x995H\x88\xadI\xc1\x98\xe1*\xe4\x01}<\
\xc7\x1d\x7f\xcb\x1a&\x15c\xc0\x91FE\x09b\x18\xb0\
)Q:!F]\x93e\xca\xea\x94\xaa0\xa93\xe8\
\xa6zy\x92\xd6\x17\xfb\xcdu&\xfe\x965T\xcd\x0c\
\xe4\xac2\xc5$3\xe8\xb7\x9f\xe1cM\x1f\xdd;\x97\
\x19\xdc\xb4\xab#3\x90ug\x8aaf\xac\x0d\x9ec\
\xd4O\xa1\xa6\xfd\xe0L.\xab\xe0I\xf9\xd4\x1c\xfdl\
\xc8\xc8\x9aX\x97(\xd3\x88\xa1a\x22\x8a\x9e\xc9\x85\xe7\
6\x8a\xb5\xb5\xb5\xe3\x9aX!\xa1\xaa(U\xc4\xd00\
\x11\xc5\xfa\xfa%\xf9\xda!C\x86\xcd\x82\xd3\x8aR\x87\
\x18\x1a&\xa2\xf0\x5cH<\xaf\x11p\x8b\x22\x99\xe5B\
.\x05\x9cT\x14\xaa\x90\x17\xeb\x12C\xa3T\x14!n\
\xc7s\x1a\x01\x19\xb5{\xc8\x98\x068\x89(\xf9\x82c\
C\xd7\xd0\x9cT\x0c\x8dQ\xa2\xd0g\x87M\x176\xab\
\x15\xbc\xf8W\x5c\xe7zS\x13\xd2T\x94x\xcc\x03\xc3\
i\xc5\xd0\xc8\xa6\xd7\x0d\xccy\xcc_W?\x80\xc75\
\x82|%\xb6!'\x9b\xa4\x89(\x14\xa4\xb7\xf1<f\
U14\xb2\x89\xa8TG\xf1\x94m)\xe5\xd5\xf8}\
#\xc8\xd7(\x9cjY\xbc\xbaY&\x0a?%\x86G\
\xf7\x1b\xd4gx\x0a\x8f\xf3\x1a\x09/\x18Y\x10\x1c[\
,\x13\x85\xdf\xa7\xf0K.\xee}\xd3\xdf[\xf0{\xef\
\x91\xad\xdeY\x10\x18\x9b,\x13\xa5\xd5\xa0\x00\xbc\x8f\x01\
q\x81\xb3z\xf6\xe5<\xf0u\xaaK\xec\x5c\xa6d\xef\
\xc8\x0b\x02\xe1\x12;\x95)\xfcT\x17\x03\xe0\x22;\x93\
)\xfc\x02\x0a\x9dw\x95\x9d\xc8\x14^\x98\x1e\x1dw\x99\
\xad\xcf\x14\xee\x99\xa2\xd3\xae\xb3\xf5\x99\x92\xed\x12P\xe0\
\xb8\xcblu\xa6\x94=Au\x95\xad\x15\x85\x9c\xdb\x81\
\xce\xfa\xc2V\x8a\x92*u\x0f:\xea\x13[W\xa7\xf0\
Hn\xba\xd3\x8e\xa2\xa3>\x913\xa5\xea\xf4:\xa7\xc0\
;\xcb\xa0\x93\xbe\x91_.U\xdd[\xca\x19\xa4R\xf6\
\xd0A\x1fI\xc5\xef}\xe8\x9b\xaf\xe0\xddj\xf6\xa3\x83\
\xae1\x1b\xbc7f~\x0ae\xc9#\xe8\x98\xb7\xa0r\
8F\x07]\xa2\x1ek;j&\x17\xbf\x03\xe7\xb9\x90\
\xe8\x97\xd7\xe0=\x97\xd0Q\x17\x88\x03\x9f\xb3}\x09\xa3\
h\xd7\xe6\xf7B\x1cNl\x0dH\x98%\xb2\xd1\xee\x05\
\xf3\xd1mr\xdc\xcc%\x1e\xc4F\xf5\xdf\x16+Cu\
\x9a@\xb6\x1bY\xf9\x06X\x8dq\x9c\x18\xad\x07o\x9a\
\xc83L1(\xb6\xe8\xdc\x94\x80&a\xb8O_c\
\x0c\x99\xe1Pfp\xf3\xdb\xda\x92\x15\xb6A\x99qz\
\xe9\x9e\x80\x5c\xa74\xf7\x88~\x8f3\x93\xf2m .\
Y\x04&\xc9\xf7\xe9\xcb^\xf5\x8e\xe9\x90U%\xb7\xec\
\xf2\xb5C\xec.Wa\x1b\x14\x8c\xd708\x03\x1c\xda\
4\x912E\xd5Y\xbc\xc5\xffO-\xd8\xd9\xd9\x22\x0a\
Am\xf8\xe70H9\xd7\xb9n\xc1\xe3s\xcc\xd3\xf7\
w\xf1\xce2\xf4\xf7H\xc1\xb9&<\xc8+\xb1YY\
\xfc\xcbe\xf0j\xccC\xb3R\xb9N\x19-\xc61\xe0\
\xf2\x9e73\xc9F\xcf+\xf5!e\xd0/\x05\xc1\xe7\
]1\xbf\xe7\x91\xebt\x03l\xe7\x05#\xad\xadQ\xe8\
\x03X\x94<S^\xa5:\xe5\xc9\xaa\x8f\xb0y\x97\x00\
\x1e\xef\xc5}\x08\xfe\xdb\xea\x15\x9f\x03\x02\x02\x02\x02\x02\
\x02\x02\x02\x02\x02\x02\x1c\xc7\x7f\xe9\xdd\x0a\x01\xf0\xb6\xa0\
\xcb\x00\x00\x00\x00IEND\xaeB`\x82\
\x00\x00\x02%\
\x89\
PNG\x0d\x0a\x1a\x0a\x00\x00\x00\x0dIHDR\x00\
\x00\x00d\x00\x00\x00d\x08\x06\x00\x00\x00p\xe2\x95T\
\x00\x00\x01\xecIDATx^\xed\x9dAN\xc30\
\x14\x05\x81\x93\x00\x17\x81\xb2mm'Y\x03\xa7\xa8`\
\x1b!\x0a\x5c\x0c\xb8U\xe1;\x08\x09~\xa2*\x8b\xc4\
<\x91\x19i\xd6N\xff\xb4\xb1\xbbI\x8e\x8e\x00\x00\x00\
\x00\x00\x00\x00\x00\x00\x16F\xb3^\x9f\xd7)\xdd\xd6!\
l\xcd\xfb\x85\xb8mB\xb8\x09!\x9c\xf9y\xfc\x19v\
QW)\xc6\xf7:\xc6\x8fE\x9b\xd2[\x13\xe3\xca\xcf\
\xa7\x18m\xdb\x9eX\x8c\xe7\xde\x85-\xdb\xbd\x85\xd9\xe5\
\xd9\xf8y\xcd\x0e1\x0ehQ\xfc\xbcf%\xdf\xa6\xea\
\xfcm\xf0\x17\x82\xdf\xee\x8b\xde\xbe\xd83Fh{\x8a\
\x9f\xdb,TUu\xda[\x1c\x07-r\xfa\xea\x8e\xb6\
\x03\x8bc\xdf*\xc6k?\xbf\xc9\xe9\xce\xdf\x03\x8b\xe3\
\x806+?\xbf\xc9\xb1\xcd\xaa\xed-\x8c\x83\xe6Y\xf9\
\xf9M\x0eA\xc6K\x101\x09\x22&A\xc4$\x88\x98\
\x04\x11\x93 b\x12DL\x82\x88I\x101\x09\x22&\
A\xc4$\x88\x98\x04\x11\x93 b\x12DL\x82\x88I\
\x101\x09\x22&A\xc4$\x88\x98\x04\x11\x93 b\x12\
DL\x82\x88I\x101\x09\x22&A\xc4$\x88\x98\x04\
\x11\x93 b\x12DL\x82\x88I\x101\x09\x22&A\
\xc4$\x88\x98\x04\x11\x93 b\x12DL\x82\x88I\x10\
1\x09\x22&A\xc4$\x88\x98\x04\x11\x93 b\x12D\
L\x82\x88I\x101\x09\x22&A\xc4$\x88\x98\x04\x11\
\x93 b\x12DL\x82\x88Y$\x08\x8f\x1a\x1fo\x15\
\xe3\x9d\x9f\xdf\xe4\xf00\xfe\xf1\x16y\x18?\xaf\xab\x18\
o\x91\xd7Ud\xf2\xcbJ\xfc\xe2\xf8\xdbf\xb3y\xf5\
s\x9b\x0d\xdb\xacV5\xaf<:\xe4\xde\xf6\xda\x0b?\
\xb7Y\xb1(O\x03\x17\x82\xb1\xdb;\x1e\xfc\xbcf\xa7\
{m^J\xbb\x9a_\xcaO\xf3/\xe3\xd1\xc6s\xec\
\xe7U\x0c\xdb\xe4/\xd9S\xbe\xf6\x8c\xe2\xb7\xa9C\xe4\
\x13E>\xe6u\xffSRzY\x84\xf6Y\xf3g\xce\
'O?\x0f\x00\x00\x00\x00\x00\x00\x00\x00\x80\xff\xce'\
>\xaaR/\xf4?\x99U\x00\x00\x00\x00IEND\
\xaeB`\x82\
\x00\x00\x03\xfb\
\x89\
PNG\x0d\x0a\x1a\x0a\x00\x00\x00\x0dIHDR\x00\
\x00\x00d\x00\x00\x00d\x08\x06\x00\x00\x00p\xe2\x95T\
\x00\x00\x03\xc2IDATx^\xed\x9d;h\x14Q\
\x14\x86\xa3\xf8@\xc1\xb7\x85\x0f\x14-\xb4\x13lD\x1b\
%\xa0H6;w\xee\xdc\x91E1\xd8\xa6\xd3BD\
!\x8dQ\x11,\x15KE[\x89\xa5(D\x1b\x1bE\
QH%\x82\x0a\x82 \x82Q;\x15\x0dF\xff\x9b \
\xea\xd9I\xdc\xd9\x9d\xdd9\xb3\xf3\x7f\xf0\xb1\xcd\xce\xcc\
\xb9\xe7\x9f\x99;\x9bMnzz\x08!\x84\x10B\x08\
!\x84\x10B\x08!\x84\x10B\xc8\x8c\xd4j\xb5e\xd6\
\xda\x9dq\x18\x86.\x0ck-\x18c?\xbb\xa3(\xda\
$\x8fA\x1a\x00\x01T\xa3 \xb8\x07\xbf\xa3\x99?3\
\xd5\x98\xd7.\x08.\x1ac6\xcb\xe3\x12\x81sn\x95\
\xb3v\xb4\xae\x89\xedq\xc2\x07\x83\xabp\x91\xac\x83\x00\
\xdc\x95\xd6\xa1A\xaf\x12\x1a\xd7^\x8dyv \x08\xb6\
\xc8zJM\xa5RY\x88\xc6<\xaekV\x87\x8c\x8c\
\xf9\x88\xdb\xe3^YWiA\x18'd\x93rp\x22\
6\xe6\xa8\xac\xadt\xe0\x1e\xbe\x00\x81|HhP.\
\xe2\x81\xe2roo\xef<Ygi@\x13\xfadS\
\xf26\x0a\xc3\xbbxD^.k-\x058#\xcf\xc9\
\x86h\xd0\x86\xe1\xf3RN\xf6\xb8]]\x93\xcd\xd0b\
)'{\x0c|D6B\x91\x938a\xce\xc8\x9a\xbb\
\x1a\xa74\x10\xdc\xb2\xbe\xe2u@\xd6+\xa9\x05\xc1z\
|\x98}\x88\xf7~j\xab\xc6\xbc\xc5\x15\xfb$\xb6\xf6\
:t\x83\x83\x83\xf3e-\x99\xe0\x14\x06\x820\xde\xe1\
\x11x\x97\xacU\x82\xf7\xec\xf0\x8d\x92\xdbwB<x\
\xbc\xf0?\xe3\x935\xb5\x8c\xd3\x17\xc8\x98\xb5v\x83\xac\
S\x82\xb3\xf4 \xce\xd8/\x09\xdbw\xd2I\xffP$\
kk\x09\xa7(\x104\xf8v\xa5RY*k\x14\xcc\
\xc1Uq\x0a\xef\xfd!\xb7\xcfM\xd4#\x8bl\x1a\xa7\
#\x90I\xcc\x03\xe7\x87\x87\x87\xe7\xca\xfa\xfe\xc6\x18\xb3\
\xd8\xe9\xa8\xf7\x1f\xfd\xc9\xe1\xbf\xa6\x90\xf56\x85\xcby\
\x80\xa9&oc\x9e\xca\xed\x15y_\xd6\xdc\x14.\xdf\
@\xc6q\x0f\xde#k\x92\xe0S\xfbv\x84\xf1&a\
{]:\xb7U\xd6\x9e\x1a\x97_ c8\xeb7\xca\
z$x\xdf!\x05\x93wcZ{L\xd6\x9f\x1a\x97\
C \x85\x9d\xbc\xff\xa35\xe6\x92\x1cDj\x5c\x07\x03\
\xf1g:>;\x0c58y\xdf\x94\xdbk\x17\xe3\xbb\
!\xc7\x92\x1a\xech\x00\x97\xda\x85v\x8a\x0fQ\xa7\x11\
\xc4\x114z\xb5<\xbe\xa4\x00\x93\xf7l\x8e\xc8\xf1\x14\
\x9a\xc2L\xde3\xdb=\x81\xb8\xe9_\x17\xfa\x9c0\xc8\
\x22\xd9\x15\x81\x14n\xf2\x9e\xc5b\x07\x12\xc7\xf1Z\x0c\
\xe2N\xc2\xc0\x8aj1\x03\xf1_\xcf\xfa\xa7-\xff\x05\
T\xc2\xa0\x8al\xeb\x81Xk\xb7\xc5\xd6\xee\xeb\x80\x87\
\xf1\xb4u\xd2M_\x11E\x9f+f\xb2\xf5@\xfcN\
\x12vL\x9b\x93\x81(\x93\x81(\x93\x81(\x93\x81(\
\x93\x81(\x93\x81(\x93\x81(\x93\x81(\x93\x81(\x93\
\x81(\x93\x81(\x93\x81(\x93\x81(\x93\x81(\x93\x81\
(\x93\x81(\x93\x81(\x93\x81(\x93\x81(\x93\x81(\
\x93\x81(\x93\x81(\x93\x81(\x93\x81(\x93\x81(\x93\
\x81(\x93\x81(\x93\x81(\x93\x81(\xb3\xf5@\xe20\
\xbc\x9a\xb0c\xda\x8c\xc6\x5c\x91\xfdMM\x14\x86g\xeb\
vL\x9b3\x8b\xc5\xd6\xa2 \xd8_\xb7c\xda\x94\x99\
,G8\xb5Ll\x18\x8e\xcb\x9d\xd3t\xe2N\xf3>\
\xb3U\xe6\xb0\xc3\xe3\xf2\x004\xa5Y\xacs\xf2\x1b\xbf\
\xd4x\x1c\x04\x8f\xea\x0eB\x1b\x12\xbd{\xe0\xef4\xb2\
\xaf-\xe1\xffD\x19O\x5c/\xe5\xc1\xe8\xec\xfa\xb5\x17\
k\xfd\xfdkd?3\x01)\xaft\xdd\xf5w\xe3\xed\
\xf6V\xb5Z]!\xfb\x989\x911\x15\xdc\x13G\xf1\
\xfa-\xa1\x88R;\xd5\x93\xe9\xff\xb1\xd2'\xfb\xd6v\
\xfc\x9aV~)\xd6\x0c\xfe\xe5Q\xe1\xf5=\xf0\xbd\xc0\
\xcb\x12\xd9'B\x08!\x84\x10B\x08!\x84\x10B\x08\
!\x84\x10\xf2\x87_V}\xc7\x951\xd0Ys\x00\x00\
\x00\x00IEND\xaeB`\x82\
\x00\x00\x08.\
\x89\
PNG\x0d\x0a\x1a\x0a\x00\x00\x00\x0dIHDR\x00\
\x00\x00d\x00\x00\x00d\x08\x06\x00\x00\x00p\xe2\x95T\
\x00\x00\x07\xf5IDATx^\xed]Y\x88\x1cE\
\x18\x9e\x88F\xe3m\xd4\x18\xc4\x03<\xe2\x83/\xbex\
\xe0\x91\xach\x16v\xb7\xab\xaa\xff\x09\xe3\x01\x1e\xc1c\
=P\x94\xe8\x12\x82\x0a\x8b >\x18\xf2 *\x18\xd4\
\x17\x11\xd1\x80>(\x91x\x93x \x1a0\x92\xe4A\
\xa3\xa2\x09\x1a\xaf\xbc\x04%1a\xe3\xff\xf7\xf6\xac\x9d\
ozv:\xdb\xdd55=\xf5\xc1\xc7\xee\xf6\xfc\xf5\
\xd7\xdf\xf5u\xdd\xb5=\xb5\x9a\x87\x87\x87\x87\x87\x87\x87\
\x87\x87\x87\x87GE\xd0h4f\x87A0\x18j\xfd\
8)\xf5\x12i\xfdz\x99\xc4\xfc=b\x0c\x0d\x0d\x1d\
Y\xd7\xfa!\x16\xe1O.\xa8\x03\xb6\x88qx0\xb4\
\xd6\xa7\xb3\x10_`a\xd9 \xc6\xd2\x04\x7fv\x03\xff\
\x98\x85\xd7+\x0f\x22:\x99\x82`\x1b\x16\x94-b<\
M\xf0\x03\xf2Qh\xcc\xb3\xb5~\x13\x85\x8cY\x87\x85\
d\x93\x18O\x13\x22\x88|\xdeW\xa2\x18c\x14\x16\x90\
mbLM4\x05\x89\xb9\xba\xd6\x0f\xa2\xf0h\xea=\
, \xdb\xc4\x98\x9a\x00A\xaa_S\xc20<\x91\x05\
\xf9\x17\x0b\xc861\xae&P\x10a\xa5E\xe1\xe6\xea\
R\xbc\xe1n\x10\xe3j\x22M\x90\x98\xd5l\xbex\xce\
\xa1Sn\xd6:1\xae&\xa6\x11\xa4\x9a5\x85o\xac\
\x817\xda\x0db\x5cML'H\xccj\xd5\x14\xea}\
A\x84\xd5\x11\x85\xaa!\x88\xb0\x1a\xa2Pu\x04\x11\xf6\
\xbe(T-A\x84\xbd-\x0aUO\x10a\xef\x8aB\
\xd5\x14D\xd8\x9b\xa2Pu\x05\x11\xf6\x9e(TmA\
\x84\xbd%\x0aU_\x10a\xef\x88B\xfd!\x88\xb07\
D\xa1\xfe\x11D\xe8\xbe(\xd4_\x82\x08\xdd\x16\x85\xfa\
O\x10\xa1\xbb\xa2\x90#\x82\xc890\x8cM\xc0\x9f\xbd\
\x85\xb6E\xd0\xd9\xa5{rD\x90\xfa\xf0\xf0\xd9\x18\x9b\
 :#\x96b_\x04\x9d\x14\x85\x5c\x11D\xeb\x11\x8c\
M 5\x87?_\x8b\xf6E\xd19Q\xc8\x1dA\x9e\
\xc7\xd8\x12\x98EApe\xdd\x98;B\xa5F\x8b\xa6\
1\xe6L\xcc\xb0k G\x04\xe1\x82\xd9\xdd\x18\x1e\x9e\
\x8f\xf1\xf5\x1d\xc8\x11A\x22\x06\xc1\x8b\x18_\xdf\x81\x5c\
\x12\x84\xc9\xcd\xd2]\x18c_\x81\x1c\x13\x849\xc1\xfd\
\xc9x\xcd\xa5\x8e\xd6&\xc8=A&\x19\x04\x1f\xd6\x95\
\xba\x18\xe3\xad<\xc8UA\x9aTjK\xa8\xf5J\x16\
\xe7~\xee\xf8\xaf\xa3\xc9xKa\xbd^?\x03\xcb\xc7\
:\xe2`Z\x0b\xa2?\xd9\xc0\xf2\xb1\x0e\x09\x22%\xb0\
~\xa5\x17\xc41zA\x1c\xa3\x17\xc41zA\x1c\xa3\
\x17\xc41zA\x1c\xa3\x17$/y\xb2\xf8\x8f\xd1\xfa\
\x1d\x9e@.\x97=\x15\x22Z\xd0h4\xe6\x0e\x0c\x0c\
\x1c\xae\xb5>.\x0c\xc3syRyY\xdd\x98\xeb\xf9\
\xf3\xe7\xd8n+\xfaH\xd0\x0b2S\xb2\x08\x9f\xb0\x18\
7*\xa5\x8e\xc6{\xea\x04\xd9\xff c\x9e`?\x7f\
\x80\xdfJ\x09\xb2\x9e\x9f\xbeE###'\x95M\xae\
\x01'\xe0}\xcc\x04\xecg\x0e\xc7}7\xfd\xff\x1a\x91\
\xca\x08\xb2\xb9\xdd!\x85^\x007s\xf3\xb8\xb6\xbdB\
U\x11$\xd4\xfa\x01\xf4k\x13\xd1\xbe;\xd7N\xee#\
\x1e3A\xf0\xaa4g\xfc\xf7W\x11\x8dy_\xb6\x87\
\xb9\x1f\xb9\x97\xfb\x94\x0b0m\x12N<TT\x80 \
\xcc\xdb\xd0\xaf\x0d\xd4GF\xce\x09\x8dy:\xd1\xe4d\
\xe1&~\x80\xee\x9bI\xdfc\x05T\x8c \xaf\xa1\xdf\
2!\xfdH4b\xd2z_J,Y\xb9\x93\x9b\xa9\
\xa55\xd76\xc2\xa8\x18A\x9a\xcdV\xe97\xc7B,\
\xe4\xfcv`\xfe9\xb8\x96k\xcb)\x98O\xd7@\x05\
\x09\x22\xe4\xc2\xfa\x81\xc7\xfboR\xca\x1b\xe3\x0e\x85\xec\
\xe7\x85\xb4\xf6\x9c\xfb\x81\x9bKy\x0dH\x10l\x93\xf9\
\x0a\xe6\xd7\x15P\x81\x82\x14E9\x7f\x85q\x8a\x18\xfc\
\xd9\x04\xda\x16\xc8\x1d\xedNOZ\x05\xb9'\xc8\xfa\x1a\
4}\xd2Le\xa9\x192k'9\x0b\xac\xd4*\xfe\
\xb9,\x1aui\xfd\x0c7\xa7\x1b\xd16\x95Jm\x19\
\x1c\x1c<&\x99\xb7u\x90c\x82\xf0,\xfa\xaad|\
\xd2\x81S\x87>\x83\x0b|\xbb\xd4\xaa\xe9\x0a\xb3\x11\x04\
g\xc9\x88\x8cE\xdb\x8b\xe9\x93\x94\xe6\x12\xd3Z\x05\xb9\
%\xc8\xc7\x18_<\x9aB\xbb)\xc6\xfd\xcd\x1cL\xd7\
\x0e2\x17\xe9\xb0\x9e%\xc7\x90\x16b:k \x87\x04\
\xe1'\xfd\xa6dl2\xcf\xa0\xe9\x86\xb6\xc6<\x92\xb4\
\xcf\x0aYz\xe1\xf4\x1bZ\xfc\xc5\xac\x07\xc1\xa7\x98\xc6\
\x1a\xc8\x1dA\xfe\xc6'=\x9a\xf4\xb5\xdaE\xcc\xdb\xb4\
4\x86\x86N\xe5\x9a\xf2#\xfaM\xf8\xbf\x02\xd3X\x01\
\xb9\x22\x881\xeb\x92q\xc5\xcb!\xa93p\xe93P\
\xbc\x99\x80}-F\xdf\x09\xca\x7fY\xd9\x07\x15)\xc8\
\xe4kf[\xe6\x15Y(\x87\xe0\x0e\x8aK\xa9ES\
~\x81l{{\xd26\x0fX\xdcw\xd1\x7f\x94G\x10\
\xfcR\xb30\xd1m\x01\x15#\xc8\x84\xfc\x9f\x05\xfa\xce\
\x03\x19\xb2\xa6\xe4\x13\x0dm\xa7\x1bM\x1d*dO\x05\
\xf3\x98\x22\xd1\x02\xb4/\x1dT\x8c /\xa3\xdf\xbc\x90\
U\xdb\x94|\x0e\xf0\xf5\xb7\xd16\x0f\xe2\x0e>u\xe0\
\xc0b\x85h_:\xa8\x18AnE\xbfy\x11-\xa1\
\xb7\xe6#\xfd\xc7J\xb4\xcd\x0bn\x1e\x7f\xc6|\x84r\
\x9e\x18mK\x07\x15!\x88R\x0f\xa3\xdf\xbc\xe0\x82\xff\
\xba%\x9f\x92\xf2\xa2v\xef\xbb\x9f\xe1\xb0:\x17\xa8\x00\
A\xb8\xf0\xbe\xe7\xaa\x7f,\xfa\xce\x83hs)=\xaf\
G\xd16/x0\xf2\x0d\xe6\x13s\x19\xda\x96\x0e*\
@\x90\x88\x5c\x80\xdc\xe6\x0e\xf1L\xf84\xdc\x03\xcf\xc2\
\xf1\xf1\xf1\xc3\x92qq\xc1\x7f\xd0\x92\x87\x9e\xfa\xaf\xd9\
BA\xad\x87\x1d&i\xcc-h[:\xa8(Ar\
2\x0c\xc3\x8b\x92q\xc9\xb6+\xdaDvZoL\xda\
\xe5\xc5\x92 8\x1f\xf3\x98\xca+\x08\xaeA\xfb\xd2A\
\xae\x08\x02\xf3\x10.\xf8{\xd0&\xe6D\x91\xcb\xe4\xec\
o,%\x0f\x89g\xbf\x9c\xebB\xfb\xd2A\x8e\x08\xc2\
\xcd\xc3S\xc9\xb8\xa2E@\xb4\x89)K*I\xdb\x99\
b\xe9\xc0\xc0Q,\xfcO\xe8?\xca\xa3\xe0\x9a\x98\x19\
\xe4\x88 \xfcD~\x99\x12\xdb&\xb4\x8bm\xf7v:\
A\x92\x05\x5c\xe8+\xd0w\x82cho\x05\xe4\x88 \
\x94\xd2\x14\xc9< \xc5n\x92Jm\xcds`\x8e\xfb\
\xa8\xab\xdbmzE{&D\xf30\x8d\x15\x90;\x82\
H3\xb1\x22\x19\x9b\x1c\xd5\xe1\xeb;\xd1.\xc1\x0d\xb2\
j\x9bL\x93\x05\x91\x18J\xfd\x95\xe2/\xa2\xec\xc1`\
\x1ak \xb7\x04\xd9>::zD2>9\xaa\x83\
v\x07qr\x09}q2M;\xc4}\xc6\x8av5\
#\xe6\xae\xae\x9eB!\x87\x04\x89y'\x848\x8b2\
\xbc\x0dH\xbe%H\x16\x0a\xd3\x9a\xb1xh;\xd6\xae\
\x03?\x88A\xb0M\xe6R\xe8\xc3\x1a\xc81A\x8c\xd6\
\xbf\xe2pS\x9e\xd8\xac\xdf 'O\xbf\xd44\xf6\xf3\
\xb9\xcc\xc0\xf9\xf7\xdf\xd1\xa6#\x95\xda\xd25Q\xea\x8e\
|\xa1K\x922)\xc48\xe5\xdc\x14u8\xecP0\
7wE\x14\xbe\xd1KR\x82q\x81u\x8cUFa\
\xf2\xf4\xa6\xd8\x96E\xfb\xa2H\x9b\xdb\xa1\x93\xeb\x0a\xb9\
?\xd8\x8d\xcb)\x02\xd9\x9c\x92\xfdt*\xe6\xd0\xdc.\
\xf6\xf5]\xca\xf5$\xed\x8b\xe2\xc2\xd7\xe6\xb5\xe1\xce%\
J]\x88\xf1\x0a\xe4\xa8\x8e\x9c\x0eII\xd3\x912\xcf\
\x90E\xca\xe8\xdbMy\xbe\xc1\xd76\xa3\x0d\xd0\xae(\
K\x8c\x19N\x09\xc2\x09r\xe1\xfdf\x8c\xb9\x1ccn\
BN\x87\xb0\xddj\xd9\x03\xc7\xb4\xe0g\xbf,\x87\xf0\
\xefc8wqR\x14\xca0\xb4\xec\x22\xf7dy\xb1\
\x99\xec\x81\xb3\x1dE3|\xa5\x96s\xbae\xb2\x84\xce\
\xd7\xae\xc5\x91\x1b\x22\xab(\xd6f\xf0\xdc\x97\xcc\xe5'\
\xe8\xdb\x94 \x9c\xa1\xec\xa7\xcb\xe19\x8c\xbd(\xb8'\
\xca\xf0\xf0\xfch\xfc\xde\x1a\x84K\xdc\xc3O\xff\xaa\xb2\
\xde$\xea\x9e(\x8d\xc6l\xae\xf2\x0fR\xbb]4G\
\x18\x8f\x0c\xdf`r\x970t<\xdeG\x1ed\x15\xa5\
\xe8m\xebi!kJ\x9c\xe9b\xee4\xc7\xe5m\xa1\
\x94r\xb8\xcd\x15FG\x86\xb8\xcf\x88\xb7\x90\xcfK\xdb\
\x12>Td\x12E\xa9'1\x9dG\x89\xe8(\x8a1\
\x9fa\x1a\x8f\x92\xd1A\x945h\xefa\x01mD\xd9\
\xd7\x97oMu\x05\xd2\x81K\x9f\x11\xaf\x0e\xac\xf1b\
xxxxx\x14\x8d\xff\x00\x83\x1e\xf3\xce\xc8\x84T\
\xc0\x00\x00\x00\x00IEND\xaeB`\x82\
\x00\x00\x03~\
\x89\
PNG\x0d\x0a\x1a\x0a\x00\x00\x00\x0dIHDR\x00\
\x00\x00d\x00\x00\x00d\x08\x06\x00\x00\x00p\xe2\x95T\
\x00\x00\x03EIDATx^\xed\x9d\xbb\x8a\x14Q\
\x10\x86g\x035\xf3\x8a \xa2\xf8\x12^\x12C/\xf4\
L\x9fs\xbazi\xf1\x01d\x8cD\xc1\x17\x10cS\
\x03\x05}\x80M\x15a\x11\x94M\x04\x1f\xc0D|\x02\
53\xd2@\xad\xda\x9d\x06\xa9\x197\x9a\xed\xfe\xfb\xf4\
\xff\xc1\x87\xe2\x0cl\x9d\xfa\xec\x99U\x96\x9e\xc9\x84\x10\
B\x08!\x84\x10B2\xa1i\x9a\xc3UY\xde\xa8b\
|,!\xbc\x94\x18\xb7\x0eR\xff\xf5\xc9\x82\xa2(\x8e\
\xd41>\xd4\x08\xdfuQ\x7f\xba\xd2\xcfA\x94\x18\xe3\
Y\x0d\xf1\xd1/\xab\x0b\xfd,-\xfa\xd8m\xfde\xc3\
\xffy\xf6\x88\xc8))\xcb/~Q]\xe9\xe7i\xd1\
\xbf \xef\xab\x94\x9eN\xc6\x16ER\xda\xf6K\xeaR\
?O\x8b\x05\xb1\xc7G\x15%\xa5\x14\xfc\x82\xba\xd6\xcf\
\xd4\xd2\x06Y\xf8|2\x86(\xfa\xdd\xd4[\xbf\xa0\xae\
\xf53\xb5\xb8 \xf9_)UU\x1d\xd7 \xbf\xfc\x82\
\xba\xd6\xcf\xd5\xe2\x83\x98YG\xd1\x97\xab+\xfe\xc0}\
\xe8\xe7jY\x15da\x9e/_\xfao\x8e\xb8\xe2\xb0\
\x9d\xeb\xe7j\xd9'H\x9eW\x8a\x1e\xac\xf1\x07\xedC\
?W\xcb~A\x16\xe6u\xa5\xc8\xf0\x83\x98\xf9D\x91\
<\x82\x98yD\x91|\x82\x98\xc3\x8f\x22y\x051\x87\
\x1dE\xf2\x0bb\x0e7\x8a\xe4\x19\xc4\x1cf\x14\xc97\
\x889\xbc(\x92w\x10sXQ$\xff \xe6p\xa2\
\xc88\x82\x98\xc3\x88\x22\xe3\x09b\xe2G\x91q\x051\
\xb1\xa3\xc8\xf8\x82\x98\xb8Q\x04$\x88\xfd\x1c\x98\x9f\xcd\
\xd0\xc7^\xf9\xe7\xaeC\xd8\xff\xba\x17\x90 \xf5tz\
\xc1\xcff\xec\xfe\x8c\xd8\x8a\xe7\xafC\xc8(\x82\x12$\
\xc6\x99\x9f\xcd\xb0+G\x1f\x7f\xe3\x9f\xbf.\xe1\xa2\x08\
N\x90g~\xb6\x7f\xd8\x90\xb2\xbcZ\xa7t\xa7\x0aa\
\xbenSJ\xe7\xfd\x17\xec\x0d\x01\x09\xa2\x8b\xf9\xd1L\
\xa7g\xfc|\xa3C@\x82\xecZ\x96/\xfc|\xa3C\
\x90\x82\xa8\xfa\xb2t\xd7\xcf8*\x04,\x88\xfa[\xdf\
O\x1eM\x90\xdeh\xbbD\xf0\x82\xecY\x96\xef\xea\x10\
.\xf9y\xb3GP\x83\xb4\x86\xf0\xa9\x8a\xf1\x89\xc6\xb9\
\xa7o\xfc\xb7do\xde\x03\xb1\xae\xebs~?\x9d\xb3\
\x18fy\x11\xe3\xb4\xf1\xfb\xe9\x1c\x1bb\xc5`c\x95\
A\xc0d\x100\x19\x04L\x06\x01\x93A\xc0d\x100\
\x19\x04L\x06\x01\x93A\xc0d\x100\x19\x04L\x06\x01\
\x93A\xc0d\x100\x19\x04L\x06\x01\x93A\xc0d\x10\
0\x19\x04L\x06\x01\x93A\xc0d\x100\x19\x04L\x06\
\x01\x93A\xc0d\x100\x19\x04L\x06\x01\x93A\xc0d\
\x100\x19\x04L\x06\x01\x93A\xc0d\x100\x19\x04L\
\x06\x01\x93A\xc0d\x100\xfb\x0f\x82\xf2\x81.\x08\xda\
.\xfc~:\xa7\xaa\xaa\xcb~\xb0\xb1\xba\x19\xe3E\xbf\
\x9f\xcei\x9a\xe6\x18\xc2\x87\x82\xf5m\x15\xc2\xcf\xa2(\
\x8e\xfa\xfd\xf4\x02\xc2\xc7\xe6\xf5nJ\xdb~/\xbd\xb1\
\x99\xd2ti\xc0\x91\xa9;\xb8\xe9\xf7\xd2+r\x807\
\x9aD7\x95\xe5k\xbf\x8f\xde\xd1\xf7\x92\x93U\x8c\x9f\
\xfd\xb0\xb9kg\x9e\xcdf'\xfc> h\x8a\xe2\xb4\
\x84\xb0\xe3\x87\xce\xd6\x94>\xc0\xdfx\xd3\xee\x93[\x87\
\xf0@\x07\xfe\xb6t\x80L\xd4\xab\xe2\xabz\xff\x7fw\
\xd3\x86d>\x9f\x1f\xd2\xe1\xaf\xdb\xfd\x0f\xedn\xa1\xfa\
\xfb\xadA\xabg\xb0\xb3\xd4)]\xb3\xb3\xf9\xf3\x12B\
\x08!\x84\x10B\xc8P\xf9\x0b\xd7\xa7\x1de\xc5\x90\xb9\
\xab\x00\x00\x00\x00IEND\xaeB`\x82\
\x00\x00\x02z\
\x89\
PNG\x0d\x0a\x1a\x0a\x00\x00\x00\x0dIHDR\x00\
\x00\x00d\x00\x00\x00d\x08\x06\x00\x00\x00p\xe2\x95T\
\x00\x00\x02AIDATx^\xed\xdd\xc9m\x14A\
\x14\x80a\xa7\xc0\x1a\x02 \x96@\xac\xee\xaa\x9a6\x9a\
\x04X\xd2@\xc8\x11\x80X2\x00#\xb8\xb2d\xe1\x93\
\xb9\xb0H\xc4\xc1\xc1\xf0\x1a\x84\x80\xc7\x1c8\x18\xe6W\
\xf5\xffIO\xf2\xc5\xaa\xea\xfa\xc7e\xfb\xd4;;\x92\
$I\x92\xb4P\xd34\x9d\x9fj\xbd\xddJ\xb9\xdf\xc6\
\xf1 \xbe~\xfe/g^c^k\xaf\xb5[\xf3\xda\
y?\x8b\x15\x87qf\xaf\xd6\xc7\xabq\xfc\x1c\x07\xf5\
e\x1b3\xaf\xbdj\xed\xd1z\xbd>\x9d\xf7\xb7(\xd7\
K\xb9\xb4\xaa\xf5c>\xa0mM|0\xde\xd7Z/\
\xe6}.B)\xe5,)\xc6\x8f\x89\x9f\x94O\x8b\xbc\
\xc2\xe2\xe1_\xe4\xc3\x00\xcd\xd3\xbc\xdf\xae\xb5\xd6\xae\xc5\
C\x1fo8\x08\xca\x1c\xc7uz%\xef\xbb[qU\
\xedo8\x04\xd4\xc4\xef\x93\xbby\xdf\xddj\xb5\xbe\xc9\
\x07@\x9bU)\xaf\xf2\xbe\xbb\x15\x0f{\x98\x0f\xe0\xb7\
)\xe5\xed\xb4\xe1\x7f\x87\x13\x9d\xefk\xfc\xb9\xf6\xcf \
\x87y\xdf\xdd\x8a\x07>\xca\x07\xf0\xeb\xfc\x8f\xebb^\
#\xaf\x9b\xe6(\x7fO\xb7\x0c\x02c\x10\x18\x83\xc0\x18\
\x04\xc6 0\x06\x811\x08\x8cA`\x0c\x02c\x10\x18\
\x83\xc0\x18\x04\xc6 0\x06\x811\x08\x8cA`\x0c\x02\
c\x10\x18\x83\xc0\x18\x04\xc6 0\x06\x811\x08\x8cA\
`\x0c\x02c\x10\x18\x83\xc0\x18\x04\xc6 0\x06\x811\
\x08\x8cA`\x0c\x02c\x10\x18\x83\xc0\x18\x04\xc6 0\
\x06\x811\x08\x8cA`\x0c\x02c\x10\x18\x83\xc0\x18\x04\
\xc6 0\x06\x811\x08\x8cA`\x0c\x02c\x10\x18\x83\
\xc0\x18\x04\xc6 0\x06\x811\x08\x8cA`\x0c\x02c\
\x10\x18\x83\xc0\x18\x04\xc6 0\x06\x811\x08\x8cA`\
\x0c\x02\xe3+\x8f`\xe2\x81_\xe7\x03\xa0M\x1b\xc7\x97\
y\xdf\xdd\xfa\x8b\xebb\xfb\xd3\xda\x9d\xbc\xefnM\xc3\
pu\x82\xbfX\xb2\xb5v9\xef\xbbkqG?\xdb\
p\x10\x88\x89\xbd=\xc9\xfb\xed\xde\xfc\xdan\xea\xcb\x89\
\xd7\xbb\xbb\xe7\xf2~\x17a~}\xf74\x8e\x1f\xf2\xa1\
lk\xe2\x03\xf2.>(\x17\xf2>\x17e~\xa9|\
\xab\xf5\xe1\xb6_p\x1f\x7fh<\x18\x86\xe1T\xde\xdf\
b\xcd\xd7D\xdc\xdd7\xe3'\xe6^\xfc\xc9y0\xe5\
\xff\x1bNx\xbe\xad\x11k\xc5\xd77\x16{EI\x92\
$IR\xf8\x0a\xf8p\xa5bR\xf4\xbb\xa2\x00\x00\x00\
\x00IEND\xaeB`\x82\
\x00\x00\x08H\
\x89\
PNG\x0d\x0a\x1a\x0a\x00\x00\x00\x0dIHDR\x00\
\x00\x00d\x00\x00\x00d\x08\x06\x00\x00\x00p\xe2\x95T\
\x00\x00\x08\x0fIDATx^\xed]Y\x88\x1dE\
\x14\x9d1n\xb8\xc6}\xc1\xe5O\x0d\xf8#\xb8|(\
d\x14\x1cx3]U}_\xf2D\x05Q\xa2\x8e\x8a\
\x88\x82\xe6G\xfc\x18\x17\x08.D\x10\xfcP\x88\x82\x81\
\x801\xb8\x05\x5cq\xff\xd0\x80\x0a\x91\xa81n\x10\xf3\
\x91h\x14Q\x94\xb8M\xbc\xb7_7\xbc9]\xb3\xbc\
\xee\xaa\xee~\xfd\xfa\xc0!\x93y\xf7\xdd>]\xa7\xab\
\xab\xba\x96\x9e\x91\x91\x06\x0d\x1a4h\xd0\xa0A\x83\x06\
\x0d\x1a4\xa8\x09:\x9d\xce\xc1a\x10\x8c\x87Z\xdfG\
J=EZo\xf4I<~\x83\x18\xadV\xeb\x90\xb6\
\xd6w\xb2\x09{\xb9\xa0\xf6\x17E\xd4\xd1\x80\xa1\xb5>\
\x95\x8d\xd8\x82\x85U\x04QK\x02\xfe\xecJ\xfeg\x14\
\x7f_{\x10\xd1q\x14\x04\xdf`A\x15E\xd4\x93\x80\
/\x90wBc\x1e\x1f\x196S\xc8\x98\xd7\xb1\x90\x8a\
$\xeaI \x86\xc8\xe7Ce\x8a1Fa\x01\x15M\
\xd4\x94 1$\xe6\x93#\xc3`\x0a\xf7\xa6\xde\xc4\x02\
*\x9a\xa8)\x01\x18R\xff\x9a\x12\x86\xe1R6\xe4o\
,\xa0\xa2\x89\xba\x12\xa0!\xc2Z\x9b\xc2\xb7\xab\x8b\xf0\
\x84\xcb \xeaJ`3$f=o_\xfc\xcc\xa1-\
'[8QW\x82y\x0c\xa9gM\xe1\x13\xeb\xe0\x89\
\x96A\xd4\x95`>Cb\xd6\xab\xa6\xd0\xe0\x1b\x22\xac\
\x8f)T\x0fC\x84\xf50\x85\xeac\x88p\xf0M\xa1\
z\x19\x22\x1clS\xa8~\x86\x08\x07\xd7\x14\xaa\xa7!\
\xc2\xc14\x85\xeak\x88p\xf0L\xa1z\x1b\x22\x1c,\
S\xa8\xfe\x86\x08\x07\xc7\x14\x1a\x0eC\x84\x83a\x0a\x0d\
\x8f!\xc2\xea\x9bB\xc3e\x88\xb0\xda\xa6\xd0\xf0\x19\x22\
\xac\xae)T\x11Cd\x1d\x18j\x13\xf0g\x9b1\xd6\
\x05+;tO\x151\xa4=1q&j\x13Dk\
\xc4,\xf1.XIS\xa8*\x86h=\x89\xda\x04R\
s\xf8\xf3W0\xde\x15+g\x0aU\xc7\x90'P[\
\x0fF)\x08.i\x1bsC\xa8\xd4\x94k\x1acN\
\xc7\x03\x96\x06\xaa\x88!\x5c0\xbfw&&NF}\
C\x07\xaa\x88!\x11\x83`\x1d\xea\x1b:P\x95\x0ca\
\xf2m\xe9&\xd48T\xa0\x8a\x19\xc2\x9c\xe1\xf6dz\
\xa4J\x0dm\x91\xa0\xea\x19\xd2e\x10\xbc\xddV\xea\x02\
\xd4[{PU\x0dI\xa8\xd4\xe7\xa1\xd6\x8f\xb09\xb7\
q\xc3\x7f\x05u\xf5za\xbb\xdd>\x0d\xcb\xa7p\xc4\
b\xd2\x051\x9c\xec`\xf9\x14\x0e\x11a\x116\xacl\
\x0c\xa9\x18\x1bC\xbcQ\xa9\xdf\xb8\xed\xf9Av\x85\xf1\
\xbf\xdfr\xfb\xb3\x87\x7f\xffG*n6\x1bC\x5cP\
\x0a\x5c\x1e*\xb9\xd0\xaf_\xa1\xf5\xf9\x93\x93\x93\xc7\xe0\
y&\xe0\x86\xfb\x14\xeeV_*\x9d\x04\xfe\xee\xf34\
{skcHVFW\xbcRk\xd8\x80\xf3\xf0\x9c\
\xfa\xc1\xf4\xf4\xf4\x01\x9c\xe72~ }\x9as\xb6\xf0\
\xf3\xc2A\x03f\x08_\xdd_\xf3\xd5}\x8dl\xdf\xc6\
s\xa9\x05hp\x0c\xf9\x85y\xf3\xd4\xd4\xd4Ax\x0e\
\xb5\x02\x0d\x80!|;\xd9\xa4\xb5>\x09\xb5\xf7\xa2\xd3\
j\x9d\xc0q+\xb9=y\x94\xf9\x1as\x07uM\xfc\
\x87\xb9\x8foG?\xf3\xad\xe9\x0b\xfe\xf9E\xb9\xd5\xc9\
\xed\xa9\xd3\xe9\x1c\x81yJ\x07U\xdb\x90}d\xcc\xad\
\xa89\xc1\xf8\xf8\xf8\xe1\xd2\x90s\x01\xbf\xc7\xb13\x96\
\xef\xcfK\xfe\xee_$\x06i\xdd\x1e\x1b\x1b;\x10\xf3\
\x97\x02rg\xc8\xfb\x5c0\xcb\xa5\x87\xe3\x8as]\xc1\
\x5c[\x8e\xe4\x1ap\x0f\x1f\xf3'\x8b\x8eL\x8c\xbb\xc6\
S\xa5\x1bCn\x0c\xd96\xd7\x22\x05\xd7\xa0\xae\xde]\
\x16\x0d\xae\xb8\x95;\x0e\x17\xe3q\x0b\x0390\x84\xaf\
\xae\xdb1\xafkHm\xe1c\xad\xc7c\xfb \xd7\x94\
\xff\xe4-H|\xcc%\xa8\xc3;\xc8\x81!\xccU\x98\
\xd7%:ApF\xdc \xe3q\xbd\x92MyCn\
\x8f\xa8\xc7+\xc8\x8d!\xcfb^W \xa2e\xd1\x10\
H\xfa\x98\x0b\x92\xbf\xf7I<d\xbf\x8a\x0d\xdd\x89\x9f\
/\x8aJ}\xac\x94:\x1euy\x03\xb91$\xb9m\
9\x9d\xe5\x93\x9a\x91\xd5\x0c\x92\x1e\x1a\xd1\x89I.Y\
\xb5b\x89Y\x1c\x95\xda\x22=\xba^m\xde@\x8e\x0c\
\x11rc\xf8\x1d?\x0b\xbc@\x967\xc6\xcd\xcb X\
\x87\x0f|Q\x9b\x91\xe36e\xb4\xfe\x12\xf2-\xc1\x98\
~\xd8V\xea\xe5\x11\xc7\x17\x9c\x15\xe4\xd0\x90\x1c\x5c\x8d\
\xbaBc\x9e\xb1\xc4\xf5\xc3m\x98\xd3\x12\xd3/S:\
\x9d\x83\xca6D\xa9\xef\xb1\xcbLn497$z\
I\xcf\xe4\xe4\xb9\x98\xd7)\xc8\xcd\xc9g&\xb7\x11\xb7\
\xf4\xea\x91^\x0d\xb9y\xcepnH\xcc\x0fF|\xde\
\xba\xa8LC\x94\xda{\xdd\xd8\xd8\xa1\xbdz\xe2'\xf0\
tl\xff\xf4e\xc8~y\xe1\x1b\xe6v\x06*\xd1\x10\
n'\x1e\xeb\xd5\x12\x8dMi\xfd#\xc6e\xa47C\
\xa4\xd7\x85\xb9\x9d\x81J4\x04\xd7]E\x03\x85\x96\xb8\
\x8c\xf4g\x083\x0c\xc3\x0b1\xbf\x13PI\x86HM\
\x90\xd9\xbaYZ\xba\xa3\xb6\xa9\xd8\x8c\xf4k\x08\xd4n\
g \x97\x86t_3\x9b~\xce\xb0Q\xa9\xbbzu\
\xc8|\x06e\x18B\x9f\x87^\x0da\xee\xc2\xfcN@\
n\x0c\x99\x91\xa1k\xcc\xdd\x0fdr\xc9\x927\x0f}\
\x1b\xb2\x9f{\x84g\xe31r\x83\xdc\x18\xb2\x1e\xf3\xf6\
\x0b\x99\xe9\xb3\xe4\xcdC\xef\x86\x90\x8fAUrc\xc8\
\xb5\x98\xb7_\x18\xad_\xb5\xe4\xcdC\xff\x86\x18\xf30\
\x1e#7\xc8\x85!\xd0\x1ed\xc1|\xaf9\x8f\xa6Z\
\x83\xe03\x19y]4u\xfa/.\xa4b\x16\xa0\x8c\
\x87\xf1\xb1\xffE=\x09e\xdc\x0e\x8f\x91\x1b\xe4\xc2\x10\
\xad\xbfRJ\x1d\x86\xb9\xfbA\xb4\x08!\x9d7\x1aB\
\xef\x1d\xb5-\x1a+\x94:\x87u\xecF]\x11\xb9W\
\x88\xf1\xb9An\x0c\x89\xe6\x0dd%\x87\xac\x0e\xc1\xb9\
qd\xab\xd5:\x0au\xcc\xf52g\x99\xcf\xc0\xd8\xa2\
\xc1\xe7v/\xea\x8a\xb5}\x8a\xb1\xb9A\xae\x0c\xe9\x83\
\xb2\xd8\xcd\xa2c\x1f\xc6\xc5t\xdfp\xf6\x096d\xad\
EWt\x11blnP\x09\x860w[t\xd8W\
\x90(\xb5S\x16\x1d\x941\xbf\x1d\xef\x91o\xd3\x5c\x8b\
\xb4\x95z\x07\xbf\x93\x1bT\x82!\x5c\xd5\xffD\x1d\xd2\
\x80b\x5cN\xfa\xefeY:\x0e\xb9A%\x18\x22\xc4\
=\xe9\xdc\x8bz\x09cr\xd2\xbb!\x5cs\xef\xc7c\
\xe4\x06\x95d\x08W\xf7\xe5\xb3t(\xb5&\x15\x93\x8f\
\xfe\x0d1\xe6j<FnPI\x86\xc8\xfe\x8c^\x1d\
\xd2C\xc3\x98\x9c\xf4o\x88\x8fM\xa2T\x96!\xc6l\
\xea\xd5!\x8b\x1a\xe2\xb5\xb6\xa9\xd8\x8c\xf4k\x88R\xdb\
1\xbf\x13PI\x86X\x87\xdf\xbb\x0b\x9fS\xb1\x19\xe9\
\xd5\x10Y\xd9\x88\xf9\x9d\x80J2D([\xcb@\x8b\
t1Sq\x19\xe9\xd3\x90\x19\x22:\x0b\xf3;A\xa9\
\x7f\xd0\x05^6#+\xcfe\x15z*.\x1b}\x1a\
\xb2\x19s;\x83LEZ\x0eX\x0ce\xa7l\x18.\
\x9d\xa5G\xa9\xa9T\x5c6z3D\xfeL\x14\xe6v\
\x06nL\x8f\x9ek\x1c\xa9\x08ro\xeb\xee^=R\
K\xf8\xf7[1.\x03}\x19\xb2\x01\xf3:G\x99\x7f\
6\x8fk\xc4\x1e\x5ca.C%\xb2%\x00c\xfb\xa4\
sC\xb8\x9c~\x95m\xd5\x98\xd79V\x183\x81\x07\
/\x92l\xc0\x83\xa8Iz1\x18\xd7'\xdd\x1b\xa2\xd4\
U\x98\xd3\x1b\xc8\xe3\x8b&\x17b\xf4\xfcA\xb4\xacW\
\x8f\x0c&\xca\xfe\x0c\x8c],\xf9\xbb;z\xf3\xc96\
j\x8c\xe9\x8bJ\xad\xed\xcd\xe7\x1d\x5c\x00\xc7\xcaI\xa4\
\x84\x14D\x99\x88\xc2\xbd\xe7\xd1\xb2\xd2\xee\xec_*~\
!\xcaL\x9fL.%\xb9(_\x97z#>3\x15\
\x02\x19\xf03Z\x7fh\x11T\x08e\xa1\x03j\x92\xcd\
2\x94\xfdO\x8a\xef\x8e&\x97\xba\xf3\x19\xf6!\xf4\x85\
\xb9\x11/\x94B!s\x00\xdc\xf3\xb9\x83\xe6\x9a\x9f\xf0\
\xcf\x1bQ\x93,1\x95\xfd\x19\x96X\xbfd#K\xa9\
\x196\xc8\x06\x1a\x16u\xb9\xbc\xffP\x1e\xe0\x08\x17\xba\
\xf9\xe3\x869z2\xa3\xfc\xd9\xea\x22\xba\xe8Qo\xca\
\x98\x95(\xa0\x81\x052d\xe1\xb9\x9b\xbe\xb9R/V\
\x1e\x10\x8c\xca\x96\x80v\x10|d)\xd0,\x94%\xac\
b\x84\xbf'\xf0a\x81\x0c\xfd\xc8\xc2g\xca\xb2\xc9G\
\xa9\xed\xd1\xf3\x8e\xaf\x81\xc2a\x87ts\xc3\xee\x96\x86\
\x87\xe2)\xe1w\xa3n\xb3,Q\xd2\xfa-\xfe\xffs\
\xfc\xf3\x032\xd3\xe7er\xa9A\x83\x06\x0d\x1a4\xc8\
\x81\xff\x01\xa0\x04x\xed\x15M\x09\x9d\x00\x00\x00\x00I\
END\xaeB`\x82\
\x00\x00\x07\xa6\
\x89\
PNG\x0d\x0a\x1a\x0a\x00\x00\x00\x0dIHDR\x00\
\x00\x00d\x00\x00\x00d\x08\x06\x00\x00\x00p\xe2\x95T\
\x00\x00\x07mIDATx^\xed]W\x88%E\
\x14}\x839'\x8c\x18@1\x80\x82\x88\x09q\x851\
\x8d\xbcy\x15\xbazx\x06P\xf4CF0\xeb\x1a\xd1\
\x0f#\x22(\x06\xd0uWWPQa\xd5\xfd0a\
N+k@\x90\xfdXD\xdd\xf5g\x15D\xfdpW\
\xd6\x04\xae\xde\xdb\xafk\xa99\xdd=A\xe6u\xa8\xae\
\x03\x87\x99\xe9\xba\xb7\xeb\xd6=\xdd\xd5U\xdd\xd5=\x9d\
N@@@@@@@@@@@\x80'\xe8\xf7\
\xfb[GB\x8cEJ\xdda\xa4|\xd2(\xb5l\x98\
\xc4\xfa\x03Rt\xbb\xddmb\xa5\x16\x92\x08\xbfP\xa2\
\xfe-\x8b\x18G\x00A)\xb5\x1f\x09\xf1\x19&\xab\x0c\
b,\x16Tv.\xfd\x18\xc1\xed\xde\xc3\x18\xb3\x87\x11\
b\x0d&\xaa,b<\x16t\x80\xbc\x1fi\xfdH\xa7\
m\xa2\x18\xad\xdf\xc4$\x95I\x8c\xc7\x82\x05\xe1\xf2V\
\x89\xa2\xb5\x96\x98\xa0\xb2\x891YXAR.\xe9\xb4\
A\x14\x1aM\xbd\x8d\x09*\x9b\x18\x93\x05\x08\xe2\xff\x99\
\x12E\xd1\xae$\xc8\xdf\x98\xa0\xb2\x89qY\xa0 L\
\xafE\xa1\xee\xeaDlp\x15\xc4\xb8,\xf2\x04I\xe9\
g\xf7Es\x0e\x95\xd3\xd8\xd2\x89qYL#\x88\x9f\
g\x0a5\xac\x8f\x0d\xad\x82\x18\x97\xc5t\x82\xa4\xf4\xeb\
L1\xcd\x17\x84\xe9\x8f(\xc6\x0fA\x98~\x88b\xfc\
\x11\x84\xd9|Q\x8c_\x820\x9b-\x8a\xf1O\x10f\
sE1~\x0a\xc2l\xa6(\xc6_A\x98\xcd\x13\xc5\
\xf8-\x08\xb3Y\xa2\x18\xff\x05a6G\x14\xd3\x0eA\
\x98\xcd\x10\xc5\xb4G\x10f\xfdE1\xed\x12\x84Yo\
QL\xfb\x04a\xd6W\x14S\x13Ax\x1d\x18\xc6\xc6\
\xa0\xb2W\xd0v>X\xdb[\xf7\xa6&\x82\xc4\xe3\xe3\
\x07al\x8cd\x8dX\x8e\xfd|\xb0\x96\xa2\x98\xba\x08\
\xa2T\x0fcc\xf0\x99C\xe5\xaf\xa3\xfd|\xb1v\xa2\
\x98\xfa\x08\xb2\x18cs0b\x84X\x10k}q$\
\xe5\xe4|Sk}\x00VX\x19LM\x04\xa1\xc4\xfc\
\xd6\x1f\x1f\xdf\x07\xe3k\x1dLM\x04I(\xc4R\x8c\
\xafu0u\x12\x84H\xdd\xd2%\x18c\xab`j&\
\x08q\x13]On\xeb\xd4\xe9B[&L\xfd\x04\x19\
P\x88\xf7b)\x8f\xc7x\xbd\x87\xa9\xab \x96R\xae\
\x8e\x94\xba\x8f\xc4\xb9\x82.\xfcg\x9bA\xbcCa\x1c\
\xc7\xfbc~JG\x1aL6\x11\xedd\x1f\xf3S:\
8\x88\x9c\xc0\xda\xca H\xcdX\xbd i\xbf\x8c\x81\
\xb5\x92\x9c\x0b\xccOiPJ\xedMA<\xa7\x95\xfa\
\x03\x03k+9\x17$\xca\xb3\xc6\x98\xbd0_CE\
\x14E\x87\xd0X\xff;\x0c(p@\x1a\xd5\xad\x8d{\
\xbd\x831oCC\xd5\xef\x136\x81$\xca\xbb\x98\xb7\
\xa1@k}\x0aV\x1eX@!\x16`\xfe\xe6\x1d\xc3\
|\xe0\xe3!\xaf\xc5\xfc\xcd;\xf8>QN\xc5\x819\
L\xef\xa9\x0d\x17E\x82\xd0\x08\xe3\xe3^\xaf\xb7[\x1b\
\xc9m\xc7|T.\x08\xaf\xee@\xdb\xb6\xa0heK\
c\x05I\xde\xe4\x95\xf2\xb1\xe4H\x1b|+\xe5\x99X\
\xeb3\xd0\xceE\x1c\xc7\xfb\x92\xed]d\xfb\x11\xfd\xfc\
\x22\xa1R+\x88Kx\xe0\x81\xf6\x17\x8d\x8enK\x17\
\xd9\x07c!>\xa5Q\xe2-\x9din\xcf\xa7\x1fB\
XA1\xbc\xd8\x17\xe2@,Gx#H\xb2\x00A\
\xca\xc7\xc9\x7fSf\x7f*\x99\xf9\xbe\xd6\xedvwF\
?\xfe\xec\x13\x95\xafG{\xe0S\xb4\xff\xed6\xfb(\
u\xb3[N\xc9>\xc7\xdd\xa7\x05\x0b\xe0Nv\xc9\xef\
\x0d\xb4A\xf8\x22\xc8\x08\xf9-\xcf\xec\x07\xa9\xf5\xca\xc9\
\xc9\xc9\xad\xac\xd3\x84\x10\x87\xf2\xf3\xf3\x8c]\x0e)\xd6\
;\xad_*\xfc\x94\xfd\xda2\x17dw\x0f\xec\xe7k\
\xb4Ax!\x08%\xe4\xca\xcc>\x8a\xa8\xf5e\x9b\xfd\
\x84X\x9a)/\xe6\x0b\x9b\xfd\x94\x8a\xb1|B\xa9c\
l9\x83\xbf\xf5Eg\xc4O\xae\x8d\x96\xf2!\xd7&\
\x0f\x8d\x17\x84\xbb\x12\xf2\xf9\x19\xf6\xb1\x9e\xf6q\x1d?\
H\xa2\xdf\xbf\x87\xb2E\xd67\xa7l\xb9\xf3\xe0\xe9z\
\xe2\x8f\xbc\x9d?\xf7A\xdb\xbb\xd6otttKJ\
\xf6:\xd7\x97\xda\xf2\x84-gP\xf9\xf9\xb0\xefM\x13\
R\x1e\xe1\xda\xe4\xa1\xf1\x82P\xa2\xce\xc3\x86\x93\xffi\
\xb6\xdc\xf4zG\xd1\xdf\x1b\xd2\xb2?\xdd\x19/\xf9\xfe\
\xee\xfa\xe2\x05\x9c\xc4\xde\xdd\xf0\xd9`\xcca\xeev\x06\
%\xfcV\xa8w#\x0f[m9wcS\xca\xb5~\
\xc7\xf5/B\xe3\x05\xe1#\xd3\xf5\xa5D\xbd\x856\xbc\
\xf8\x8c\xce\x96\x0b\x94R\x87O\xd9\xae\xd4W\xd0\xe8o\
\x89\x8bS\xde\xcbbK)\xb7w},x\xdd\x16\x95\
\xff5%n\xad\xaf\xe12\xee\xbe2m\x22aq\x1f\
yh\xbc d\xff\x01\xf8\xde\x886E \xdb\xdb3\
u#\xa5\xfc\xc1=\xe3\x5ch!\x9ewm\xe9`\xf8\
\x866\x8f\xe4\x1c$\xeb\xb8\x9bC\xff<\xf8 \xc8\x97\
S\x02\xa73\x01m\x8a\xc0\xc3`Nb\xa6~ \x0f\
]\xe9\xa8?\x0e\xfd\xf3n\x8e\xf2\x10\x98~nt\xb7\
q\xf7\x86\xbeEh\xbe \xd8\x809\x9c!\x0c\xee\xce\
(\xe1\x9fdb\xc8r\x05\xfa2h\xfb*\xd7\x0e\x87\
\xd1\xdc\xad\xcdeYj\xa6=)\x9b$\xc8\x949\x01\
\x7f\x91\x0em\xf8\xf5\x02*\xbbp\x9aQ\xce\x08\xf9\x9d\
\x9e\xc4C\xb3|\xbe\x86\x18\xec\x0ai\xb0\xc0_JE\
G^\xdd\x98\x89\xdf!wk\xe83\x1d\x1a/H\xde\
(\x8b\x93k\xcbI\x84#\xedQ\xcbG\xab;\x92\xe2\
\x8b<u'\x0f\xd0\xc5\xf8&\xbcxs\x9f\x9fy\xa4\
,\xc4I\xae\x0d\x83Fb;R}\xbff\xda\x90\x12\
Gn3\xa1\xf1\x82\xf0<\x04'`\xe4\xbf\x81\xb6\xdd\
@\xbc\xca\xc0\x5c\x83\xea|\x94\xfdH\x8c\x9dL:\xcf\
H}V\xf3+\x06\xc6.V\xd3\xfan\x8c\x8bg\xf6\
X?#\xd2\xfaa\xb4M\xb9\x0amgB\xe3\x05a\
P\xe2/\xcf\xec\xa3\x80t\xd1\xbf4\xf1\x89\xa2c\xb1\
lZ\x0a\xb1\xa6Sp\x13\x91\xbbB\x93s\x0f\xed\xff\
,\xd6\xf6B\x90\xce\xe0^\xd6K\x99\xfd\x00\xf9\x0e\xb0\
\x1d~\xf2\x99\x15\xcfaqE\xd1\x0dD\x0b\x9e\xf8\xb9\
\xf6\xdc\x8dqw\x86v3\xc1\x17A\x92\xbb\xbd\xe9\xc5\
8s\xa4&\x0d\x92\xf2e\xee\xa6\x5c\x1f^\xcdAg\
\xd7\xe7h\xeb\x92\xae;\xff\x98Y\x8c\xdcr\xbe7|\
?\xda\xcc\x06\xde\x08bA]\xd1\x09\xfc\xae\x1e\x9f\x0d\
\xfc\xbc\x82~\x7f\x9a\xea9\x15\xed,H\xc8-\xa8\xce\
\x98\xd7@%\xc3_\xfb<dp\xebc\x11uUG\
\xa3O\x11\xa8\x9e\x85\x5c'_\xa7\xc6\xc6\xc6v\xc0\xf2\
\xd9\xc0;A\x9a\x8eZ\x0a\x12\x9e\xa9gsR\xa9 \
\x81Y\x96%HX\x975{\x0e\x7f]\x16?\x9b\xc8\
\xa980\x87t\xf0\x9e\x8c\xf9\x1b\x0a\xc2\xda\xde\x99\x19\
\x95\xb5\xb6\x97\x91\xce\x05\xd6b\x10\x81)\x85XS\xea\
\xeaw\x06\xbf\x03A\x95?\x93\xb9\x99\xd7b\xf2\xe3e\
\x9eC\xf5\xbb\xdd=1_\xa5!]`\x90\x09\xae\x8d\
\xe4\x5c`~J\x87\x09\xef\x18\xba\xac\xfe\x1dC\x0e\x22\
'\xb0\xb6\xb2zA\xe2\x9a\xfcC\x97:\x90s\x81\xf9\
)\x1d|c\x10\x03k+\xf3\x16U\x94\x8e~\xbf\xbf\
K\x1d\xfe)X\xd5\xe4G\xcdy\x0b\xc3+A\x1d\xfe\
m^\xe5\xa4\xc92\xe6\xa52Lh=\x9e\x09\xb0e\
\xa4\x1c\x9c\x85y\xa9\x14f\x88\x1f\x9a\xac;\xb5\x10\xaf\
b>*\x07/r\x9e\xcd\x8aB\xdf\xc8m\xe6g\x22\
\x98\x8fZ\x80o\x19\x18)?\xc4\xa0\xbd\xa5\xd6+\xe7\
\xb2\xc2\xb1\x12$\x0b\x17\xa4\xbc\xdad\xdf\xff\xf0\x86\xbc\
\xa6\x8c\xd7\x8f\x15}M\xbb\x96\xe0\xd7\xd0(\xf83\x93\
'\x8c\x83\xb7\x9e\x965\x9a\xd4\x06n\x0b\xbf\x8c\xea\xbe\
b\x17\x10\x10\x10\x10\x10\x10\x10\x10\x10\x10\x10\xd0t\xfc\
\x07\xe2\xfe\xf0\x82V\xddAq\x00\x00\x00\x00IEN\
D\xaeB`\x82\
\x00\x00\x04\xf1\
\x89\
PNG\x0d\x0a\x1a\x0a\x00\x00\x00\x0dIHDR\x00\
\x00\x00d\x00\x00\x00d\x08\x06\x00\x00\x00p\xe2\x95T\
\x00\x00\x04\xb8IDATx^\xed\x9d\xcf\x8b\x14W\
\x10\xc7g#\x08\x09\x81\x1c5h\xf0\x16P\x04s\xd3\
\x10\x0c^\x12d\xb6\xdf{]\xcf\xf4!\x7fA\x90\x9c\
\x0c\x82\xa0\x12\x96$x\x089$\x9a\x1cb\x84=x\
P\xf6`H\xfc\x0fD\x90\x10\x08\x84(\xd1x\xf0\x16\
H\xc0=j\xf0\xc7n\xaa\x86\x19\xb7\xb7|\xce\xf4j\
\xff\xa8\xf7\xba\xbe\xf0e\xd8\x9e\x9a\xe9\xaa\xf7\x99\xf7\xa3\
\xed\xb6{0P\xa9T*\x95J\xa5R\xa9T\xaa\x04\
T\x14\xc5\xa6<\xcf\x0f\xe4\xd6~\xe6\x9d[\x04k\x97\
\x9avn\xcc\xc5\xdc\xb9\xd3\xe0\xdc\x11\x00x\x93\xe7\xd4\
[a\xe3xo\xedm|]\xed\xd8W \xcb\xde\xe6\
\xf9\xf5Is\xd8#\xbe\x0a4Lg\xc6^\xf3\x18\x8c\
9\xc6\x13\xed\x85p\xa8\xf8\x947\x88\x14;k\xbf\xc5\
\x14\xe7x\xce\xc9\x0a\x87\x86=\xa3_c\xa01\x04\xf9\
\xec\xa0/P\xb0\xd8K\x81\x06\x10g\x9c\xf4\xbf\x1b\xa4\
\x0e\x05WT\xaf\xe2\x90p\x9f\x17/\xd8i\xf7\x14o\
\xcc\xbe@\xd1\xd2\x9d.\x14\x5c\xc5\xb8@\xc1\xe2\x9d\xec\
\xf0\x85\xc5\x15\xbc\xd8\x88\x9c^O\x81\xb8\x81\x90\xd3\x82\
\x02\xc2\x81xkOUXt\xa4\x03\x05\x84\x03\x19\xfd\
\x9bZ\x96\xbd\xdf\x1b(\x10\x01\x10\xca\xb37P \x12\
 \xa4^@\x81\x88\x80\x90\x92\x87\x02\x91\x01!%\x0d\
\x05\x22\x04BJ\x16\x0aD\x0a\x84\x94$\x14\x88\x18\x08\
)9(\x109\x10RRP \x01 \xa4d\xa0@\
\x22@HI@\x81\x84\x80\x90\xa2\x87\x02\x89\x01!E\
\x0d\x05\x84\x03\xf1\xd6\xce\xf3\x9c\xab\x08?{p\x16\x14\
\x91'\xb9@8\x10\xf4\xd2\xc2\xc2\xc2K<\xef*\x82\
\x0aP \xcb\xbe\xe6\x9f\xebT \x1f\x08]0\xf7\x1b\
\xbe\x9e\xc5\xde\xf2\xfdF\x8d\x9f\xfb\x9d\x7f\x1f\xb7w\xee\
#\xde.\x9d\x09\x22\x00\xd2\xb4\x11\xf8=\xef\xfdv\xde\
6\x9d\x08\x14\xc8\xc8\xd8\x9b\xce\xf0\xb6\xe9D\xa0@F\
\xc6^\xf2\xcf\xf3\xceU\xb5\x0a\x14\xc8\x9a\x01v\xf2\xf6\
i]\xa0@\xca~\x8f\xb7O\xeb\x02\x05\xf2\xc4\xb8\xda\
\xfa\x80\xb7O\xeb\x02\x05Rv\xc1\xdb\xa7uQ\x12\x81\
\xc4\xfaj\x05\x22\xcc\x0aD\x98\x15\x880+\x10aV\
 \xc2\xac@\x84Y\x81\x08\xb3\x02\x11f\x05\x22\xcc\x0a\
D\x98\x15\x880+\x10aV ]87\xe6Wo\
\xccq|\xcd\x0f97\xa4\x8b\x1cp\xfb%o\xad\xe5\
\xed\xd3\xba\xa0G@\xf2,\xfb\x9b\x00\xf06\x10%\xe8\
\x0b\x10c\xee\x88\xb9\xb2d\x9a\xa0\x1f@\x1e\xd2-\xa8\
x\xed\x22\x05}\x00b\xcc\x0f\xbcn\x9c.\xb6\xe0\xf6\
\xa3\xe8/p\xeex\x97\xbf\xdf\x99\xa0\x07@\x9cs\xfb\
\xcb5\xe3\xdf\xbbpB\xbf\xbb.\xce\xb9\x13\xe5\x98\xce\
\x04\xe9\x03Y)\x8ab\xf3\xba\x9a\xb3\xec\xa7@\xdc\xc3\
\x22\xcb\xb6\x95\xe3:\x11\xa4\x0fd\x99\xd7L\xab\xad@\
\x1c\xf5$\xc3c[\x17$\x0e$\xb7\xf6_^3m\
\xe3qc\xeb\x81a\xd3V \xc2\xac@\x84Y\x81\x08\
\xb3\x02\x11f\x05\x22\xcc\x0aD\x98\x15\x880+\x10a\
V \xc2\xac@\x84Y\x81\x08\xb3\x02\xe9\xcat\x8a\xd6\
\x98\xe3\xf4\xb4\x07:UK\xff\xa3\x96\x1e4@\x0f\x1a\
\xe35+\x90f\xbd\xe2\xad\xfd\x9c\x9f\xf3\x98&\x05\xd2\
\xa0\xb1q\x0f\xf3\x9afI\x814\xe7\xf3\xbc\x9e*R\
 \x0d87\xe6\x91\x1f\x0ew\x94k\xa1[cP\x8f\
\xf1\xce\xfd\x88\xc3\xd8\xb9<\xcf\xdf*\xbf?\xd1F\x80\
\x18c^\xc1\xf8\x93\xf8\xdeeg\xcc7\xce\xb97x\
L\xad\xa2$\x02\x89\x89\xb7\xb3\xf6*\xaf\xc5e\xd9\x85\
rL\x9ee\x0f\x10\xdc\x87<\xae*\x10\xba2\x05\x17\
\x05\x7f\xb0\x98\xe5F\xa1D\xfe\xc8\xa3\xb5:\xe6\xe7w\
\xf3\x98Q\x1c\xf6$\x0e\xa5\x0a\x90\xf1eB7\x021\
\xab\xd4S\xca\xdfW\xab\x90\xf6^\xbe\xc3\x18\x8cC\xd2\
\xa9r\x1dt\x89(\x8f\x99\x98C\x99\x05d\x1a\x0c2\
.\xad\x7f^\xdbs\xcd\x8a\xf0\xb1y#\xd3\x1c\xb1\xae\
\x8e\xe1p+n\xff\x8f\xc7M\x5c\x862\x0d\xc8,\x18\
d:\xde)\xef\xbbvA$\x0f\x96\x5cgcn\x06\
\xea\xf8\xe4\xa9\xb8\x92'P\x9e\x09\xc4\xb9\x8fg\xc1\xa0\
9\x05\x7f\xc4/\xf3}\xd7\xaaH\x1e\xbd\xfa\x94\xb1\x97\
\xbc\xc3k\xc1m\x0b<\xael\x82\x02t\xado\xe0\xbd\
\x0a#\xc5u\xeaA|\x9f\x8dh\xbc\xb4\xe3\x09\xc8\xb6\
1\xbf\x84\x8e\xd0gAyN\xb7\x07c\xac9\xdc\xe9\
\x97\x81DD\x1b\x8f9\x16)w^L\xcdPZ\x87\
\xf1D\xe3e\xf0\xad@RbM\xb7\x83\x1d4\x07\xa5\
;\x18\x13\xe10\xb0\x89.\xd1\xa7\x82\xe8\x17\x88I-\
I\xb7\x7f\xc6\x1d\xb0_\x10J\xf70R\x14\xf6\xfac\
\x81\xc6\x9ej\x9c\xe0\xff\xf4\xde\xbf\xce\xbfKU\x936\
\x02Ea\xb4\xa4*P\x14F\xcb\x9a\x06Eat\xa4\
\x10\x14\x85\xd1\xb1\x10B\x81\x10\xae\xe1\x01\xf1_t\xde\
\x1dW\x96\xaf\xf1\x18\x95JU\xb7\xfe\x07BA`\xd8\
s\x11l\x8d\x00\x00\x00\x00IEND\xaeB`\x82\
\
\x00\x00\x04O\
\x89\
PNG\x0d\x0a\x1a\x0a\x00\x00\x00\x0dIHDR\x00\
\x00\x00d\x00\x00\x00d\x08\x06\x00\x00\x00p\xe2\x95T\
\x00\x00\x04\x16IDATx^\xed\x9d;\x88\xd4P\
\x14\x86G\xc5W!*\xf8.\x14\xc5N\xb4\x11-\x14\
q\x0bEg&\xf7\xdeL\x96ie\x11\x99B\xedE\
\x10\x99r\xc1Z\xc4B\x0b\x11\x04K-\x14\x04E\x05\
E\xb1\xb0\x10\xc1\xd2W%\xda(\xf8X\xdd\xf5\x9cq\
f]\xcefg\x92\xd9d\xe6$\xf9?\xf8`\x8b\xdd\
<\xce\xbf\xc9\xbdInnJ%\x00\x00\x00\x00\x00\x00\
\x00\xc8\x01\xd5juu\xcd\xda\xc3\xe4q\xdf\x98F\xe0\
\x1c\xfdh7\xc9\xdf\x03)\x13\x18\xb3\x87\xbcE!\xfc\
\xa4\x04\xa6\x84\x93\xe4\xe3\xc0\xda\xaa\xfc;\x900\x8dF\
c\xb1\xef\xdc\xc5v\xd1e\x10\xb35\xe6\x81\xef\xfb\xbb\
\xe5r@\x02\xd4\xeb\xf5%\xbe\xe7\xdd\x9bU\xf4\x1e\xd2\
Q\xf4\xc7Y{\xbd\xeey\x9b\xe52\xc1<\xa8y\xde\
\x15Y\xec8R(\xdfk\xce\x8dS\xb0+\xe5\xb2A\
L\xe8\xd4sP\x16\xb8_\xe9\x88\xf9L\xcb;S.\
\x97\x97\xca\xf5\x80\x88\xf4s\xaa\x8a\xe0\x1b\xee\x95\xc9u\
\x81\x1e\x18c\xd6P\xf1&B\x0a\x9a\x88t*{J\
=\xb2\xfdr\xbd`\x0eF\x9d;\x22\x8b\x98\x82\xdck\
\xbb\x19T\xab\xdb\xe4\xfa\x81\x80\xce\xf9c!\x05L\xcb\
\x1f\xd4\xf0_\xe0\x0bN\xb9\x1d\xa0\x0d\x15\xe8TH\xe1\
R\x15\x0d\x7f\x17\x86\x11HG\xdf\xda\xb7\xb4\xfec\xb4\
\x19\x0b\xe4v\x15\x96a\x062\xad1\xcf\x9cs\x07\xe4\
\xb6\x15\x12\x15\x81\xfc\xf7\xb6\xb5v\xbb\xdc\xc6B\xa1,\
\x90)\xba&\xfaE\xdd\xe4\xcb\xf5ry\xad\xdc\xd6B\
\xa0-\x90\x19~\xe1\x86\x7fldd\x99\xdc\xe6\x5c\xa3\
8\x90\x7f\x1a\xf3\xaeP\x0d\xbf\xfa@\xdaR\x8f\xec9\
\xdfs\x93\xdb\x9f;\xb2\x12HG\xbe\xef6j\xcc\x0e\
\xb9\x1f\xb9!k\x81\xb0\x9d\x86\x9fzd\xeb\xe5\xfed\
\x9e,\x06\xd2\x91\xae\xf8\xbfR0\xcdz\xbd\xbe\x5c\xee\
Wf\xc9r \x1d\xa9}y\xcf\x830\x9a\xcd\xe6B\
\xb9\x7f\x99#\x0f\x81Lk\xcc\x0b\xdf\xf7G\xe4>f\
\x8a\x5c\x05\xd2\x96\x1b~\xe7\xdcN\xb9\xaf\x99 \x8f\x81\
\xb4\x9dh]\xf1W*\x1b\xe4>\xab&\xc7\x81\xb4\xa4\
P\xbee\xaa\xe1\xcf{ 3\xfc\xc0\x0d?\x05\xb3H\
\xd6@\x15\x05\x0a\xa4\xe3\xabQ\xe7*\xb2\x0ej(`\
 -[W\xfc\xd6\xee\x92\xf5\x18:E\x0d\x84\xe5Q\
\x97\xbes\xd7\x82 \xd8(\xeb24\x8a\x1cHGn\
\xf8\xa9\x0e\xe3\xd6\xda\x15\xb2>\x03\x07\x81\xcc\xd0\x98\x8f\
Co\xf8\x11H\x88\xc6\xbc&=Y\xab\x81\x80@\xe6\
\xd6Y{g\xe0\xb7\xfa\x11Hw\xf9V\xbfo\xed\xb9\
\xd2\xa0\x9eX\x22\x90h\xf2m\x18Y\xbbT@ \xd1\
\xa5#\xe5\xb4\xac_\xe2 \x90\xe8\xf2\x03\xb1Z\xad\xb6\
N\xd60Q\x10HL\x9d;/k\x98(\x08$\x9e\
t\xdaz)k\x98(\x08$\x9et\xda\xfa\x9d\xea\xad\
|\x04\x12_c\xccVY\xc7\xc4@ \xf1\x0d*\x95\
-\xb2\x8e\x89\x81@\xe2\x89S\x962\xd1\xa8+\xb3}\
\x1b%=\x10Ht\xf9\xc20\xf5\xf7V\x10Ht\x03\
cN\xca\xfa%\x0e\x02\x89\xec%Y\xbbT@ \xdd\
\xe59\xc3\xa8\xdd8[\xc2\xed\xf7\xe1\x8b\x07TZ\xc4\
#\x5c%b\x90\x83\x0e1\x0cH\x89\x18(\xa7H\x0c\
%\xd5#\x06[+\x11\xaf#h\x10/\xec\xe8\x11\xaf\
\xb4i\x11/}j\x11\xafE\xeb\x10\x13\x07(\x11S\
k(\x11\x93\xcf(\x12\xd33)\x11\x13\x98i\x11S\
\xfc\xa9\x11\x93`j\x10\xd3\xc4\xea\x0a\x04\x13)\xab\x08\
\x04S\x8d\xffg\x98\x81`2\xfe\x10\x86\x11\x08>W\
\xd1\x85\xc0\xb9\x13\xb2`)\x8a\x0f\xba\xf4\x82z4\xd5\
\x90\xc2%\xed\xa4\xf3\xbc\x1b\xa9\xbey\x94\x17\xf8~\x10\
\x8f\xbe\x08)bR>\xf2}\x7f\xaf\x5c/\xe8B\xcd\
\xf3\xee\x87\x14r\xbe\xe2\xb3y\xfdB\x85;\x14R\xd0\
~\xfd\xc43\x1e\xf0wu\xe5z@\x0c\xa8\xd7s5\
\xa4\xb8\x91\xc5\xa7W\x13\x86\xbb\xa0\xf4\x9f}W\x16\xba\
\x97\xdc\xfe\xe0\xe3\xc4)\xc1c\x96\xf8\x09\x5c\xe4F\xde\
\xb9't\x85\xbdO.\x07$\x0c\x7f#\x9d\xff\xeb\xf9\
e\x95Y!\xf0W;\x8dy\xa8z\xf4_^\xa1`\
VQ\x00G\xf9\xe2\x91\x07\x11\xd0\xd1cU\x0dL\x06\
\x00\x00\x00\x00\x00\x00\x000\xcd_?\xacm\xd3\xf5\x18\
\x81&\x00\x00\x00\x00IEND\xaeB`\x82\
\x00\x00\x09\x12\
\x89\
PNG\x0d\x0a\x1a\x0a\x00\x00\x00\x0dIHDR\x00\
\x00\x00d\x00\x00\x00d\x08\x06\x00\x00\x00p\xe2\x95T\
\x00\x00\x08\xd9IDATx^\xed]i\x8c\x14E\
\x18\xdd\xf5\x88\xf7}`\x8c\xf7\x11\xc1\xa8x\xdf\xe2\x8a\
\x01\xd9\xdd:\xa6g\x9dxFD\xc3\x22F\x8c\x9a\xa8\
Q\xa2\x10\xd4\x84D\x8d\xb7\xe0\x81b0\x91\xc3Dc\
\xd4x\xcb\x11\x8f(\x89\xe2\xf9GD\x14\x145^Q\
\xc4s\xf5\xbd\x9a\xde\xb8\xfbm\x8f3,\xect\xf5t\
\xbd\xe4eg{\xba\xab\xdf\xf7}\xddU\xd5\xfdU\xd5\
45\x05\x04\x04\x04\x04\x04\x04\x04\x04\x04\x04\x04\x048\
L\x9e<y\x83R[\xdb.\x85B\xe1\xd0\x0ek\xdb\
\x22k\xc7DZ_]0f\x12>O\x8d\x8c\xb9\xb5\
h\xcc}\xd8\xf6\x00>\xcfu\xc4g\xb7\x0d\xdfq\x1f\
\xb7/\x8e\xe1\xb1\xae\x0c\xa5\x86\xb2L\x96-\xcf\x17\x10\
#\x8a\xa2\x9d\xe1\xb4\xe1p\xde%\xf8;\x1d\xce\x5c\x84\
\xbf+\x0bZ\xff\x85\xcf\xff\x0c\x10\xff\xe49\xf0w!\
8->\xf7\xf0Rk\xebNR_\xc3\xa3C\xeb\xc1\
E\xad/.Z\xfb8\x9c\xfeu\x82\xb3\xd2\xe6*p\
\x1e\x824\xde\x18s\x80\xd4\x9fy\xb0z\x80\x81#\xc0\
\x99\xf1U)\x1d\xe07\xcb\x9ag\x82#2]\xd5\xe1\
\xea\xda\x0f\xc6\xdc\x08~\xde\xc7\xc8\x8c\x12w\xcdr\xb4\
Q7\xa0]\xdbW\xda\xeb-(\xd6\x1a\xf3(\xaa\xa3\
\xbf\xa5A\x8d\xc2\xd8\xb6YZ\xeb\xbd\xa5\xfd>\xa1\x19\
\xbd\x99\xcb!t\xb54\xa0\x81\xb9\x1a\xed\xe1e\xb4]\
:#U\x94J\xa5\x0d!nV\x82\xe0\xbc\xf0\x11\xaf\
\xda\x17\xdc\x197%\x88\xcc\x15\xd9\xb6H\xbf\xa4\x024\
\xde\x83 \xe87)0oD\xbb\xb9\xc6\x8b\xe7\x18\x88\
\x19%\xc5\xe5\x98\xa3\xa4\x7f\xea\x0e4jG%\x08\xcb\
%\xd1\xc3<B\xfa'\x0d4C\xcc\x12).\x87|\
\x87\xbe\x90\xceI\x05Q{\xfbA\x10\xf4S\x82\xc8\x5c\
\xb0\xa0\xd4\x8f\xd6\xda\x03\xa5_RE\x871\x87\x14\xac\
\xfdL\x8amxj\xbd\x0c\xc18X\xfa\xc3\x0b\xb4\xb6\
\xb6n\x8d\xde\xc6\xdd\x11\xdf\xa6J\xe1\x0dF\xdc\x15\x7f\
\xe0\x02\xbc\x13\xbd\xcc\xad\xa4\x1f\xbcC\x87R\xfbGJ\
\xcd(h\xfd\xb34$\xeb\xa4Mx\xe6x\x90\xef\xea\
\xa4\xdd\xde\x03O\xf0\x9b\xc1\x88\x12\xae\xa6\x17\xf1\xb7K\
\x1a\x97)j\xbd\x18\xc1\xe8\xf4\xfe\x8e\xe8\xb0\xf64\x08\
\x1e\xdbT\xa5\x87Qlk\xdb\x13\x06]\xe8^<*\
\xf5e\x1f\x83}\xa3\xd6+\xa9\x15\x9f/\xa0vi\x8f\
\x00{\x9ac\xe9\x0b\xf9E\xdd\x01!\xa5\xd8\x88\x85\xe8\
\x87\x1f-\xbf\xaf\x84(\x8a\x86\xd0\x08\xd6\xc3\x05c^\
\x06\xbf\xe9\xe3\x94:\x91\x892\xa7\x01Z\x22:V\xeb\
\xc1Ro%\xa0A?&b\x96\xb3\x5cVI~_\
wPD/\x03\xb5~\x15\x06v\xb4\xb4\xb4l$\xf7\
\xad\x06\xbezp\xe9\x5c\xdcI\xa8\xa7\xaf\x8b;\x08O\
F\xd6\xbe\xce\x5cD\x7f\xda$\x1e\xc3cYF\xd1\xda\
'X&\xcb\x8ex\xe5\x1bs\x8a\xd6zG\xa9\xa3\x1a\
h\x1b\xca:\x9d\xb6\x8a\xf3y\x18\x90nG\x18\xf3\x05\
\x9cp=\xbb\xc3\xf2\x98u\x05\x1d\xd2\xde\xde\xbe\x1d\xee\
\xb2\x1d\x8a\xed\xed\xfb0\x07C\xf23\xb7\xf1\xbb\xfe\x5c\
\x10\xd5@[h\x93\xb3-\xc1f\xaf\x03\xd2\x8b\xe8\xab\
\xe3j\xbc\x8bu,\x1a\xfa-e\x19\xbe\x82\x0d85\
\xf3\xae\xaa\xf1\x19+#\x01\xe9\xc1x4\xc9\x127\x5c\
\x87C{\x94\x1az~K\xcb\xa6\xb2\xdcz\x83\x1a\xa8\
\x85\x9a\xe2\xa1DK\xfa1\xf2%{\x01I\x22S\xa2\
p\xc2\xa7\xa8\x0a\x9e\xb3Z\xdf\xc1,\x1c\xea\xe83\xe0\
\xa0\x13Q\x15\xed\x85\x07\xceM\xe4y\xd7\x16,\x83)\
W\x96\xc9\xb2y\x0e\x9e\x8b\xe7\xe4\x1d\xbc\x9eR\xce\x8d\
\x11\x90Z\x08\x87\xfd\xea\xba\xcbZ\x7f\x84*\xe4\x0d>\
\xdb\x90p\xecSQ<P\x8e\x9f\xbb\xb7s\x1f\xf0c\
\x1e\xc3cey\x03\xc4\xfc\x04$#\x0c\x01\xf1\x8c!\
 \x9e1\x04\xc43\x86\x80x\xc6\xf4\x03\x82.d\x94\
 ,\x97\xa4/\xa4\x7f\xea\x0e\xa6.\xa5\xb0\xdc2\x8a\
\x86H\xff\xa4\x02<\x5c\xbd\xd0G\x5c\xce\xc8\x07L\xe9\
\x97\xd4\xc0YI|\xd2\x96\x22sC\xa5>\xe1\x80A\
\xe9\x97T\xe1F0j\xbd\xa0\x8f\xd8\xc6\xe7|\xce\x02\
\x93\xfe\xf0\x02\x1cp\xcc\x99GL\xf8$\x08o4\xae\
B#>\xae\xa9J\xa6\xd4\x0b\xf0\x15;\x04_\x81;\
\xe6\xc3\x04C\xb2\xce\x0f\xf8br\xe4\xc8\x91[H\xbb\
\xbd\x00\xa7\x22\xc8m=\x11\xa78\xa7!8?$\x18\
\x97\x0d\x96\xb5O\xab\x96\xa2\xae\xe6\x8b\xba\x80\xe9ZT\
S\xb7i\xad7\x97\xdf\xf5\x043xh\xfc\x8e\xc3\xd5\
u\xad{#[\xbf7\xb0\xfd\xe1j\xa7\xd1\x98k\xa0\
\xf7\xd8j\xd9G\xda\x0e\xdbn\xa7/\xe4wuG\x14\
?\xa9\xc7)\xdb1\x9d\x9d\x9d\x1b\xcb}\x92\xc0\xfc\x04\
zf'\xb0\x1ef6\x11\x06\xbd\x82r\xbeMp\xce\
\x80\x92\x83+8\xc0\x81\x1a\xa8\x05w\xf4\xf1\xb5\xe6_\
h\xabK\xb2\x19\xb3\x22./\xfd'u\x8a\xe8e\xa4\
\xd6+9\x88\x80]a\xb9o-`\x8f\x85N\xc1\xd5\
V\x80\xa3.\x01\xa7p\xd0\x9dU\xeail{\x1b\xff\
\xbf\x0b.eR\x09\xe7\xfb\xbeWUX\xfe\xccm\xcb\
\xb8O\xbc\xef[<\xd6\x0d\xdcCY\xaeL\x94\xcds\
\xf4w>\x07mcn\x9d\xb6\x8a\x00{\x18\x90\xee+\
O\xeb\xdf\xc1\xd9\xcc\xce\xa1n\xddF\x1e\x975\xa0\xfd\
\xd8\xd6e1\x8d\x99C\xdb\xa4\xbd\xde\x07\xa4Wp8\
\x0e\x16\xd5\x02'\x85v\x18sd\xad\xd5Z\x9a\xa0F\
j\xa5fj\xa7\x0d\xd2\xae\x04f# \x92q\x83\xbe\
\x08\x86\xde\x82\xbfg\xc2\xf0\xc3\xaau\x0a\x06\x12\xec\xc2\
R\x03\xb5\xc4\x9a\x16\xf5\xb3\xd3\x91\xcd\x80T`W\x81\
\x83\xe1\xf8^\xac\xbc\x88\xccdl\x1b\x8b\xbf\xedE\xa5\
\x0e\xe7\x00\x05\x8e\xb7\x92\xe7\xaf\x82f\x1e\xc3cY\x06\
\xcaUpt'\xcb\xe6\x80\xe9\xb8'\xb5\x9c\xe7N\xd0\
\xd3\x1f6T@j&'\xc8\x14\xca\xbd#6\xdcK\
\xf9.\x89\xec\xfe\xdf}\x87}\xe4qu`>\x03\xe2\
1C@<c\x08\x88g\x0c\x01\xf1\x8c! \x9e1\
\xfd\x80\xa0\xfbh\x12\x84\xe5\x92\xf4\x85\xf4O\xdd\xc1\xc1\
\xd0\xebi\xa0r\xa6\x09\x1f\xfcURj\x0f\xe9\x9fT\
P\xb4\xf6a)0wTj\x86\xf4Kjp\xf9\x80\
\xff\xe6\xd9\xe5\x8fZ/\xe0\x8cc\xe9\x97T\xc1\x09/\
\xf1D\x97\xf5\xf5\x1a\x22\x0b\xecB0\xa6\xd7\x9a?I\
\x05hSZ\x98\x83H\x10\xdfP,*\xf5&.\xc0\
a\xd2~_\xc1y\xdb\x5cGk^\xd4X\x8b\x9b\xd1\
\x96\xb9^\xccG\xaf\x848\xf9Tq(\x8c\x9b)\xab\
\xf5\x04^Q\xec\x89$\x18\xe95\xa9\xd9\xdd\x0d\xb0\x01\
\xb6n/\xed\xeb\x81f/\x12q\x11\x1f\x0c\xad}\xbe\
\x96%S\x99uC\x9dk9 \x00|/\xf2\xb3\xbd\
\xe9r\xda\xa0\x91\xcf\x15\xd4,\xed\x90\xa0\xed.m\xe0\
\xc3\x83!E\xc4\x86\xfc\xc6\xe4\x0el\xd8U\xeeS\x09\
\xccUXkO\xc2\xb1\x17\xb9E\x02\xea?\xd0\xe1[\
\x9e\xd3-&`\xed8N\x08\xad%\x00\xdd\xa0\xadq\
B\xab\xbbZ\xf6* \x8e.]\xab\xf5l:Z\xee\
[+\xdc\xfcp\xae\x11\x8fF\x13\x8e:\x9b\x03\xd3p\
\x17\xde\xcc\xbe~\xc4\xc9\x9d\x5c7\x9e\x0b\xdaX\xfb\x12\
\xee\xb8\xc5\xbd\x88mn2(\xf6\xe1\xbe\xee\x18\x1c\xcb\
2\xa0\xeb,\x96\xc9\xb2\xd7e\x11\x99\xf8\x22\x9a\x93\x90\
\xd6\xf5/ \xbd\x82c\xed\xfb\xb8\x82\xa6p]\xc6\xa6\
\xffig|\x07\x87\xc8\xd2\x86\x22\x97\x19\x87M\xd2\xce\
\xcc\x04\xa4'9=\x99iS\x5c\xad\xe7\xc5\xbf:\xe0\
s\x80\x9a\xa9\x11\xbaGS3\xaa\xb4\xaf\xa4=\x15\x98\
\x9d\x80H\xa2\xfa\xf8\x0e|&\xe2\x82\xfd\xc6\x9c\xc3\x11\
\x1e\x5c\x91N\x96?\xd0\xe09\xdd\xe8\x12h\x88\xb5<\
KmRo\x8d\xccn@*\x92\x03\xed\x94z-\xe2\
3\x0c{c\xc6\x5c\x89j\xef\x5c\x0ev`\xa3\xcb\x05\
7\x8b\xc5\xe2n\xec\x10\x90=\x9f\x92\xf9\xb9{;\xea\
\xf9\xdd\xdd\xe2\x9c\x5c\xb9\x01\xc7\xb2\x0c\x96\xe5V\x8a@\
\xfb\xc2s\xf0\xae\xeds\xfeuc\x03\x06$\xdb\x0c\x01\
\xf1\x8c! \x9e1\x04\xc43\x86\x80x\xc6\x10\x10\xcf\
\x98~@\xd0goM\x10\x96K\xd2\x17\xd2?u\x87\
\x9b`c\xcc\x1a).o\xf4\xe6\x07]\x08\xbe\xaf\x92\
\x02\xf3F\x8e\xa8\x97~I\x0d\xee\xe5[\x9eG\x9e(\
5\xc3\xab\x1f\x05\x8b\xc1\x9f\xcd\xbb\x14W\xca/}\x04\
7(\x0b\x5c\x98_\xeb\x09\xd2\x11^\x81\xeb\xa4C\xec\
\xcc,\xa6k\xd7\x82\xfcq\xe3\x87\xbc\x19\x18W\x0b8\
\xa2\x91\xf5jT\x9e-+\x0d\xca&\xcb\xb3{'\xd5\
\xb08\xbf\xbfp\xeb\x9f(u*\xaf\xa8B\xe5%\xba\
\xbd\xa5\xd3\x0c\xed\xe0p\x1f\xdb\x89u\x06\x7f\xec\x85\xf9\
k\xa6y\xf9\xaa]:\xc0\x03\xae\xb0J=\xc6\xb9\x88\
\xd4*\xf57<8\xb4\x06\x819\x19W\xe2xTq\
\xf7F\x5c\xee\x08NI\xc8W\xaf7\xc6es\xf5\x85\
\xf9\x05k\xef\x89\xcf=\xac\xca0\x9f\xdc\x83i\xd4A\
\xfc\xc1\xad\xf8m\xc0h8\xee*\xf4\xe4&\x82S\xdd\
\xc0\x85\xf2\xd0\xd5\xfb\xa3xek~v\xdb8 \xa2\
\xbc\xcfDw\x0c\x8e\x05G\xb1,\xef\x16\x1a\x0b\x08\x08\
\x08\x08\x08\x08\x08\x08\x08\x08\x08H\x19\xff\x02mR2\
\x18\xd0\x9f\x82\xdb\x00\x00\x00\x00IEND\xaeB`\
\x82\
\x00\x00\x06\xe6\
\x89\
PNG\x0d\x0a\x1a\x0a\x00\x00\x00\x0dIHDR\x00\
\x00\x00d\x00\x00\x00d\x08\x06\x00\x00\x00p\xe2\x95T\
\x00\x00\x06\xadIDATx^\xed\x9dY\x88\x1cE\
\x18\xc7g\xbd\xaf\xa0x\xc4\x0bE\x9fTTDA\xc4\
\xe3aQ\xb30\xd9\xae\xaa\xeeY\x07Q\xbc\x03\xab\xa8\
\x88\xc1\xa0\x22h\xd6\x171\x04\x04Q_\x22\xe4E<\
@\xf0\x021\x1e\x18\x12$x\xbe\xe8\xfa\xe0\x05\x22Q\
\xe2\x15\xc5\x8b\xc4\xe8\xc6\xff\xd7\xdb#\xbd_\xd5\xee\xf4\
L\xf553\xdf\x0f\xfe\x0c\xd9\xad\xea\xfa\xfa\xfb\xa7\xaa\
\xba\xba\xabg\x1b\x0dA\x10\x04A\x10\x04A\x10\x04A\
\x10\x04A\x181\xda\xed\xf6\xbe-\xad/n)u-\
>\xef\x8a\x94\xbag\x98E\xe7H\xe7j\x8c\xb9\x88\xce\
\x9d\xe7\xa32\x94R\xa7\x22\xc0'\xa1\x9f\x22\xad\xf7\x8e\
\xa8~\x846\x84ax\x0a\xcfOi\x8c\x8f\x8f\xef\x17\
\x19\xf3p\xa8\xd4nG\x80\xa3\xaa]\xe89\x0f\x95\xde\
c\xd0\xe0\xe10\xe3uG@\x22(\xd4z\x13\xe5\x88\
\xe7\xad\x10\x92\x9e\xf1\x16\x0fB\xb4Pa\x10\xbcI\xb9\
\xe2\xf9\xcb\x1d\xcc\x15\x8f\xf0\xc6E\x8b\xc8\x98\xf5<\x7f\
\xb9\xa2\xb5>\x0d\x0d\xed\xb1\x1a\x169\x85\xf9\xf5\x9f(\
\x8a\xce\xe0y\xcc\x0d\x13\x04\xcf\xf2FEK\x0b\xa6<\
\xcd\xf3\x98\x0b\x98\xa4\x0e\xc6\x15\xc4\x1f\xbcAQW\xfd\
\x89\xa5\xc1!<\x9f\xde\xc0\x8cIGc\xa2\x0cB/\
i\xf2|z\x83\x09j5oH\x94Q\xc6\xdc\xc1\xf3\
\xe9\x0dz\xc8:\xab!Q6a\x01\xcd\xf3\xe9\x8d\xd1\
\xfaq\xab!Q&Q\xeex>\xbd\x11C\xfa\x97\x18\
R3\x89!5\x93\x18R3\x89!5\x93\x18R3\
\x89!5\x93\x18R3Uc\x88R\x9f\xe2\xb3=\x92\
\x9a?w;'\x15\x1b\xb2\x99\xd7\x19\x15\xe8\xdc\xad|\
\x88!\xd5!\x86\xd4\x0c1\xa4f\x88!5C\x0c\xa9\
\x19bH\xcd\x18HCh\xd3X\x18\x86\xe3\x11\xbb\x86\
oi\xad[\xad\xd6\xf1\xbc\xbc\x0b\xd4?\x02uV\xf0\
c\x14\xa9\x96R\xe7w\xdb\xf06p\x86\xc4\x1b\xb2\xb5\
\xfe\xcc\xaa\x93(\x0c\x82\xbf\xf1y\x0b\xaf\x97&\xd9d\
\xb1\x93\xd7-C\xa1R\x1f\xb4W\xae<\x8e\xc7\xd4a\
\xe0\x0c\x09\xb5~\xc3*\xcfD\x9b\xca\xa6\x94:\x9d\xd7\
%\x92\x9eQ\x89\x19\x1d!\xbe\xe7x\x5c\x1d\x06\xca\x90\
x\xa8\xa2\x1d|\xbc\xbcC\x18\x1en\xe5\xf5\x89\x961\
\x97\xf3\xb2\x15h'\x8f\xab\xc3@\x19B\xc0\x90\x9f\xad\
\xf2\x0e!\xf1W\xf2\xba\xc4\x94\xd6\xe7\xf2\xb2e\x0b\xbd\
\xfcs\x1eW\x07n\x08\xca\xfe\x00}\x85\x9f\x7f\x8b\x7f\
\xef\xa9\x9d!\x18\xff\xef\xb7\xcas\x05\xc1\x97\x13\x13\x13\
\x87\xf2\xba\xc4\xcc\xcc\xcc>\xfc\xa4K\x971\xb7\xf1\xb8\
:\x84\xc6<\x81\xf8\xd6\x18c\xce\x9e\x9e\x9e\xde?\xfd\
\xbbf\xb3y\xe0R\xf3O\xdf\xf8\x18\x12'\xd4\x98\xd5\
\x08\xfc\x93h~.Hk;\xed\x19\xc6\xc9\x9c\xc4\xeb\
\xa5\xa1\xf7-`\xecc\xd0\x17\x8ec\x14\xa2\xb8g+\
\xf5\x1e>W!\x841\x1eS\xa5\xf8\x18\x22\x14\x80\x18\
R3\xc4\x90\xa5\xa1!\x179x\x10C\xf36\xe4c\
\x07\xad\xad\xa0\xef\xf0\xb3-\x98\xe0\xef\xce}\x1e\x11C\
\xdc$\xafi\xacK\x16\xb7v^\x12\xc5\xafr\x18\xf3\
@n/\x84\x8a!6\xedf\xf3\x98V\x10\xbck\xe5\
b\x09!\x8f\xafi\xad\x97\xf1c\xf5\x8c\x18\xb2\x90(\
\x8a\x96'W\x8dv.\xba\xeb%\xba\xf2\xe4\xc7\xec\x09\
_C\xd0]\xaf\x8b\xd7\x12J}\x98\x16\xc6\xd7\xf7\xe9\
r\x16'x\x14\xaf\x93\xe6\x86\xf1\xf1\x83Pv-\xda\
\xda\xca\x8fQ\xa06\xbb.\xc7\xf1?\xfc\xd8\xa8\xcb\xc6\
\x86n\xc2\xb9\xdc\xce\x8f\xdb\x13>\x86\xb4\x94\xba\xd3*\
\xcf\x15\x04\x1f\xd3\x22\x8a\xd7\xed\x80c\xbcb\xd5)R\
J\xfdF_\x15\xc2\xe3\xc8\xc3\x0c\x12\xd66\xdfc>\
9\x8c\x1f?3>\x86\xe0\xf7;\xac\xf2n\xb5x]\
\x22\x9a\x9c<\xcbQ\xb68\x15lFG\x8b\xdd*\xca\
D\xbf\x86$7\x17\xff\xb5\xca\xbb\xb4\xc8\xed\x09\x5c\xc1\
LXe\x8bRIf\xc4Rj#o'3\xfd\x1a\
B\xa0\xee;Vy[s\x18\xb6\xce\xe1u\x09\xa5\xd4\
\xd1\xa5\xbc\x01\x0c3\x10\xc3%\xbc\xfdB\xcc \x05\xc1\
\xdb\xbc\xad\xcc\xf8\x182\xa5\xd4\x99\xd1\xfc\x9dO\xbb\xde\
\xbc\xe60G\xdc\xc7\xeb\xa5A\xf7\xbe\x1a=\xed/G\
\xdd\x5c\x84c\xff^\xaa\x19:\x9e\xd8?\xe2\xede\xc6\
\xc7\x10\x82&0$\xf5\x0a\x9c\xf8tZ\x18\xa6n\xcc\
\xfam\x07t\xc5\x83:W\xf1c\xe4!\xac'\xce\xe3\
\xed\x15i\x06\x89\x1e\xdc\xf163\xe3k\xc8\xa0Q\xb4\
\x19$\xa3\xd4\xa3\xbc\xdd\xcc\x8c\x92!e\x98\x91h\x05\
o;3\xa3bH\x89f\xcc6|\x9e\xb1\x8c\x82!\
\x9e\xb7Cz\xd1\x1c\xed\x13\xe0\xed\xf7\xc4\xb0\x1bR\xa2\
\x194\x99\xaf\xe5\xed\xf7\x8c\xaf!u\xd8(\x17.\xf2\
%0%\x0eS{\xe9\xf9{\xc3g\xa8\xea\xe0cH\
\x1d6\xca\x85\x15\xac3\xb8r3\x83\xf01\xa4\xea\x8d\
rCg\x06\xd1\xaf!Uo\x94\x1bJ3\x88~\x0d\
!\xc2\x8a6\xca\x0d\xad\x19\x84\x8f!Ul\x94\x1bj\
3\x08\x1fC\xca\xde(\x17\xef\xf6\x18f3\x08\x1fC\
\xea@\x99\xeb\x0chC\xa3H3\x88A6d\xe8\xcc\
 \xe8{\x03\x1d\x8d\xff/\xaf{\xfb\x052T\xc3T\
\x1a\xfafM\x1e\xc0\x82`\x94\xdaMO\xf6x\xbd*\
\x19Z3\x08\xba\xc5\xc1\x83\xb0\xe4\xf3\x8c8g\x92\xc5\
\xe4\xac\x15c\x01*\xdd\x0c\x02~,C\xe3\xbbx0\
\x0e=\xd5\xed\x8a\xa9\x0cp\x95\xf5\xb2#\xb6\xdcU\x89\
\x19\x1d0,\xbd\xca\x03ZDs\x08\xf4\xeb\xc8\xdex\
V\x88\xe8\xa6e:N\x98q\xa1#\xa6\xdcU\xa9\x19\
Dr\xb7\xd6\x0a\xacJ\xd1m\x19\xacQ\x8eL\xc7\x19\
\xd1\x9f`r\x94\xcdS\x95\x9b\xd1\xa1\x87^R\x8e\x8c\
\xd9\xc6B\x1c\xc3\xcf\xb7[\xe5\xf2U9\x97\xb6Y\xc0\
\x5crBT\xfc\x09g\x16\x7f\xd8C{\xbbx\x99\x9c\
U\x1f3:\xd0\x18\x1d\x16\xb8G\xaa\x17\xe1\x02\xe2\x82\
\x05\xb1\x19s//\x93\x97j3L\xb9\x88\xef\xc0*\
\xf5\x0d\x0f\xbaL\xd1]d\xfe\x02LD\xbb\xe3\x1de\
sP\xfdz\x06\xa7\x1d\x04'\x22\xd0\xe7#\xda\x06j\
\x9f@\xe1\xa2\x9b\x92\xe9x\x92\xb5G\xee\x7f\x92\xa9\xd6\
=\xc3\x05\x0d\x1b\x08\xfc\x990\x08~\xe5'S\xb0\xae\
O\xc7A;#\x1de\xbc4pf\xa4\xc1\xf0q\x00\
\xdd\xf6\xc6D{\x0d\x86\xb35\xf1\xfd\xaf\x22\x15E\xcb\
\xd3\xed\xa3\xcd\x8d<\xa1>\x1ah3j\xc0X\xb4\xf4\
\x86\xee^U\xff9\xa3\xce\xf4\xfb\x98w\x11\x89\x19\xbe\
\xd0\xeb\x0c\x8e\xc4\xf6,z*\xd9\x103\xfc\xc1p\xb5\
\x85'\xb7')\xf5\x0b\xbd\x96\xc0\x8f+\xf4\x09%\xd4\
Jr7\xd1\x1bSZ\xbf\x00#Vy\xbd\x80)\xd8\
\xd0\xf7YY\x09wk\x16Wh\xeba\xc6\xa5tU\
\xc8\x8f#\xe4\x04\x12}\x93#\xf9\xf1v \xacO^\
\x84n\xc6B\xf6d^O(\x90\xf8\x959\xad7\xd1\
\xcb\x94\xd4\x0b\xb0P\xbdLz\x81 \x08\x820*\xfc\
\x07\xc8U.\xd1\xe5,rD\x00\x00\x00\x00IEN\
D\xaeB`\x82\
\x00\x00\x0ap\
\x89\
PNG\x0d\x0a\x1a\x0a\x00\x00\x00\x0dIHDR\x00\
\x00\x00d\x00\x00\x00d\x08\x06\x00\x00\x00p\xe2\x95T\
\x00\x00\x0a7IDATx^\xed][\xac\x5cU\
\x19> \x22 \x17\xb9\x05#\xc6 \x22r\x13\xf0V\
1D=\xd0\xa4tz\xf6\xdak\xaf9\x0c\x16\xd0\xb4\
i\xe3\x89\x0f<\xf9\xc0\xd5\x87\x1ac\x88@DA(\
B(\xad\xca\xd1\x18#\x04\x1e\x8cJ\x84G\x1e A\
\x13\x94\x12\xe0`\xad\xb4\xa5\x10Mc\xa1\x5c<\xf0}\
{\xf6\x90\xe1\xdf{\xf6m\xd6\xbe\xce|\xc9\x97s:\
=\xfb_\xff\xfa\xff\xbdn\xff\xfa\xd7\x9a\x99\x99)b\
\xd1\xe9t\x8e\xf6<o\x85\xd6ZyJm\x04\x17H\
\xe3\xba\xbd\xae\xeb^\xd8[\xb3\xe6\xa3\xf2\x99),\xa2\
\xd7\xeb\x1d\xe3\x1b[\xeb\xfb<\xd7}\x16\xbf/\x83\xef\
$p'\xfe\xfew\xf8\xb9nnn\xeeX)s\x8a\
\x1c\xe8*u\x01\x0c\xba\x15o\xffk\x11\x06OM\xcf\
q\xde\xc4\xcfE\xc8\xfb\x92,c\x8a\x14\xa0#\xd0\x12\
\xfe$\x0dk\x89\x0f\x1bcN\x97eN\x11\x01tM\
\xc7\x19\xa5\xb6\x98t]Rn\xb2\xc5\xc0\xe1\xdfCy\
\x1f\x90:L\x11\x00FZ\x09c\xed\x96\xc6+\x98\x8f\
\xb9\xae{\x92\xd4e\xe2a\xb4\xbe\x01\xe3\xc4\xdb\x11\x06\
+\x9e\x8e\xf3\x1cfl\x9f\x92:M$\xd8e\xc0(\
\x9bCF*\x99\xdauwM\xbcSfgg\x0f\xd1\
\x8e\xf3ki\x9c\xca\x88\x962\xb1\xdd\x17[\x06\xde\xca\
_\x85\x8cR=\x1f\x9b\xb8\x81\x9e-\x03\xe3\xc5o\x22\
\x8cQ\x0fb<\x93:\xb7\x165n\x19\xc3<0\xef\
8\x9f\x96\xba\xb7\x0e\xb5o\x19C\xecj\xfd\x80\xd4\xbf\
U(\xc0\x19;\xc1\x9b\xc0\x1efG\xe7w\xe7\xe6N\
\xc5\x80|\xda\xbc\xd6k\xb0\xb0\xfc~\xd7u_\x88x\
&\x0b\x97\xb5\xd6\x9f\x95\xf5h\x05\xac:C\xa9\xbf\x83\
\xce\xa6M\x9b\x0e\x96\xe5\x0c\x83]#\xca\xbc\x0c\xab\xf1\
\x7f\x86d\xa4\xe76)\xb7\xf1\xb0\xe5\x0c\x7f\xd1\xa8\xf5\
\xb5\x0b\x0b\x0b\x1f\x94e\xc4\x81Qb\xcfq\xfe,\xe5\
\xa5!Z\xd9\xff\xf0\xfc\x91Rfca\xcb\x19h\x11\
\xfb \xa7#\xe5\xa7\x05\x8czh^\xa7\xa0\xdc\xcb\xa5\
\xbcF\xc2\xa23^\x99w\xdd\xcfI\xf9Y\xc1\xfd\x10\
t_\xff\x0a\xc9O \xf7_\xa4\xac\xc6\xc1\xa638\
`K\xf9y\xd1U\xea[\xa12\x12\x08'>/\xe5\
4\x0auu\x06\xc1\xf1\x07r\x97Be%\x10\xb3\xb7\
\xa3\xa4\xacF\xc0\xda\xa2O\xa9\xff\xa0\x9b\xfa\xa2\x94o\
\x03\x98\x18\xdc\x1c*/\x816\xba\xcc\xd2Q\xe7\x961\
\x0c&E\x84\xcaL \x9f\x91rj\x8d&\xb4\x8c\x01\
\xcc\xdc\xdc9\xa1r\x13\xd8\xa8\x99VSZ\xc6\x00(\
\xe3\x94P\xd9\xc9\xdc \xe5\xd4\x12Mj\x19\x03\x18\xc7\
\xf9J\xa8\xfc\x04b\xea\xfb\x0d)\xa7v`\xcb\x80\xb2\
\xdf\xc5jv\x13\x17mx\xf3\xbe0\xaf\xd4\x19\xa8\xf0\
y\xf3Z_\x82\xcf\xd6c\xcax\x0b\x06\xd1G\xb8\xe2\
\x95\x95|\x8f%\xb5\x8c\x01\x18N\x09\xe9\x90\xc0q\x16\
\xa5\xa5a\xd5\xaaU\x1f\x96\x9f\x8d\xc2\xfa\xd9\xd9\xc3P\
\xb1\xd5\xe06\xf0\xc0{\x95-\xd9\x19\x84\xa7\xf5\x1d\xd2\
\xe0I\xc4\x8bv\xb6\x94\xd3\x1a0\xc5\xd3wL\x05\xce\
\x08\xba\xd8]\xd2\xe0qd\x0c\xad\xd3\xe9|H\xcaj\
\x1d\x98\x7f%?+\x1a0\xae'\x0d\x9eH\xa5\x9e\x96\
r\xa6\xb0\x00\x06\x18a\xe0\xed!\x83'\x10\xe3\xdf\xed\
R\xd6\x14\x16\xc0}ri\xecTTJKY\xb5\x05\
cC\xae\xeb~\xc6s\x9cU\x86;w\xfdc\x01\x97\
\xb3k\xe04\x96{\x11\xf2\x99*\xc0\x0d-\x8e\x05!\
c'\x10\xf5\xfa/\xeap\xb8\x94W\x1bppc\xe5\
0\xb5\xfd\x09\x14\xfe+\xf8\x96\xacD\x88J-af\
\xf3\x0b\xfc~e\x15A:\xc6\xa1\xa0\xc3\xbe\x90^i\
\xa8\xd4=R^-\x10\x84\x1b6\xe3-{5\xa4t\
\x06\xe2\xf9\xd7\xe8\x1c\x18\xe9\x5cYF\x11\xe0\x9a\x88\xb3\
9\xa9GJ.\xd7.\xa8\xd8u\x9c\xcfw\x95z\x88\
\xcaE(<\x0e\x97\x99\xd5\xc1\xc4\x04Y\xa6-\xf8\xce\
p\xdd\xbd\x11e\xa7\xe5\xc3Rfe\xe0\xee\x1af\x17\
w\xe6\xe9w\xb3\x10k\x82\xd7\xb9O\x9e\x94\xb0\x90\x15\
\xcc\x161c8\x83\xf5\xe6\xcb(\xe5V\x024\xf1\xaf\
\x9b~\x8aMH\xd1\xa2\xc8\xfd\xee^\xa7s\xa2\xd4%\
\x0f\xe8\x0c\xcfu_\x96ed!_F)\xb7\x12\xa0\
\x22\xd7\x15\xdd*b\xb8])\xf5I\xa9S\x16p\xac\
\x83\xfe{\x22dg\xe1\xce\xca\xcf#\xb2\xcb\xc8\x13\xe3\
)\x80;1\x13\xfb\x98\xd4/\x0d\x18o\xb2\xe0\x8c\xb7\
\xd0:\xbe&e\x97\x0aFmku$@\xeb?J\
\x1d\x93\x80n\xea,c\xe1\xe4\x15z\x88\xab\xa5\xecR\
ams\xc92\x19\xca\x97\xba\x8e\x821\xe6\xcc\xac\x01\
\xc3(B\xc6\xcf\xa4\xecRQWg\x90\x98j_/\
\xf5\x8d\x02\xf7_l8\x03\x5c\xb4=\xd3\xcb\x84:;\
\x83\xe4x&u\x96\x08B6/\xc9gsp\xb1\xd2\
\x03:uw\x86O\xa5n\x94z\x0f\x83g\xcc\xf17\
\xff\x0e=\x97\x91\xb0\xc3\xfd\xedr\x06\x8c\xc2\xf04d\
n\xc4\xc0\xfaU\xf6\xfd\xf8\xecb\xfc\xdf:\xa6`\x9a\
\x9c\x03-d\xbaR\xf7\x01x\x90\xc6\x863\xc0_\xb6\
\xc7\x19J=\xc1}\xf3\xa4~\x97\x91R\xcc\x5c\xae\xca\
4\x1dUji\xd4\x0e\x1d\xcf\x7f\x18\x0b\x8bV\xc6\xd3\
\xda\xe2\x8c\xfdl\x0dI\x8e\x90\xe8v\xbb\x1f\xef:\xce\
\xe3\x11\xf2\xde\xc7`Q\xbaZ>O\xd0\x19y\x92\xa5\
#\xb8\xad\x1d\xce`\xf74\xc6\xc5-~\xe8\xdeq\xee\
\x0d\xc9\x0d\xc8\xcc\x94Q\xe96<?\x8e\xf2w\xc8g\
\xb2\x92\xddh\xd6\x97\xc9*,:c\x89\x09fR~\
\x1e\x04\xb1\xb2\xc5\xe0\xc8\xd9^\xbc\xf5O\xe1\xf7\x1f\x8d\
Z\xa13\x22l\xc3\x19\x90\xb1\xa5RgXLb\xdb\
Qd\x98<\x0e=\xc7\xf9\x84\x85\xb3\x82\xbc\x10\xe0\xde\
\xd68\xa3\xaa\xeb&Z\xe3\x0c\x8b\xdd\xd4\xc8\x96\xc1A\
\xda\xf0\x04\xac\xe3\xfc\xcdpG\x0e]\x1a\xe3ap\xde\
\xac\xfc\xdb<\xf0\xf3os\x9c\xe3\x88\xe0\xdd\xadq\xc6\
\xa8\x96\x81\xff_\xeb\xc5\xdd\xee\x86\xbez\xd4\xb45\x0d\
P\xee\x0a++p\xa5\xee\x82\xb8\x83\xa4\xfc\xd2`\xcb\
\x19\x9cZr\x8a)\xe5\x13\xe8B\xe6P\xc6\xff\xe53\
\x92\x9c\xe2\xa2\xcb9Y>\x1f\x07\xbe\xc9x\xf6;\xfe\
.b\x84\xcc\x8c\xdc<\xd3\x06g\x98\xfe~D\xa43\
\xd6\xcf\xce\x1e\x96q\x1d\xb0\x9b\x8bB>'e\x0d\x83\
\xe3\x9d\xefh\xcc\xb6\x22ddf\x10\x07k\x813\xb0\
\xce\x88\xbb\xdf\x03\x7f\xd3\x0d=\x93\x8e\xbb\xfd\x9bD\x99\
\x0d\xef8+\x19^\xe1&\x10>\xff\xb6\xe9\xdf\x93\x95\
+\xbc\x12\xc5 \x84\xde\x0eg$]\x0ai\xfa\xd7X\
\x84\x9f\xad\x09\xd12n\x9bi\x8338\x802\x94-\
\xe5K\x98\x1a\xdc\xfa6\x8aZ\xa9\x9f\xceT\xe9\x0c\x0e\
\x806\xb6]\xb9\xb9\xc3M\x1e)?\x0a\xbc\xc1S>\
_\x07B\xaf[g\xaat\x06a,\xbc\xad\xfeN\x9b\
1gJ\xd9\xa3\xc08\x96\x94Q9\x95\xfa\xb1\xd4\xb3\
t\xe4\xce\xe2~?w31@\xcaN\x82W\xdc\xc5\
\xc6\xd9\xa9\xf5\xcdR\xbf\xd2\x817\xe2\xe2 D\x1dV\
0%\xf1\xfc\x9e\xbcG\xb4\x18\x004\x16\xf6#\xc6\xe4\
2\xb3\x1d\xa5n\xa5\x03\xdd\xcb\xf1\xe3n\xe8\xd3\x19L\
&\x93\xb2\xb3 8V\x9c\xf9\xe0\x8b\x0d\x06\x11\x82u\
R\xa7J\x80\xd6q\x8fT0\x0b\x99^i\xeb\x864\
\xa5\xd4\x09\xa5w_J=SV\xd6|\x22`\xc8/\
\xa7\x09Y\xc4p\xaf-g\x0c\xe0\x87:\x94\xba\xc6R\
\xa8#\x8e\x07\xd0E\xfd\x10/\xc1\x11R\x87\xca\x80J\
\xff!B\xd1\xb4\xdc\xcb\xd4|)\xd3\x16\x98\x8f\x8b2\
~o,\x1fY\x08\xc6\xca\xc5\xa4\x05k\xe9\xe0\xd10\
\xa9lj24^\xa03\x86\x11\x1c\x01\xe09\xf4\xfd\
!=2\x90\xe3\x1c\x17z\xa3bj\x95#n\x1f:\
\x96J\xed\xab\xe2\x04P\xaf\xd7;\xb2\xab\xf5\x15\xd0a\
k\x9a\x0d&8\xe0\x0d\x8cGOr\x1a\xcb\xb3\x8a\x8c\
@H\x99\xb5\x01\xfbM\x1aVV\x22\x89l\xee\xbc.\
U\xca\xab\x02\xc1wE1\xa0\xe8B\xb7\xb5\xe0\x06\xc3\
\x03\xa2\x8e\xb3\x92\xc1\xccZ;@\x02o\xda\xa5\xd2\xd8\
\xa9X\x87yz\x1ba\xf2\x84H0=\xccz\x95\xea\
\x14)\x81\xd9\xd5?B\x06O`\x5c\x1afQ\xa8\xe2\
\x9a\x8c\xd2\xe1\xef\xd0e\x5c{0\x94^\xf6\xa6>/\
\x90\xf1gs\xcc\x08l\xf3w\x07rU*\x0d\x9eD\
&>K9Eb\xc8\x19\xfd\x17\x823&\x9eC\xc7\
\x84\x22\xcb\x0d\x08\x1c\xf8\xe5g\xb5\x03\xf7\x99\xa5\xc1S\
\xb0'\xe5\x14\x05\xe9\x8c\x08\xee\xc7\x94\xfd/\x0c\x91s\
\xfb\x16\xff^\xcd\xa3\xc6\x8c\xa5qm\xc5\xae\x15\xfc\x01\
W\xfb\x8d\x98i\x99\xfe\x14QV2\x96\x0c\xb1H9\
E \x853\xd2\xf2\xb7\x8dp\x06a\xfa\xf3uY\x81\
X\xda\xca\xbf\x8d\x83-gp\xfb\xb91\xce \xa0\xf4\
\x95\xb2\x12I\xcc\xbb\xcf\x91\x16\xb6\x9ca\x9a\xd42\x06\
\x08V\xb6\xb2\x22\xb1,\xf2\xc2_[\xceh\x5c\xcb\x18\
\x80\xe1\x06Y\x99\x14\xbcI\xca\xb1\x01[\xce0Ml\
\x19\x03p*\x18Q\xa1x*\xb5\xc3\xf6*}\xea\x8c\
!x\xae\xfb|D\xc5b\xc9\xafd\x90r\xf2\xc2\x96\
3\x1a\xdbMI\x04'YC\x15\x8ce?s\xfd#\
RVV\x047\xb1M\x9d1\x8c`_!T\xc9$\
\xfa\xd7\x1d\xf5z\x87Jyi\xe1/Js\x84\xfd%\
[\xe5\x0c\xc2\xdf\xec\x89\xbb\xa6;\x86tJ\xd6\x96B\
'2C1\xd8>\x0d\xc9\xcc\xc2\xd69c\x00\xd3\xdf\
\x16\x0dU8\x0d\xbd\xfeW\xc6\xadM2\x0c\x8f\x04x\
\xfdK\x86\xad\xa4\xf7\xb4\xd6\x19D\x10d\x1c/\x81@\
\xa9\xa5 n\xe4p\xaf\x9aG\xd5\xfc1\x82\xa7\xa1\x5c\
\xf7\xd6q\xf3\xbd\x86\xd9jg\x0c\x80\x8a>(+^\
GN\x843\x08\xbe\xd1%\xe4?\x8d\xcb\xe6\xaf3\xb2\
\xc0R\x92u!\x9c\x98\x961\x0c?SP\xebG\xa4\
1j\xc0\xc9j\x19\xc3\xc0\x80|\x92q\x9c\xe7\x22\x8c\
R\x09yhhb\x9d1\x00gI6gEy\xc9\
\xd3\xaee\xef\xdf\xd7\x16\x1eo\xc7\xa9\xa8\xa5\xf8\x8bF\
\xa5\xae\x91:M<\xfc\xeeK\xa9G\xa5\xc1\x8a$\xb3\
Z\xb0\x9e\xb9H\xea2E\x00\x7f\x85\xdd\x0fu\xbc!\
\x8dg\x99\xcbp\xc4\xcf+\xbf\xf1\xb9)`\xca~\xf0\
-\x06\xd2\x90c\x93G!\xc6\xb9\xb8l\xa2\xc1\xf4\x1a\
\xb4\x96\xfb\xc7m1~@S\xa9-\x18\xabV\xc82\
\xa6\xc8\x01Fy\xd1\x95}\x93\x0b6\xcc\x86^\x94\x06\
\x97\xf4\xfa\x19\x92\xdb\xe9\x04\xfc\xec2\xca,eNa\
\x11\xfc*\x08t;\x17t\xb560\xfeB@^\xed\
\xaa\xd8\xaa\xdc\x0a\xbe\x8a\xa8ix\x17\x04\x02\x07S\x12\
\xfd\xd1[\x00\x00\x00\x00IEND\xaeB`\x82\
\x00\x00\x06\xd9\
\x89\
PNG\x0d\x0a\x1a\x0a\x00\x00\x00\x0dIHDR\x00\
\x00\x00d\x00\x00\x00d\x08\x06\x00\x00\x00p\xe2\x95T\
\x00\x00\x06\xa0IDATx^\xed\x9dY\x88\xe4D\
\x18\xc7w\xbc\x15\xc4[P\x14\x8f7QD\xbc@\x10\
\xb7\xd7\x0bf;U\x95dl\xf0\x04A\x98\x07}\x10\
\x97]/<\x06\xf5\xc1\x07\xcfe\xf1A\x84\x15\x11/\
\xf0\xc9\x0b\xbc\x16\xc5\x0b<\xd1\x17AAPP\x84E\
A\x1d\xc5\xdb\xef\xcbv\xdc\xde\x7f\xd2=\x9dT\xa5S\
\x95\xf9~\xf0g`R\xf9\xeaK\xfe\xa9\xa4*]I\
\xd6\xac\x11\x04A\x10\x04A\x10\x04A\x10\x04A\x10\x84\
U\xca\xd2\xd2\xd2n\xa9Rg$Z_F\xda\x90(\
uC.\xa5\xd4~X\x9e\xa1ef\xb4\x5c\x93J\xa3\
\xe8T\xac\x9f\x19\x0c\x06\x07\x93v\xc7\xff\x07\x8b\xd6\xfa\
\xc8\xd8\x98\xcdF\xeb\xef\xc8\x88\x7f\xcb4\x98\x9f?\x0c\
\xd7ch\xd93X\xb61\x19s\x0d\xd6\xcf\xd0\xb2\x01\
\x19\xf6A\x9a\xa6G\xe1\xb2\xd0\x98\x8b\xb5\xbe\x896h\
\xb9\xb0\xf1 \xef\x0d\xa1\xe5\xb4-\xdf$\xfd\xfeI\xb8\
<\x08\xa8\x89\xef\x9bT\xd8\x99!\x18\x92I\xa9\x1f\xe3\
8\xeea\x19\xdf\x993Q\xf4da\x83'(\x18C\
H\xb1R\xbf\x93.\xc1r\xde2<M\x157x\x82\
B2\x84E\x86\xfcM\xe5\xaf\xc3\xb2\xde\xc1\x17\xf0T\
\xeb_p\x03VRh\x86\xe42J=\xc8\xbdG\x5c\
\xc7\x1b\xb87\x85IO\xa3P\x0daQkyj~\
~~o\x5c\xafu\xf8H\x99\xd4\xb5\x9d\xa4\x90\x0d\x19\
\xae\xfbN\x92$\x87\xe0\xba\xadB\xbd\x8f3\x0b\x89N\
\xa9\xe0\x0d!\xd1\xd9\xe13\xaf\xc6*t1\xbf\x1c\x93\
\x9cV]0\x84\x15G\xd1\xb7t`\x9e\x821Z\x81\
\xfa\xe8\x1b1\xc1i\xd5\x15C2\xd1X\x85\xb4\x16\xe3\
\xcc\x1c\xea]-\x15\x92\x9bR\x9d2D{2V\x11\
C\x0a\xfa\x87oZb\xbc\x99!\x86\x94\xab\xb5\xb1\x8a\
\x182Q\xcf^\xd9\xeb\xed\x83\xb1\x1bE\x0cYAJ\
m\xa3\x1e\xd8\x81\x18\xbf1\xc4\x90)\x14E\x9f\xcel\
\xacbc\x881\xe6h\x8c\xc7\xf0\xf9\x17\xcb6%\xea\
\x15\xc5X?\x93*u\x05\x96\xb5\x11\x8d\xd7>\x99\xc9\
\xe9\xcb\xc6\x10:r\xce\xc2x\xcc`0\xd8\x8b\xfb\xf4\
\xa91\xe77\xa9\x05\xadO\xc7\xbas\xc8\x90\x9b\x0b\xf9\
Z\x8a\xea\xbc\x08\xebq\x8e\x8d!t\xd4\xdc\x82\xf1|\
\x81r{\x0d\xf3\xb5\x15\xed\xab[\xb1\x1e\xe7\xd8\x18B\
\xad\xe0+\x1f\xef\x98\xf2O\xb6t*\xfb\xab\x90\xaf\xa5\
x_a]\xce\xb12\x84\xa5\xd4]\x18\xb3M\x16\x17\
\x17\xf7\xa4\xbc\xde,\xe4\xe9@a\x18B#[:_\
_\x8dq\xdb\x80[\xab\xd1\xfa\xf1\x92\x1c\x9d(\x14C\
2\xf1\xef\xf1J\xa9\xe30\xfe\xac\xa0\xed8\x87\xa7\xfd\
`^.\x15\x94!,\xfe\xcd\x9a\x8e\xd0w)\xe6C\
|\x01\xc4Im\xaeE\x17\xee;\xa8\xe7\xb3\x95\xea\xfa\
\x02siB\xc1\x19\xd2u\x89!\x9eI\x0c\xf1Lb\
\x88g\x12C<\x93\x18\xe2\x99\xc4\x10\xcf$\x86x \
\x9e\xf8@\x7f\x7f\xa0q\xcfv\x1a\xf7\x5c\x8b\xfb\xcf9\
bHQd\xc2\xfbd\xc0\xc6\x05\xadO\xe6{c\xb8\
\xcf\x1aE\x0c\xd9)\xbe\xcb\x90D\xd1\xd9\xb8\x8ff\x8a\
\x18\x92\xe9O\xd2\xa6Vf\x99 b\x88^\xa6}\xd0\
\xc7\xfd\xd2\x1a\xb6\x86P3\xff\x8d\xb4\x85\xce\xb9k\xc7\
Mzh\x934M\x8f\xa0m\x5cGz\x84\xae\x0d\xbf\
B\xfe\xcb\x94\xf7\xb9\xb8\x0e\xc3\x93\x1a\xf8!&\xda\xb6\
\xb7\xf8\xe9\x808\x8a\xfe\xe09\xc0\x09\xff\xd6b\xcc\x8d\
\x1c\x17\xd7q\x82\x8d!|\xf1K\xd7\xaf?\x06c\xfa\
J\x92$'P\xce\x1f\x0d\xf3/5#\x9b\x0f`\xcc\
\xdd|\xa0\xe1\xf6\x82\xb8e\xdd\xd9\xeb\xf5\xf6\xc0\x18V\
\xd45\x84\xcd\x18\xf7\x9c\xba\xcf\xf0\x1c\xab4\x8a\xde+\
3\x83\x9f\x15\xa1\xff\xbf\x81\xdb:Q\xc6\xbcJ&\x1e\
\x80\xb1jS\xc7\x10>zh\xc3\x8e\xc5X\xa1Pv\
\xf1\xce\xcc\xd0\xfac\xdc\xd6)\xf5\xa2\xb3\x97\x14\xd44\
d\x0b\xc6\x09\x19K3v\xc8\xd5\xc3\xa4u\x0c\xe1\x0b\
8\xc6\x09\x15'f\xec\xd8'\xdb\xb5\xd6\xfbc\xfc\xca\
\xd41\x84\xae\x1d\x87b\x1c\x86'\x92Q\xcf\xe4e\xea\
\x8d\xbc\xe2\x858\x17\xa5\x160\xcf\x1cgf\xec\xd4\xc5\
XGe\xea\x18B\xab\xcda\x1c\xa6\x89\xc9i\xb6\xe2\
\x9c0O\xa6\x013xf\xe3V\xac\xa725\x0d)\
\x85\x9a\xed6,\xdb\xb2\x96\xa9\xa5\x9c\x87y\xf6\xfb\xfd\
\x83\xb2\xfbU\xc5\xf2v\xa2\xed\xc7\xba*\xd3aCJ\
\xc7\x19M\xb4\x8c\x5c\xd4\x1a?\xc4\xfa*\xd3QCf\
\xdb2\x86\xa2\xd8/`\x9d\x95\xe9\xa0!3o\x19\xb9\
\xa8\x85\xdc\x83\xf5V\xa6c\x86\xb4fF&\x17\xc3\x81\
\x0e\x19\xd2\xcai*\x17?\xd0Sv\x07\xa02\x1d1\
\xa4\xd5\x96\xc1\x8f>8{AZ\x07\x0ci\xd5\x8cL\
\xca\xe1s\xed\x81\x1b2\xf64\x954<\x13~D\xf7\
b\xfdV\x04lH\xf7\xcc`\x025\xa4\x9bf0\x01\
\x1a\xd2]3\x98\xc0\x0c\xe9\xb6\x19L@\x86\x94\xf6\xa6\
:e\x06\x13\x88!\xab\xc3\x0c&\x00CV\x8f\x19\x8c\
\xe7\x86\xf0T\x9bu\x85zh\xd0\xc7\xb7*J\xca;\
\x97\x93\x1b\x86U\xf0\xd5\x10~\xa2\x97r\xd3\x85:\xba\
l\x06\x93\xd4x\x09&\xc6\xc8qj\x881\x9b\x0b\xf1\
\xbbn\x06\x93\x1as)&\xb3\x920F\x8e+C\xa8\
u\xfc\x8c/8\xe6\x0f\xb4t\xde\x0cf\xf8\xf5\x9cB\
R\x93\x841r\x5c\x19Bz\x14B\xcf\x19\xad_*\
)\xe7\x5c\xad\x9a\xc1\xf0=\xfcx\xc7$\xe2Br\xe3\
\x841r\x5c\x19\x12\xc3K\xc9\xe8\x7f\x17`\x99F\xa4\
\xd4}\xa3\xf5\xb6F\xd57\xc0\xe1\xfa9.\x0c\xe1G\
\xc8p\xc2\x19]O\x1e\xc3r\xae\xd5z\xcb\x18\x85\xce\
\xd7\x87\xd3\xce\xfc\x09\x93\x1c'\x5c?\xc7\x85!I\x14\
\xbd>\x1a3k\xc1J}_(\xe7R\xbe\xb4\x8cQ\
\x12~\xa1\x0b&:F\xb8n\x8e\x13C\xb4\xde4\x1a\
\xb3\xce5\xae\x8a\xbcj\x19\xc0\x1c%\xf8\x04&\x5c&\
\x5c1\xc7\x85!\x0bJ\x9d\xb8KLcn\xc32\xce\
\xe4c\xcb\x18e\xf8Q\xb0\xa7\x0b\x89\x83p\xbd\x1ck\
C\x94\xfa\x1acf\x0fbb9\x07\xf2\xb9e \xfc\
\xd9\xbc\xeb\xd3\x09\x9f@\xc2\x15r\xac\x0d\xd1\xfa\xe1]\
\xe2\xf1@\xb0\x81w'\x86d\xc6\xff\xf03tt\x81\
}\xa0\xacK\x8cesl\x0d\xa1Aj2\x1a\xaf\xce\
\xa0u%\x05i\xc6(Y/'\x8eO\x1b\xee\x9c\x0d\
\xfc\xfc\x1d\x96\xc9\xa1\xa3y\x91\x97\xd7U\xd3\xdd\xdd\xe0\
\xcdh\x13\xe7\xdd]\xdf/\xe0\xbec\xf3m\xac\x82\xc4\
\x0c{\xe8\xf4r{a\xc7\xd6\x91\x98\xe1\x06\xdb\xeen\
\xd6K\x1c\xf3\xe5\x04\xa1\x06q\xf1\xad\x0b\xd3h\xd9D\
\xd1\xf3\xfcbg\xfe\x89\x17c\x0a\x16P\x97\xfb\xcb\x92\
\x1d^\x94R\x9f\xd3\xe9\xed~\xea\x9e_8\x93\xcfI\
\xacV\xa8\x85\x5cU\xd8\xf9\xd0\x0a\xd2~\xffx\x5cO\
h\x10c\x8c\x22\x03\x9eK\xa3\xe8mi\x05\x82 \x08\
\xc2j\xe3?\xfe\x8c\x9b\xbf\xdb\xf8g1\x00\x00\x00\x00\
IEND\xaeB`\x82\
\x00\x00\x04'\
\x89\
PNG\x0d\x0a\x1a\x0a\x00\x00\x00\x0dIHDR\x00\
\x00\x00d\x00\x00\x00d\x08\x06\x00\x00\x00p\xe2\x95T\
\x00\x00\x03\xeeIDATx^\xed\x9d\xbbk\x14Q\
\x14\x87\x13\xb5P\x10\xc5\x07b-X\xf8\x00\x0b\x0b-\
W\xb4p\xb3s\xe7\xce\x990\x16\xda\x88`a-\x82\
\xa8EPAPR\x89\xfe\x0d\xd6\x166\xda\xd8\x89\x0f\
\xa2vi}5\xda\xd8\x04\x14\x8c\x9e\xbbf\xc8r\xb2\
\xbb\xd9;\x8f;G\xe7\xf7\xc1\xaf\xd9=3\xe7\xce\xf9\
v&\xb3\xec\xb2\x99\x9a\x02\x00\x00\x00\x00\x00\x00\x00\x00\
\x00\x00\xa0et:\x9dM\x14\xc7)\x19s\x9b\xac\xbd\
NQtD\xd6\x80@d33{\x938~\xc3B\
~\x0fd\x993/kA\x00\xf8\x8cx&d\x0c\xe6\
\xa2\xac\x075b\xad=8D\xc2j\xa2\xe8\xbd\xdc\x06\
\xd4HbL\xb2F\xc2@\x92(\xfa)\xb7\x015\xc2\
C\xcf\xa4\x04\x19\xb9\x0d\xa8\x11\x08Q\x06\x84(\x03B\
\x94\x01!\xca\x80\x10e@\x882 d\x95\xb9\xb9\xb9\
\x0d\xf2\xb1\xe0\xb4]H\xb7\xdb\xdd\x96\xc6\xf1}2\xe6\
\x1b\xbfI\xfe\xc5\xc7\xbb\x98\xc4\xf1%Y\x17\x8c6\x0b\
1\xc6\xec\xe6\xe3[\x90\xc7\xdb\x8f\xb5\xf7d}\x10\xda\
*\xc4\xc9\xe03\xe1\xad<\xd6<\xfd\xb3\xa5\xd7;,\
\xb7\xab\x9d6\x0aYOF\x1e\xbe\x94]\x96\xdb\xd6\x0e\
)\x12\x92e\xd9\x16\xeew\x85\xaf\xe7\xcfy`/y\
 \x0f\xd3^o\x9f\xac+\xc3\xa42\x5cRc\xae\xc9\
\xedk\x87\x94\x08!\xa2],\xe2\xb5\xec\xcd\xf9\x9eD\
\xd1IY_\x04\x1f\x19.\xfc\x828!\xf7Q;\xa4\
@\x88\x931nP|=_*+\xc5W\x06\xf7{\
\xda\xc8m05,d=\x19y\xcaH\xf1\x96\xe1j\
y]r?A\xa0\x06\x85\xf4z\xbd\x1d#.SC\
\xe3\xa4\xa4\xd6\x9e\x92\xfb\x19\x87w\x0f\x96\xe1\x04\xca\xfd\
\x04\x83\x1a\x12\xe2;\xa8<>R|{4.\xc3A\
\x0d\x08\xf1\x1d\x94\xcc$R|{\xa8\x90\xe1\xa0\xc0B\
|\x075*\xe3\xa4\xf8\xf6P#\xc3A\x01\x85\xf8\x0e\
j\xbd\x0c\x93\xe2\xdbC\x95\x0c\x07\x05\x12\xe2;\xa8I\
3(\xc5\xb7\x87:\x19\x0e\x0a \xa4\xc8mgb\xed\
\x03\xf9\xf8\xa8\xf4o\x89\x8d9\xe3\xdbC\x9d\x0c\x07\xd5\
,\xa4\xcc\xab\x96\xb7\xbb#\x9f\xaf\x22je8\xa8F\
!ed\xe4T-eX\x0fUPMB\xaa\x90\x91\
S\x95\x94q=\xd4@5\x08\xa9RFNY)\x93\
\xf4P\x01U,\xa4\x0e\x199E\xa5\xf8\xf4h\x1c\xaa\
PH\x9d2r|\xa5\x14\xe9\xd1(T\x91\x90\x102\
r&\x95R\xa6GcP\x05BB\xca\xc8YOJ\
\x15=\x1a\x81J\x0aq\x07\xed\x0e^n3*U\x0e\
\x8a\xf77/\xf7\xbf\x92\x85\xaaz\x04\x87J\x08iR\
F\x0e\xef\xf7\x1cg!1\xe6\x07\x9f5\x1f\xdc\xd7w\
\xb2,\xdb*\xeb\xfe\x19\xa8\xa0\x90&.S\xad\x80\x0a\
\x08\xe9\x7f;\x042\xea\x81\x0a\x08\xe1\x01\xdf\x905\xa3\
\x02\x19\x9eP\x11!\xc6\xbc\x925\xc3\x02\x19\x05\xa0\x02\
B\xf8\xb1EY#\x03\x19\x05\xa1\x02B\xf8\x0cy$\
k \xa3\x22\x0a\x09I\x92\xa3\xfd\xdb\xcc!\xb5\x90Q\
\x92\x22B\x1c\xd6Z\xc3\xcf}\x1d\xacK\x8dy\xccw\
`;e-\xf0\xa0\xa8\x10\xc7\xf9Ng3\x9f)\xdd\
\xd4\xda\xb3\xb3\xc6\x1c\x92\xcf\x83\x02\x94\x11\x02j\x00B\
\x94\x01!\xca\x80\x10e@\x882 D\x19\x10\xa2\x0c\
\x08Q\x06\x84(\x03B\x94\x01!\xca\x80\x10e@\x88\
2 D\x19\x10\xa2\x0c\x08Q\x06\x0f\xfc\xb4\x14\xd0\xd6\
\xac|,\xfd\x8esA\xce)\x18\xee\x93>\xb90\xa4\
\x9f\xbbrV\xa1\x98\xe6\xe6\x9f\x86,\xa8\xedYn\xe4\
\x17\xe5\x1c\xe4\xfe\xab\xce\xda\x05!\xd6^\x95\xb3\x0aB\
\x96e\xdb\x93(\xfa\xb2fA-O\x12\xc77\xe5\xac\
\x82\x91\x1as\x9c\xff\xa8-\xc9E\xb59\xee\xabNr\
NA\xe1\x05\x1c\xe3\xcb\xd7g\xb9\xb06&\x8d\xa2\x17\
|\xe5\xd8(g\x14\x9c\x95\x1f\x16\xbe\xc5\xa7\xebG\xb9\
\xc8\x16\xe5\x09\x11\xed\x91\xb3i\x9ai^\xd4\x01\xfa\xfb\
>\xc5\xbdy\xfc\xef\xc3/\xc4x6\x8a\xf6\xcbA\x00\
\x00\x00\x00\x00\x00\x00\x00\x00\x00\x00\x00\x00\x00\x00\x80U\
\xfe\x00\xcc\xbb\xa6\xcf\xbd\xa7\x0c\xc2\x00\x00\x00\x00IE\
ND\xaeB`\x82\
\x00\x00\x06\xbb\
\x89\
PNG\x0d\x0a\x1a\x0a\x00\x00\x00\x0dIHDR\x00\
\x00\x00d\x00\x00\x00d\x08\x06\x00\x00\x00p\xe2\x95T\
\x00\x00\x06\x82IDATx^\xed]I\x88$E\
\x14\xad\x16\x5cN\xee\x1b\xee(\xa8Gw\x05G\xed\x83\
\xadTw,\xf9\xb3)\x15O\x1e\xa4UD\x14=\x0c\
\xe2B\xe3\xd9\xf1\xa0\x08\x8e0\xc2(\x0a\x8azP\xd1\
\x11\xd7A\x1dT\xe6\xa6\x1e\x94\x19QAqc\xc0q\
\x18WF\xdf\xaf\xca\xe8\xce\xfe\x99\xd5\xed`efd\
F<x4\x15\xffG\xc4\x8f\xff*\x97\x8a\x8c\x8c\xee\
\xf5\x22\x22\x22\x22\x22\x22\x22\x22\x22\x22\x22\x22:\x82\xc1\
`pP\xa2\xd4U\x891\x0f\x90\xd6O\x901\xcfU\
I\xd9\x7fD\x86~\xbf\x7fpj\xcc]\x10\xe1g$\
\xea\x9f\xba(\xe3\x88\x00\x8c1'@\x88\x8fd\xb2\xea\
\xa0\x8c\xc5\x01\xb6\xeb\xf0gJ\x96w\x1eDt\x14)\
\xb5C&\xaa.\xcax\x1c\xf0\x05y'\xb1\xf6\xd1^\
h\xa2\x90\xb5\xaf\xcb$\xd5I\x19\x8f\x03\x0b\xc2\xf6\xa0\
D\xb1\xd6j\x99\xa0\xba)crp\x82d|\xbc\x17\
\x82(\xb8\x9bzC&\xa8n\xca\x98\x1c\x84 \xdd?\
R\x92$9\x1c\x82\xfc)\x13T7e\x5c\x0eR\x10\
f\xa7E\xc1\xe9\xeab9\xe0&(\xe3r(\x13$\
c7O_\xf8\xcdaJ\x06[;e\x5c\x0e\xab\x08\
\xd2\xcd#\x05\x03\x1b\xc8\x816A\x19\x97\xc3j\x82d\
\xec\xd6\x91B\xed\x17\x84\xd9\x1dQ\xa8\x1b\x820\xbb!\
\x0auG\x10f\xfbE\xa1n\x09\xc2l\xb7(\xd4=\
A\x98\xed\x15\x85\xba)\x08\xb3\x9d\xa2Pw\x05a\xb6\
O\x14\xea\xb6 \xccv\x89B\xdd\x17\x84\xd9\x1eQ(\
\x0cA\x98\xed\x10\x85\xc2\x11\x84\xe9\xbf(\x14\x96 L\
\xbfE\xa1\xf0\x04a\xfa+\x0ay\x22\x08\xaf\x03\x93\xb1\
1`{Y\xfaN\x82\xdeN\xdd\x93'\x82\xa4\xb3\xb3\
\xa7\xca\xd8\x18\xc35b%\xfe\x93\xa0\x97\xa2\x90/\x82\
\x183'cc\xf0\x91\x03\xfb\xab\xd2\x7fR\xf4N\x14\
\xf2G\x90\x8d2\xb6\x1c\xa6H\xa9u\xa9\xb57&Z\
/L\x9a\xd6\xda\x93e\x87\x8d\x81<\x11\x04\x89\xf9u\
0;{\xbc\x8c/8\x90'\x82\x0c\xa9\xd4&\x19_\
p \x9f\x04\x01qZ\xbaI\xc6\x18\x14\xc83A\xc0\
}\xb8\x9e,\xf6|\xba\xd0\xd6\x09\xf2O\x90\x11\x95z\
;\xd5\xfaB\x19o\xe7A\xbe\x0a\xe2\xa8\xf5g\x891\
\x0fB\x9c\xdbp\xe1\xbf\x86F\xf1V\xc24MO\x92\
\xf9\xa9\x1dY0\xc5D\x84\xc9\x81\xccO\xed\xe0 J\
\x02\x0b\x95Q\x10\xcf\xd8\xbc \xd9yY\x06\x16$9\
\x172?\xb5\xc1\x18s\x1c\x82x\xc6\x1a\xf3\x9b\x0c,\
Tr. \xca\xd3Dt\xac\xccW\xa5H\x92\xe4\x0c\
\xdc\xeb\x7f)\x03\x8a\x1c\x11wu;\xd3\xb9\xb9\xd3e\
\xde*C\xd3\xef\x13\xb6\x81\x10\xe5-\x99\xb7J`\xad\
\xbdLv\x1e9\x86J\xad\x93\xf9\x9b8\xaa|\xe0\xd3\
A\xde)\xf37q\xf0<QI\xc7\x91%\xcc\xe6\xd4\
\xaa\xc58Ap\x87\xf1\xfe\xdc\xdc\xdc\x11!\x92\xc7.\
\xf3\xd1\xb8 \xbc\xbaC\xfa\x86\x82q+[\xbc\x13\x04\
\xb7\xc7\xe7\xe3nc\x0b3U\xea<i\x1f\x0c\x06\x87\
\xf1\xa3W\xdc\xb5mC\x1b7\xe7m\xa8s7\xea|\
\x88v\xb7\xaf\xc6T\xeb\x97\xe6\xb5>{\xa9^\x92\x9c\
\x86\xb6^\xe0\xd9\xdeykg\xf3m\x0aL\xa1\xdf{\
\xd0\xcf\xc7\x89\xb5\x0f\xf3\xa69y#\xefd\x94%\xfa\
\xc5\xb5na\xdb\x22\xc8\x14\xca\xbeqv\x0c\xfck.\
\xcb;\xc0\xfe\xd0\x8a\x01h}\x09\x97\xa7\xfb\xfbf/\
\x84qm\xf2\xedf\xce\xf6\x178\xb3\xdc\xe32\xe48\
P\xef^g\xcb\xbe({r\xedo\xcd\xd7\x95h\x85\
 \xc3\xcdh\xa4\x0f\xcaV\xf8\xe0[\x9c\xb7#)\xb7\
p9\x84\xb9\xa3Pwu\xeerm\xe2\x97\xf2\x0f\xd2\
\x06}\xcfZ\xee\x15\xed[{-\xca\xf7\x09\xbfg\x97\
\xda\xc0\x91\xbd\xc2\xa6\xf5\xee|}\x89V\x082\xe8\xf7\
\x8f\x91>\x5c\x96\xf7)\x0c\xc4\xda[\x87u\x95:\x11\
\xa7\x8c\xefd\xfdq\xcc\x0f\x1c\xa2\xfe(\xed\xe0\xe7|\
\xf1e;?\xb4\x82h{K|\x966Ac\x1f\xd1\
\xfe\x1eg+Ca\x1c%qU\x86:\x04a\xf0\x96\
\x1d\xb0+\x1a\xcd&o\x10}\xf1\xa9p\xf8Ph\xde\
\x98s\xf3m\x8e\x11\x84\xdb~\x93\x17\xd3\xa1\xee\xb7\x05\
\xdb\x88Q\x90\xc2@r\x82\xe4A\xc5)\xfeO\xa5\x8f\
\xc3XAF1\xee.\x94-3<A\xc0\xcd\xa8\xbf\
\xd1\xb1pZ\xaaZ\x90\xd5\x19\xa4 \xab3\x0a\xb2\xff\
h\x9b \x88\xf7\x11*\xdeQ\xfdB\xa3\xddL\xf3e\
Q\x90\x02+\x10\x047\x07\xd3h\xf7\xfe\xa5\xcfZ\xff\
\x81\xbf3%\xe3\x08R\x90\xda\xaf!,\x08\x97\xf36\
\x84\xe8\xf3>|>\x87?\x97\x8c#<A\x9a\xb8\xcb\
r\x82H\x94\x8c#\x0aR\x18\x88\xa7\x82\x80\xbfg1\
\x8c\xa8\xf5\x15\x8b\x8b\x8b\x078\xff\xc282FAz\
\x95\x09R`j\xed\xf3\xce\xbf0\x0e\xe7\xe3\x93 \xff\
g.K\x02\x17\xe2\xf9\x15~\xd6~\x22}\x1c`\xff\
>\xef\x8bx/\x97>\x8c\xfc\x85>\xe3\xf8\xb9\xac1\
\xe4\x9d\xbc\x87m\xb5A\x10`\x8agx\x9d\x1dI\xfc\
\x8a\xcb\xf2\x0e$\xa6DxC\xcd\xbc\xdd\x01B\x9e\x09\
Q\xfe\xce\xf9n\x96>\x0e\xe8s\xcbR\x9fZ\xef\x95\
G\xa5C*g\x94\xb5^\xefl<\xdb\xcb/\x00\xad\
\xb0\x17\xb9\xeb\x86\xe9\xe9C\xd8\xbf-\x82\xf4\xf8\x19\x88\
5\xe65\xa6\x9csb\xf4\xfb\xfdCQ\xef1\xf8}\
\xb0\xd6{\x1d\xb0_\x8f~\xde\x037k\xad\x8f\x96v\
\x87\x81R\xa7\xd0\xe87\xc6\xbbk<\x0f\xe1D\xae\xcf\
\x9e\xc5l\x90\xcfCP63<\x82K\x9e\xc1\xf0\xbc\
\x18/\xf6\xc8\xb5\xd3\x0eAB\x81\x97\x82\xc4g\xea\xc5\
\x9c4*Hd\x91u\x09\x12\xd7e\xfdwV\xbf.\
\x8bW\xe3\x95t\x1cYB|y/\x95\xf9\xab\x04\x14\
\xd7\xf6\xae\xc9\xa4\xae\xb5\xbd\x0c^\x16\x83\x0ew\xca \
\x223*\xb5c\xad\xa5C\x13\x07\xbf\x03\x81\xce\x9f\x8a\
\xef\x87,\x93\x7f\x88\xe2\x07\xf0\x93\xe3~\x8c\xd6\x82\xf8\
\x06\xd52\x1b}\x83\xca\x81\x8a\x13\x7f!\xb3\xf9w\x0c\
9\x88\x92\xc0Be\xf3\x82\x14&\xe9\x02&\xe7B\xe6\
\xa7v$Ir\x91\x0c,T\xce\x1bs\x81\xccO\xed\
\x18NU{\xf0O\xc1\x9a&/\x9e\xe0\xd9k\x99\x9f\
F\xe0\xc3\xbf\xcdk\x9c\xf8\xb1,\xf3\xd2\x18\xf8\xb9C\
!\xc0\xc0\x88\x1c\x5c-\xf3\xd2(\xa8\xc2\x8d&}\xa7\
U\xea\x15\x99\x8f\xc6\x81k\xc9\x91\x891_\xc8`\xbb\
N\x1e3?\x13\x91\xf9\xf0\x02\xc3\x95&Zo\x95A\
w\x96\xd6n\xf3~\xe3M\xde'7{\x03\xea\xa7\xc2\
\x00:B^j\x04\xde>n7m/\xb1\xb0\xb0p\
 \xb95\xb4Jm\xa2\xd1\xc2\x83\xf6\x12c\xe0\xb1\xa4\
\xd6^\xc9c\x93\xe3\x8d\x88\x88\x88\x88\x88\x88\x88\x88\x88\
\x88\x88h+\xfe\x05/\x5c\xdc\xb8\x88\xaf\x17\x5c\x00\x00\
\x00\x00IEND\xaeB`\x82\
\x00\x00\x09Q\
\x89\
PNG\x0d\x0a\x1a\x0a\x00\x00\x00\x0dIHDR\x00\
\x00\x00d\x00\x00\x00d\x08\x06\x00\x00\x00p\xe2\x95T\
\x00\x00\x09\x18IDATx^\xed]{\x88mU\
\x1d>\x93\xf4\xb2\x97\x15\xd9\x03+\xc9\xa2R*\xec\xa9\
Qv3\x1a\x9d\x99\xf5\xd8k\x8fG\xb4\xd2,c\xba\
\xd1\x83T\x04{\xd1\xf4\x00\x0b\xe4\xa6\x91oL\x94\xba\
\xc55$*E\x0b\xaeZY\xa9\xa5PD\xa1\xc2\xa4\
\x7f\xa8\x95p\x8b\x8c\xc8\xc7\xd4\xf7\xdb\xb3\xd7\xb0\xf6\xb7\
\xf793w\xe6\xec}\xf6\xeb\x83\x8f9g\xaf\xdfZ\
\xeb\xb7\xd6\xb7\xd7s\xaf\xb3g0\xe8\xd1\xa3G\x8f\x1e\
=z\xf4\xe8\xd1\xa3G\x8f\x96`8\x1c>%Rj\
62\xe6\xcbN\xebo;c\xf6\x94I\xce\xbfG\x8a\
\xb9\xb9\xb9\xa7\xc6\xc6\x9c\x05\x11\x1eFE\xfd\xaf*\xb2\
\x1f=\x00c\xccK \xc4m\x5cYU\x90}\xf1@\
\xd8I\xf83\xc3\xd7[\x0f\xe7\xdc\xf3\x9dR\xf7rE\
UE\xf6\xc7\x037\xc8M\x91\xb5\x17\x0e\xba&\x8a\xb3\
\xf6F\xae\xa4*\xc9\xfex\x88 \x12\xde)Q\xac\xb5\
\x9a+\xa8j\xb2O\x1e^\x90\x94\x97\x0d\xba \x0af\
S?\xe3\x0a\xaa\x9a\xec\x93\x07\x09\xd2\xfe\x96\x12E\xd1\
A\x10\xe4Q\xae\xa0\xaa\xc9~y\xb0 \xc2V\x8b\x82\
\xee\xeam\x5c\xe0i\x90\xfd\xf2(\x12$e;\xbb/\
\xac9LAa+'\xfb\xe51F\x90v\xb6\x14\x14\
l\xc8\x05\x9d\x06\xd9/\x8fq\x82\xa4lWKq\xcd\
\x17D\xd8\x1eQ\x5c;\x04\x11\xb6C\x14\xd7\x1eA\x84\
\xcd\x17\xc5\xb5K\x10a\xb3Eq\xed\x13D\xd8\x5cQ\
\x5c;\x05\x116S\x14\xd7^A\x84\xcd\x13\xc5\xb5[\
\x10a\xb3Dq\xed\x17D\xd8\x1cQ\x5c7\x04\x116\
C\x14\xd7\x1dA\x84\xf5\x17\xc5uK\x10a\xbdEq\
\xdd\x13DX_Q\x5cM\x04\x91s`\xec\x9b\x00a\
?f\xdbI\xb0\xb6[\xf7\xae&\x82\xc4\xf3\xf3/g\
\xdf\x04\xc9\x19\xb1\x02\xfbI\xb0\x96\xa2\xb8\xba\x08b\xcc\
\x02\xfb&\x90\x96\x83\xf0\xeb\xd9~R\xac\x9d(\xae>\
\x82\x5c\xca\xbe\x05\x98qJ\xbd#\xb6\xf6#\x91\xd6K\
\x93\xa6\xb5\xf6\xa5\x9c\xe1\xd4\xe0j\x22\x08*\xe6_\xc3\
\xf9\xf9\x17\xb1\x7f\x9d\x83\xab\x89 \x09\x95\xba\x82\xfd\xeb\
\x1c\x5c\x9d\x04\x01\xd1-}\x94}\xec\x14\x5c\xcd\x04\x01\
W1\x9e,\x0f\xea4\xd0V\x09W?A\xd6\xa8\xd4\
\xdeX\xeb\xb7\xb0\xbf\xad\x87\xab\xab \x9eZ\xff12\
\xe6<\x88\xf3I\x0c\xfc'\xba5\x7fKa\x1c\xc7\x87\
p\xfdT\x8e\xd4\x99|Et\x93C\xae\x9f\xca!N\
\x148\xd6U\xf6\x82\xd4\x8c\xd3\x17$\xed\x97\xd9\xb1N\
R\xea\x82\xeb\xa72`\x00{1\x1c\xf8\xbe5\xe6?\
\xecXW)ua\x95\xfa^\xe5;\x06\xc6\x98WG\
\xd6\xfe\x85\x1d\xea\x99R\xeb\x95E\xa5^\xc5\xf5V\x16\
f\xd02\xee\xcc9\xd13K\xado\xe2\x8a+\x05\xc8\
\xe8]\xb9\xcc{\x16\xd2Z\xfbN\xae\xbf\x89\xa3\xcc\x07\
>-\xe4\x99\x5c\x7f\x13\x87\xec\x13\x15d\xdc\xb3\x80\xe9\
\x9eZ\xb9\x18%\x08f\x18\xbf\x5cXXxn\x17)\
e\xe7\xfa\x98\xba \x95\x0db5\xc4\xa8\x93-\xb5\x17\
D\x0e\x22\xc0\xf6\x1a\xd8\xde\x02*\x0e\x17$o\x10\xd2\
\xfa\xbb\x911\xb7\xc3\xe6\xb7B|\xbf\x0e\xdf?\xe3\x9c\
;\x98\xed\x19Q\x14\xbd\x15S\xf2oJ\x1e\xb1R\xbf\
\x89\xad\xfd\x01\xf2\xfc\xe0p8|:\xdbz \xedO\
\xe0.\xff5\xcav\x91\xd6\xfa\xc0\x5cx\x14\xbd\x096\
7\x08\x91\xe6\x1b9\xbc\xb1\x82\x84\xaf\xdf\x90E\xd4p\
n\xee\x05>\x0c\x15v\x00*\xef\xca\x5c\xba\xd9<\xf6\
\xc1\xc6\x85iz\xcc\xce\xce>\x03i~'\x17\xc7S\
\xa9{1\xeby;\xc7\x93g\xedd\xcb\xafz\x9aA\
\xbe\xf7\xfbp\x88r\x9f\x5c\x0b\x0d\x9a+\x881\x0f\x91\
\xc3\xc7\xf80|\xfeJ.\xcd\x02\xa2\xb5\xfc\x97\x8f\xfc\
\xc8]\x8d;\xf7V\xb6-\xe0\xbf\x91\xcf\xbb\xc3\xb8\xa8\
\xe0\x8f\xb1]\xb8\x05\x92\xbcT\x87\xd3\xc1\xb5L\x1a\xd6\
^\x8dt\xbf\x8e\xb0\xf7/Z{\x1cn\xbc\x0f%7\
\x97\xb5g\x84v\xa5`;\x82\xa0\xf0\x7f\xcb\x14<\x8a\
v\xc8\xf5t`\xdc\xf4\x16\x0cW*\xf2\xbe\x84m\xc6\
\xf0!c\xcc\x0b\xd7\xe3Z\xfbq\xb6I\xfcL\xbbG\
i\xc5\x1c\x1e\xb6\xec\xa9\xa3\x0cA\x10\xd7f\xae\xa3\x15\
\xa0\xa2>\x85\xcfC|>\x19\x7f\xaf\x02W\x93p\xa5\
~\x7f\xda\x8e\x1dO\xf3i\xa2\xe2^\x0b\x9b'\xc8\x97\
}\xb1\xd6\x9f\xc5\xf5\xd3\xf0\xfd\x17\x990I\xdf\x98o\
\xac\xc7/\x10$\xe55\x12\xdeMA\xd0\xc43i\xa1\
\xd2)\xea`\xd1\x98#E8\x1et\x93\x01<\x88\x0b\
\xff\x1e\x81\xed\xeb}xzP.s\x9cT\x8e\x0c\xc9\
\x9b\xef$|\x8c I\xd7\xd5MA\xb4>6\x97\x9e\
1?D^\x97\xca\xc9@\xc4\xfb\xfc\xa8\xe7\xe3\x88\xfb\
g\xf2\xe3\x5c\xb6A>\x87!\xec1\xb2;6\x89?\
N\x10\xf8\xbb\xa8\xf5\x11|\xbdH\x10\xb9Q \xe0\x92\
\xe4\x9fN<\xaa9dQ\x86 \xe9\x0b3\x1f\xc8\xa5\
\x99\xe7\xb5\xb8\xb3\x9f\xed\xd3[^^~\x12*\xe1\xf1\
\x8c\x0dfM\xeb\x19\x06\x80\xb0\x7f\xa0\xb4v\xca\xf5q\
\x82$,\x98A\xb1 \xf2F$\x8c\x81\x7f\x22\xbb\xdd\
\xa1Mi(C\x10\x01\xee\xaa\x13\x9c\x1f'\xc6Q\xa9\
\xbd\x22D\x92\x1e*\x82\xc3y\x06\xe6a\x95\xfaI\xc6\
\x0ec\x8c\x5c\xdfP\x90\x02\xb2 (\xfbW\xd9F\x88\
\x9b\xec=\xa1])(K\x10\x01*\xe7T\x5c\xffg\
.m.(\x06z\xb1/\xa3\x85\x88\x1d\xfb\xc9dA\
d\xc1\xc86\x09\xad='\xb4+\x05\x9b\x11D\xba \
\xb9\xe3\xe3\xb5\x13\xe9\xeb})\x17\x94\x05\x11\xa4\xf3\xfe\
\x0f#\xbd]2\x86\xe0\xef\xe5\x8e\xd6/\xe0\xb5\xeb\xf6\
<\x86X\xfb\xb50=\x01\xa6\xb9\xaft4\x86\xf8\xa9\
3\x0b\x22\xe5\x90\xc1\x9c\xf2\xcb\x90\x05)\xea\xd6\xd2<\
\x96C\xbbR\xb0\x19AB\x07\xd1\xb7~+\xb8\xbe\x8f\
\x1c\xf6\x0b\xc3\x19\x88\xf5\x81d\x00Wj\xd6\xdb{$\
\x83e\x10\x0f\xb6\xbf\xf3a\x98v]@i>\x82V\
\xf2\x06\x1f\x9e\x8cOZ_\x97\x89?n\x96\x95\x96\xc3\
\xc9\x16Ox=`\xa3\x04\x91\xa3\xf9\x14\xb6\x1a\xad\xbd\
\xddz\x17\xc7\xf1\x8f9i\xda\xbb\x9a\xb6\x8a\x93\x5c\xba\
\x0e\x91=\xa90\x1e\xd2\xfb\xa9\xf7\x07\xb3\xa0\xd7\xf0:\
\x04\xa2\xfe\x03i~N\xd2-\x5c\xc1\xc3\x17\x1f\x7f\xa4\
 X\x18r\x8b\xf6l\x94 r\xe7\xa1\x82\xfe\x9a\x0b\
\xcf;{\x8fO\xd3\xad\xbd\x8a<g3\x86\x99\x07?\
H\xeb\xa2\x02\x9bB\xa2\xc5>\x18V\xe8(A\x04\xa3\
\xba\xaeF\x09\x22\xc0\xf7\x9d\xb9\xf0,e6\x15\x07\xf6\
q\x81M1\xb5^A7\xf4L\x1fW ;\xb9\xa3\
\x9eI\x107\xde\xcb\xc2,.\x0cwE]\x17\xede\
\xd5^\x90\xd4\xee\x0b\xdc\x95\x08eV\x84)\xe7\xa7C\
[\x01\xae\x9f.};\xdbS\x1e+\xe8\x12\x0f\xe7\xb8\
\x02\xd9\xedu\xe1\x16\x0b\xe7k\xcc\xdd\xc8\xf7(\x8e\x07\
\x01\x8e&\xbb\xf32\xe1\xdcui}\xff\xa0\xa9\xbb\xbd\
\xb2\xca\x95\x81\xda\xad=\x9b\xb8U\xb69FU\xa8@\
\xcez%}\xbf\xfc&0}\x16\x22\x941\x03\xd7\xce\
\xe4\x96Q\x84Ec\xde\x8cJ>\x1f\xf67\xa7c\xcf\
\x1e\x08qJ\xb8\xff\xc5\x80\xcd\xcet\xac\xb9\x183\xb2\
gq8|~]\xb2\x8e\xb1\xf6Fy6\xc2\xe1\x8d\
\x11\xa4+\xa8\xa5 ]z\xa6>hD\x97\xd5!\xd6\
m\x96\xd5\xf9sYu\x13\xe4\x18\xce\xb8\x8d\x94\xf5\x0a\
&\x13_\x94I\x82lbbB\xf1\x1cy&#\xd7\
\xc2\x1dg\xc1T\x05\x11\x8cr\xa0-\x94\xd9\xe0\xb8Y\
\x19cT}T&\x88ly\xc0\x89\x15v\xa0\x15\xd4\
\xfaK\x5c\xde\x8d0uA\x04\xf2\x1b\x08d\xba{\x7f\
\x0e'\xd4\x9d\xb2\x16\x19l\xe1I_-\x04\xf1\x18\xb5\
\xdf\xd3D\xca\x11\x1e*\xde\x8c\x93m \xa5\xf6\xca\xe2\
4\xb6\xf6}\x14\x9e`\x7f\x04I\xf6\xfa0\x0e\xc92\
\x01\x0b\xd6\x1f\xc5\xb4\x95\xb3m\xb8\x96\xfc\xc6P\xb6G\
\xe4\xb0^\xa6lZ\x9f\xcbv\xe9\xe3\x84-\xadCd\
2\x80\xd5\xfe\xaf\xc8n\xb5\xe0F\xd8:\x5cK\x04\x01\
\x7f\x1e\x96K\x06\xf5Q\xff9\x88_\xc9\xb4\x19AD\
\x0c9\xae\xca6\x09\xb5\xbe\xc5\xdbm\x1bqM\xfe\xa1\
\xcbv)\xddG\xa6\x5cq|\x08\xdb\x84\x0cE\xd9H\
\x90\xb1bHZ\xc6\xdc\x1d\xe6\xbd-\xc8\xe1f\xce\xa0\
\x89D\xa5\xdcNE\x93wl\x8d\xfd\xbf\x8c^\x94q\
\x82l$FB\xad/\xa7\xbc\xb7\x0eY0\x8dj\xda\
M\xa2\x94A\xca\x12\x96M~\x92\xb6\xd1,2\xd9\xcd\
6\xe6f\xbe\x9eP\xeb]\x9b\x10c\x85W\xfe\xdbF\
\x1d\xfem\xde$X\xf4\x9c\x06\xd7\x8f\xdfP\x14>\xf9\
\xb2\xc1\xf5uB\x0c\xf40\x87r\x9e\xdb\x06f\x09\xf3\
\xb9\xcc\x9aH\xad\x1f\x1e*\xf52.\x9f\xdb\x84(\xfb\
\xcd\xb2\xc4\xf0p%\xbeh\xb2b\xde%{W\x05\xe5\
\x9b\x9c(e\x8b!@\xff\xfb<\x99-\xe42o \
\xd1\xd5\xdcQ\x9a(U\x88\xe1\x91\x9c\x14\x97\x9f\xab\xb1\
\x13\x0d$D\xb9Sn2.\xa3\x9c\x1b\xdb\xaa(\xb8\
a\xef\x8b\x17\x16^\xc1i\x96\x8a\xe4\xd4\x22\x06G8\
\xf0wv\xa8i\x94\xa9\xf0\xc4ZJ\x95-\xa3\x08K\
KKO\x86#\xefM\x9e0*u\x05>\xefi(\
\xcf\xe6\xb2\x09\xdc~\x88\x22\xef\x85\x99\xaa\x18]\xc1f\
\xba\xaf\xa9tS]\xc68Qz1\xa6\x04W\xd4}\
M{\xcc\xe8:\xd2\x9f\xbe\xedN\xb6\xd7\x95:\xbfh\
\x86\xd6\xa3G\x8f\x1e=z\x94\x89\xff\x03y\x02\x8e\xf5\
\x9c\x97<P\x00\x00\x00\x00IEND\xaeB`\x82\
\
\x00\x00\x03\xf7\
\x89\
PNG\x0d\x0a\x1a\x0a\x00\x00\x00\x0dIHDR\x00\
\x00\x00d\x00\x00\x00d\x08\x06\x00\x00\x00p\xe2\x95T\
\x00\x00\x03\xbeIDATx^\xed\x9d\xb9n\xd4P\
\x14\x86'\x14\x08j$\x04<\x06\x9b\x04U$\xba\xc8\
w\xb1\x91%6\x8944\x91h\x02\x04\xd1\xa0)\xe9\
X*j\x0a \x88\x0a\x89\xed1\xd2\xf0\x06l-\x84\
\x0e\x05\xce\x99\xcc\x95\x863\x0e\x8e\x13\xfb\xfa\xd8\xfe\x7f\
\xe9\x93\x92\xf1r\x8f\xcf\x97\xf1\xa2x\xc6\xa3\x11\x82 \
\x08\x82 \x08\x82 \x08\x82 \x08\x82\x0c4\xe3\xf1\xf8\
@f\xcc\x99\xd4\xda\xab\xc4jj\xcc\xdd^\xc1\xdbD\
\xdbv\xd1\xda\xd3\xbc\xadr\xfb\xd5\xc4Z{\xc2;\xf7\
\xc4Y\xfb\x95\x0a\xfe3\x04|\x92|q\xc6<\xce\xb2\
\xec\xb8\xecG\x9bY\xf0\xd6\xde\xa3\x02\x7f\xc9\x82\x87B\
f\xed&\xbf{\xb8\x17\xb29Q\x93\xe7\xf9a*\xe8\
\x95,p\xc0\xacsOd\x9fbe\xc1%\xc9\x8b\x82\
\xa2\x06M\xe6\xdck\xee\x8dlV\xe3\x99\xee\xa6\xe6\x0a\
\x02\xc4\xf6\xee+^\xf8\x00>\xd9o\xcaB\xc0\x04\xee\
M\xd4\x03=\x9fM\xc9\x22\x80 I\x1e\xc9\xbe5\x12\
>\xf7\x1e\xd2\xa9\xed>\xf8\x16\xe5:\xc5{\x7f\xb6`\
pP\x00_<\xca\xfe\xd5\x1e:\x98_\x93\x03\x83b\
\xbc1\x97e\xffj\x0f\x9dA\xdc\x96\x03\x83b\xe8\xe0\
~K\xf6\xaf\xf6\xd0 c90(\x86{%\xfbW\
{ d\xf7@\x882 D\x19\x10\xa2\x0c\x08Q\x06\
\x84(\x03B\x94\x01!\xca\x80\x10e@\x882 D\
\x19\x10\xa2\x0c\x08Q\xc6 \x85xc\xbe{\xe7\x9eM\
\xa0\x9f\xe5\xf46\x19\x9e\x10\xe7>\xa6iz$\xd4\xc6\
?O^\x93\xf3\xb5\xc4\xb0\x84P\xe3\x97\x17\x17\x0f\xc9\
\xfa\xf2<?\x98\x19\xf3fn\xfe\x16\x18\x8e\x90\x1dd\
\x84h\x912\x0c!%2B4H\xe9\xbf\x90]\xca\
\x08i[J\xbf\x85T\x94\x11\xd2\xa6\x94\xfe\x0a\xd9\xa3\
\x8c\x90\xb6\xa4\xf4R\x88\xb3\xf6}\x99\x0cj\xf6\x0a#\
_\x9f\x0d\xaf\x83\xd6\xf7N\xae\xbfIz'\xc4[\xfb\
\xa1L\x06\xcdw\x83\xd8bH\xcaM9}6\xb1\xdf\
)\xbd\x12RQFXN\x95\x94\xde\x08\xd9\xa3\x8c\x80\
\x1a)\xbd\x10\xb2O\x19\x01\x15R:/\xa4&\x19\x81\
\xd6\xa5tZH\xcd2\x02\xadJ\xe9\xac\x90\x86d\x04\
Z\x93\xd2I!\x0d\xcb\x08\xb4\x22\xa5sB\x22\xc9\x08\
D\x97\xd2-!\xc6|*\xfb\x90=5g%\xadG\
F\x80\xa5\x94_\xd1Sm\x05\xcbV\xa6[B\xac\xbd\
.\xd7=\x9b\x06d\x04J\xa5xc\x96\x0b\x96\xabL\
\xa7\x84\xf8$\xb9 \xd7\x1d\xd2\xa0\x8c\xc0\x7f\xa5pm\
\x05\xcbT\xa6SBR\xe7\xee\xcbus\x22\xc8\x08\xec\
(\x85k+\x98\xbf2\x9d\x12B\xeb\xd9t\xce\x9d\x0f\
\xeb\xe5\xcftO\xbf\x8f*\x86\x8c\xc0\x16\x9dX\xac\xcd\
~\x9e<M\x92s\x5c[\xc1\xbc\x95\xe9\x94\x10\x86\xf6\
\xd5\xbf\x89\xb7$\xe2)\xfd\xbe!\xa7Gd\x83k\xe0\
Z\xb8\xa6\x82\xe9{\xa2sB\xfa\x0e\x84(\x03B\x94\
\x01!\xca\x80\x10e@\x882 D\x19\x10\xa2\x0c\x08\
Q\x06\x84(\x03B\x94\x01!\xca\x80\x10e@\x882\
\xa2\x08\xc1\x97`\xee\x9e,\xca\x97`:wE\x0e\x0c\
v\xe4\x92\xec_\xed\xc9\xb6\x9f\x9e#\x07\x06\x05x\xef\
O\xc9\xfe\xd5\x1e\xfew'?YF\x0e\x0e\x04\xc6|\
\x1e\xc5zl\x05?\xe6g\xae\x00\xf0\x0f\xde\xda\x87\xb2\
o\x8d%M\xd3\xa3\xf4\x17\xf0C\x16\x01\xb6\xf1\xc6\xfc\
\xcc\x97\x96\x8e\xc9\xbe5\x9a\xe9\x1d\x22s\xc5\x80\x09w\
d\xbfbd\x81\x06~^P\xcc\xa0i\xed\x91G\x1c\
\xbe7\x97\x8aX\x97E\x0d\x15\xdaU\xbd,\xbb_9\
F\xf8\xb1ykYM7\x97u\x11>f\xf0\x053\
\xf7B6\xa7\xb5\xf03\x97\xf81?\x83:%\xa6S\
[>\x9b\x8a~\x00\xaf\x92\xc9u\x0a]\x10M\xaf\xe8\
WS\xe7\x1e\xf4\x0a\xda&\xde\xb6,IN\x8e4\xbd\
#\x10\x04A\x10\x04A\x10\x04A\x10\x04A\x10$r\
\xfe\x02\x13\xe4\xc4\xdb\xc1\xf3v\xf6\x00\x00\x00\x00IE\
ND\xaeB`\x82\
\x00\x00\x0cE\
\x89\
PNG\x0d\x0a\x1a\x0a\x00\x00\x00\x0dIHDR\x00\
\x00\x00d\x00\x00\x00d\x08\x06\x00\x00\x00p\xe2\x95T\
\x00\x00\x0c\x0cIDATx^\xed]\x07\x8c\x1dG\
\x19>\xd3{\x0b\xbd\xd7 z\x07Q\x92\x1c\x04\x8c\xce\
\xb7\xf3\xf6\xcd;.8\x04\xac(\xa0\xa3\x17\x91P\x82\
\x099\x0c\x84H % HL\x88\x02\x04bp\xc0\
\xa1\xf7&\x10-`$D\x09%\xb44pH\xb0\xb0\
\xc1\x108 |\xdf\xdc>\xbc\xf7\xed\xce\x96\xf7v\xf7\
\x95\xdbO\xfa\xe4\xe4n\xfe\x7f\xcaN\xf9\xff\x99\x7f\xe6\
ffZ\xb4h\xd1\xa2E\x8b\x16-Z\xaccXk\
o\xdf\x0d\x82#m\xa7s\x5c\xaf\xd3Y\xb6\xc6l\xc7\
\x7f\xef\x04?\x87\x9f\x7f\x19\xff~\x02<\x9f?\x0b\x8d\
y\x07~\xff\x9an\xa7\xf3\xec0\x0c\x0f[\x5c\x5c\xbc\
\xa5\xeakQ\x12h\xc8\x87\xa0QO\xe8\x19\xf3\xa9\xae\
1W\xa2\xa1\xaf\x1d\x82\xff\xb5A\xf0k\xbb\xfa\xc1^\
\x89\x8f\xfb\x00\xcd\xaf\x85\x07\xe8\xcd\xd7\xc5\x078/\xa5\
Q+%F\xd9o\xbba\xf8n\xfc{8\xb2\xdd\xa0\
\xe5h\x11\xc1\x86\xe1\xcb\xb4\xf1\xea&\xa6\xb6_!\xdf\
\xd7v:\x9d;ky\xd6=\xd0@\x9f\xd6\x06k\x8a\
\x18\x99\xff\xc4\xbfg\x19c\xee\xa5\xe5Z\xb7@\x83\xbc\
_\x1b\xaai\xc2H\xf8\x17\xd6\xafs\x16\x83\xe0\xeeZ\
\xbe\xa9\xc1\xb1\xb3\xb37\xea\x85\xe1\xb305lEe\
\x83\xe5\xe5\xe5\xebh\x1a\xa2\xdb\xed>\x16\x8dr\x8d6\
\xd2(\x88\xf5\xe5o\xb4\xd6\x96\x96\x96\xae\xaf\xe5\x9ch\
\xc0bz\x1c*\xf8K\xa9\xf0N\xdfGAC<\xd1\
YW\x9d\xce%H\xb7\x17S\xc9\x7f\xb4\xb1\x1a\xa51\
\x17\xd1|\xd6rN\x1c\xd8\xb3\xd0\xa8\xdbP\xa9\x95D\
%\xc1\x850\xdc\xa42i\xe0b\xcb\x9e\x0a\xeeW\x1d\
M\x11\x9d\xe2\xdf\xa8\xcb\xc9\xb4\x02\xb5|\x13\x01\xcc\xbf\
w\xe9\x05\xc1\xf7\xb4bk*\xd9\xe9\xbc^\xe5\xb2\x80\
\xe9\xecQ\x90;\xa0z\x1a\xa51_\x9f8k\x0c\xc3\
\xfb\x09a\xa7\xf3\xc7De\x92\xdc\xac\xb2ypkP\
RO\xa3\xc4\xa2\xff\x07t\x8e\x87k\xd9\xc6\x12\x98\xff\
;\x18\xde\x7f\xd7J(1z\xbe=\xc8b\xc9-\x14\
\xd55\x22\xee\xe3V\x8e\x96o\xac\x80\xde\xbb\xc5z\xd6\
\x8b5\x84I\xb9q\xe3\xc6\x9b\xaa|Q8\xebGu\
\x8e\x80\x91\xdfRz\x947\x02\x14\xec\x18.|Zh\
\xa9\xc0\x95`We\xcb\x00\x03\xf0\xe6#\xb7\xbab\x8c\
\xea\xbc\xa8\xe5\x1c)\xd8\xc86gd`\x01\xff\xfe\xe2\
\xa6MwT\xd9\xb2\x809\xfc\x1c\xd5=jr\xa4\xc0\
\xc7z\xaa\x96u$@\x03=\xc6\xe6[>\x17\x18c\
n\xa2\xb2e\x81\xd1q\x07|\xd8\xcbR\xf4\x8f\x9c\xf8\
(\x7fe[h\x99\x1b\x05\xcd\xbf<k\x0a\x0d\xf8v\
\x9f\x03X\x06Xw\x8e\xc0\xdaq\xb1\xea\x1f3\xee\xe9\
\xf5zw\xd2\xb27\x026\xb2\x0d\x82\xaf\xa5\x14\xea \
\x8dy\xa3\xca\x95\xc4\x06\x98\xd0\x06\xba\xbe\x99\xd0=\xae\
\x84\x9f2\x12\xe7\x91N]\xa20ky\xa6\xca\x94\x01\
L\xca\x8d\xf8\xe0?N\xd1;\xf6\xc4H~\x93\xd6\xa7\
V\xa0\xa1\x9ed\xb3\x17\xf1\x8f\x0e\xdaKz\xf3\xf3\xf7\
\xc6|\xfc\xd9\x14\x9d\x13Cg\x05\x1a\xf3\x14\xad[-\
\x98\x9b\x9b\xbba\xe6\x5c\x1e\x86\xdfa\x1a\x95+\x80\x0d\
\x18u/\xe4\xe2\x98\xd09\x894\xe6\x17\x03\xb6C9\
\xf0d-\x91\xf9A\xee\xedm\xdat\x0f\x95\xc9\x03\x83\
\x10\xec\x08\x0f\xa6jc\x18n\xd5\xbaV\x0aZUY\
=\x18\xbf[P\x99<@\xe7\xfd\xd9\x9bT\xd74\x90\
[H\xb5\x9e>\x22\x93\x0fj\xa6}b\x1a;[\xd3\
\xe7a\xa1\xd3y4>\xc6\xd5\xaak\xca\xb8C\xeb]\
\x09\xac\xb5\x87flY\xecEO\xb8\xad\xcad!2\
\x0c\xf6\xa5\xe8\x9a*rke!\x08\xee\xa7\xf5\x1f\x1a\
\x18\x01\xef\xd1\xcc\xfa\x84\x87\xfaRM\x9f\x05\x8c\x8c\x87\
\xc2\xac\xfd\x8b\xea\x19\x19\x8d\xd9\x8d:\xbc\x08\x9d\xee\x10\
\xd4\xf3\xc9\x89\xdf\x0f\xc9Af\x8fLp\xcb\x02\x1e\xf9\
?4\xa3\x88?\x9d\x9d\x9d\xbd\x9e\xca\xf8\x00G\xefn\
\x90\xb9<EO\xb3\xc4T\xe9\x22\x1c\x83\xe0a\xf1\xf2\
\xc1\xc0\xb8\x8de`\x9d\xa6\x1f\x82\xdc\xebb\xbd\xe3\xf9\
\x0c\x05::\x9aI\x8c\xc7hz\x1fP\xd9\x1b\xa0!\
.L\xd1\xd1\x089\xe5\xc2\xb4\xfe\x02\xfe=\xcag\x92\
\xba\x91\x92\x22;,\xabt\x167t\xc3\xf0\xf7\x9a\x81\
\xa31\x97\x969dBc\x9c\x96\xd0\xd1\x00\xdd\x86d\
\x18\x9eZ\xc4\xe2A\xda\x1f\xaa|\x15d\x1b\xceT\x11\
!\xc9\x08\x10U\xde'z\xd3+4\xbd\x0f\xf4\x5cm\
\xc5SA\x169\xc5\x82\x1fb\xbeE779}\xa9\
\x9e*YI\xe4\x8a\x9bg\xd3\x94\xa3\xc2E\xa3\xca9\
=4\xe6kD\x0bt\xb7\xdb\xbd\x95\x96#\x0f\xbe\xba\
V\xc8\xb34\xcfR`\xcf\xe2\x81~\x8a\xe2k{a\
\xf8qM\xef\x03\xa6\x81\x13U\xbeRF\x0b4\xad7\
\xcd\xbb(\xa2NS\xb7O\xb4gf\x98i\x8b\x15L\
Q\xea\x88\x0f\xf2LM\x9f\x06\xf6T\xa4\xdf\xab\xf2\xc3\
\xd2-\xd0\xbc\x17\x12\x86[\xaa8\xfcb}4\x8f:\
\x88i\xeb\x81\x9awa\xa0\xb2/V\x85N)\xa6\xab\
\xa2A\x0a\xe8uoV\xf9a\xc8k\x04\xe0I\x95\x9a\
\x913\xae\xae_\xd4\xbc\xea f\x8b\x97h\xde\x85\x81\
^\xf8\x11U\xe8h\xcc74m\x1a\xb0\xc6\xdc\xd8V\
3:\x18\xeb{>\x0f\xab\x06\xdd\xd6\xcfB\xaf\xd7\xbb\
+=\xea\x94|\xeb\xe0.\xcd\xbf0\xac\xcf\x81C\xaf\
\xd7\xb4i@\xda\xe3\x12\xb2%\xc9\xd1X\xcb\xd6C\x0c\
\x18\x1do\xd0|k\xa31Wh\xfe\x85\xc0m\x84\x84\
\xb2\x88\x0ba\xf8tM\x9f\x064\xe6wU\xb6,\xd1\
s\xcfS\xbdU\x82\x86\x0b\xa7A\xcd\xb7N\xc2\x80\xb8\
\x85\x96#\x17\xd1\xb5\x80\x842rqn\xeev\x9a^\
\xc1\xd8^[\x81\xdf\x91\x17\x1dH\xd3\x9b\xd1\x1e\xdc9\
.j\x86\xc7\x11]$M\xe4['\x07\x8aNA\xcf\
<Z\x159\x1a\xb3_\xd3\xa6\x01i_\x90\x90-I\
\xf6\x5c\x9fS\x17Y\x80<\xd4\x8a\x1f%\xaf\xf0\x1aC\
\x19\xf3\x97#P\xf3\xad\x9b\x8c-\xd3r\xe4\xc2\x17\xc4\
\x80\x9f\xffH\xd3\xa6\x81~\x8a\xca\x96&\xe6v\xd5K\
@\xb7\xcd\xd8\xect\x07CL\xa3r\x8a\xf9\xf9\xf9[\
g\xe9\xa9\x8b\xe8h\xcbZ\x96\x5c\xf0\x86\xaa*r\xca\
\x0a:\x84>\x87\xb2(\xe9g\xa4])c\xef/\xd2\
\x88\xfc(v~\xfe\xc1*\x1f\x87\xcf\xac\xaf\x9btb\
\xb5,\xb9@\xc3\xbfO\x15\x91\xfc\xb9\xa6U\xd0\x8cT\
\xb9\xd2\x84_\xa0z\x09[\xe2\xec\x9d\xd3\x97\xca\xc7Q\
\xd7Fb\x1e\x8b\xb4a\x02v\xf5\x95\x84\x842\x8e\x1c\
M\xab@\xef\x9cS\xb9\xb2L\xdb\x09\x88\xbc\xfe\xac\xf0\
\xa35\xe4\xe5M\xdfB\xcf\xfb\x1d\x9a\xbe)\xa2n\x1f\
\xd3\xf2\xe4\xc2\xfazb\x18\xbeM\xd3*\xec\xb0\x0b\xba\
1W\xa7\x9dW\xb83xM\x9b\xc3^\x10<R\xf5\
\x10\xe8X\xef\xd4\xb4M\x11#\xf3KZ\x9e\x5c\xf0 \
G\x159\x86\xe1\xa9\x9aV\x81\x06}kB\xae\x04}\
slU\x1f\x84\x1f\x1b\xa3\xf8\xcf\x9a\xb6)b\x0d\xfc\
\xbc\x96)\x17v\xf5]\x90\x84\xb2\x22S\x96]}\x18\
&![\x98r\xac\xda\x07\xa7\x1fw\x87\x5c\xd3{\xc8\
\xb4iNXS\x1b\x89>\x0e6e\x19\xf3^UD\
\xf2\xd0G\xd3*\x90\xee\x03*W\x98\xc6\xecV}q\
X\xdfT\x9a\xc6 \xf8\xa4\xca\x13Mm$\xfa\x88N\
}\xae\x96)\x17\xbcF\xa0\x8a\xc8<\xcb\x85\xf0nJ\
\x16 \x0f\x97T_\x1c.b\xa5\xc0\x1dF\xa6Y0\
\xe6A*\xcf\xc8J\x9a\xd4\x9a\xbea\x96\x0fD\x1f\xc6\
1\xb4\x03\x8e\x106\x22\x9d5\xd5\xa7\xa0\xd3\x97\xf5Q\
\xf8\xbb\xae\xe7\xea\x1c\xca\x7f\xb2\xa6o\x9a(\xc36-\
W. \xb8Y\x15E<\xe0\xdb\xce\xe8\x03\xd3\xda\xbb\
R\xe4rYf#\x91N\x9f{\xed!\xb6\xa6\xb8\xff\
\xc64\x9562\x08w\xa7\xc5\x98\xdfi\xbe\x8d3\x0c\
\xb7h\xd9rA\xeb$\xa1(b^@52|\x8b\
\xca\x14a\xdeFb\x1a\xb8h\xb3\xacd\xda\x02\x1e\x07\
\xef\x01j\x9e#a\x10<^\xcb\x96\x0bX47\xb3\
\x9e\xdd\xda\xbc'1P\xf1\xe7\xa9L\x1e\xb36\x12\xab\
\x02\xf2\xd9\xa1\xf9\x8e\x82Ev\xcbS\x81\xe1}\xa9*\
s\xcc\xf1E wDB&\x8f\x9e\x8d\xc4\xaa\xc0\xd8\
\xe4\x22{`u\x13\xeb\xc7\x9f\xb4l\x85\xe1\xb3\x96\xf8\
\x86\x89\xa6\x8d\x83\xd7\x9fU&\x8b\xbe\x8d\xc4a\xe1\x0e\
\x9fV\xa7\xa9\x1d\xe3\xf01\x22\x0e~\x84\x8b\xca<?\
E!\xb9\xc2\x0b\xfc\x9a>\x0e\xf4\x84\xdf\xa4\xc8\xa5\x92\
\xbb\x02*?\x0c\xf8q\x9d55\x0e\x0b\xb8\x10\xe5z\
\xb9\x96\xb70\xdce\x9a\x14\xa5N\xb11Gk\xfa8\
l\x89\x97\xe1\xa0\xeb(\x95/\x0bw\xd5\x8e\x1e8\x9c\
\xbe1\xf03\xbc\x84\x1f\xf5\x08-{)XO\xa0C\
\x18\x04\x9f\xd1\xb4q\xa0q\x9e\xa12\xa9\xf4l$\x16\
\x05wm\xb9Q8\xca\xbd\xa9\x12\xbcj\xe8\xa8\x99\x8c\
]\xd1\x15\xbe\xcc\xa3\xe9\xfb`\xf0\x9a\xcd\x7f\xe1\x81&\
\xe0\xe9*\x9b\x07\xb7\xa7e\xcc\x12\xd6\x85o%\xf4\x8d\
1aI\x9e\xa1u)\x8d\xe8y\xbe\x84r\x97AN\
\xb0\xb5-bfz6\x12\x15QX\xeb\x91t\x1e\xc7\
h\x81.\xc5J\x82\xad\x09\x9b|/\xd1\x11\x0b\xd4e\
\xbc\xf3\xa1\xe9\xfb\xc8\xbb\x8d\x84\xc6\xfd\x81\xca(\x5c\xf4\
\x0a\x9f\xf7[}\x99:\xa1cR\x88\xb6\xbadf\x98\
\xb8\xde8\xb2\xf6\x7f\xd0\xa8\xc7j\xfa\x18x\xb7\xe4'\
*\xd3\xa7o#qR\x16\xe82\xac\xf2\xc2\xce\xea+\
<\xbe\xcd<c.\xcaZ\xa8z|\x1aVe\xfa\xb4\
\xf6\x90xZN_<\x9c\x9a\x90\x05\xba0\xdd\xd5\x8d\
\x0a\x9e\xa6Z\x03_\x14\x0a\xd9\xcd\x08 \xe6\xc7\xb2\xbe\
)\x8fAj\xbch\xc9kd\xc6\xec\xd6\xdfO\x0d\x8d\
\xd9\xae\xed24x\x1d\xcc\xfa\x03\x0c\xf6e\xf5\x00\x14\
(L\x91Y\x17\xec\xd6u-\x9a\xb0Y\xe7\x1c\xc6\x9c\
\xa3\xe9\xe3\xc0(\xfajBf\x1dp\xa0\xd3\xc1\xa2\x88\
\xf6\xa8\xbc\x97\xfdyp\xa42}p\x84\xf5\xc6\xe4\xf1\
\xca\xc6h\xcc\xfe\xda\xdf\xf8EO\x7fu\x22\xe3\x83\xcc\
||\x06\x1f\xe4\xf8\x14\x99\xe9\xa51'h\x1bT\x0e\
\xfa\x1d\xb0\x1a~\x9e\xc8<\x22\xaf \xf8|\x13wb\
7\xe2\x00\x83\xa6\xc86\xf2\xb5C\xe5@O?\x9c\x8b\
\x95\x16\xe2\xff\x85\x09\x82\x0f\xfb\x0e\x9b\xdcC\xc8\xc6\x5c\
\xa12S\xc6\x95\x81N\x05\x87A\x96\xb3Hf\xc5o\
\xf1\x0d\xf7i^O\xd06'j\x9dk\x87\xf3/r\
\x1e\xc1\xe4GS\xb9>\xb8\x1b<-^\xf8\x1a\x86\xe1\
W|\xb3C\xed\xe0\x93\xa8a\xce3\xb1\xf4\xbc}\x05\
\xc4\x07y\xae\xf5\x9c\xdbO$1\x15\x8f\xec\x99\xd8>\
\xa2\xe8\x14\xaf)\x1cq\xa7\xef\xcc\xc3\xbd\xba0\x05#\
\x85\xcfM\x95\xb9\xb9U+\xec\xea;&\x99\x7f\xa6\x88\
\x7f\x0d\xc1w\xb7\xdc\xf2\xdd\xf8\x121\xbbc\xc8k\xb8\
\xb3\xad\xf5\x1a)P\xa8\xc5\xdc\x9e\xce\xa7+\x8c\x09T\
\x96\xc0\xef\x9f6\x89\x9b\x8a\xacs\xb7\x82#\xe8Z\xc0\
\x82\xd9\x9c\x91\xe2*\x11\x86\xe7\xa6=\x09\x08\xeb\xeb>\
\x13\xf6x2\xeb:^\x7f\x19A\xc1\xa1[\xf0\xf9\xbe\
\xab\xf0\x01\x97\xf45:\xbe\xfe\x10\xbd\xca3\xde\x8b\xbd\
1\xfb\x07\x89\xb4\x1c\x09\xdc\xbbS\x05\x9d\xbf.\xff\xca\
f\xa7\xb3Y\xcfT\xdc\xba\xd4\xd4\x93N\xe5\xb9\x87\xbe\
T\xbc\xbcc\x0f\x9a\x7fy~J\x9c\xd1\xa32\xc7\xc7\
\xdf\xb9\xe2\xd6\x03\xf7\xce\xc6jm\x99\xc4?\x0a\xd6\x07\
{=\xefdgm\xb3(\xa3\x00\x86\x0bx\x84\xdb\x0f\
\xc6c\x94\x09CM\xbb\xc3\xff\xd5\xe8\x81\xc9:\xb0.\
:\x92'\x12\xee\x8d^c~\xa6\x95,\xc0\x15\x86\xfa\
`\x94ls\x7f\xb6\xc2\xdaCy$\xec\xde\xc9\xf2\x1f\
\x96UN|\x88\x8b1rg\xb5^\x13\x0dN?p\
\x02_\xd7\xf5\x9d\xcd\x17$\x0d\x06\x178a\xcc\x85\x0d\
\x84\x03\x1d\xc0\xc8\xdc\xeasj\xa7\x02\xe8i\xf7\xec\xad\
>J\xd0X\x0f/\xcb\xc8\x9f\xdaYG\x00\xf8\xd8\x02\
\xeb\xc3}\xe9\x8f\xd8\xf1\xfa0\xf4\xb8\xcffL\xb3\x96\
w\xdd\x80\x16\x0b\x1a\xe1$\x06\x92\xa54P#d\xde\
(\xc3)#\xdf\x18\x1c'\xd0z\xe1\xc3hh\xa03\
\xad'\xc0\xbbJ\xd2bsw!ap\xccT\x15Q\
8\xc5\xd8\x10\xbd\xda\xf0*p\x97\xad\xe6\x03]\xce\x93\
L\xc6\x90\xd1q\x9d\x0a\xf3u\x94pg/ax\x18\
o\xb0\xba\xd3Jc\xb6wW\x1f\x1f\xdbE382\
\x85w\xb1\xd11\xfd\x9cA\x8b\x0e\xff\xbf\x99/\xe3\xa5\
\xed\x9b\xb5h\xd1\xa2E\x8b\x16-Z\xb4XO\xf8\x1f\
\xadRl\x05$\xa6\x1c\x87\x00\x00\x00\x00IEND\
\xaeB`\x82\
\x00\x00\x07\xcb\
\x89\
PNG\x0d\x0a\x1a\x0a\x00\x00\x00\x0dIHDR\x00\
\x00\x00d\x00\x00\x00d\x08\x06\x00\x00\x00p\xe2\x95T\
\x00\x00\x07\x92IDATx^\xed][\x8c%C\
\x18\x9e\x15\xb7\x10\xd65\xeeA\xdc\x83\x10\x82\x10\x92\x11\
v\xe4\xcctU\xf5\x7f\xc6\xd9\xacx\x11d\x10,\x09\
\xd9\x07!\x19\xe2\x81\xc4>\x10\x12\x8b\x95e\xc3\xc3&\
\x88\xdb\xb2\xee\xacK\x16\xb1\x0f\xb2\x1e\xc4\x8b\xc8F\xb0\
Y\xd7%,\xc3\xff\x9f\xed\x96:_w\xcf\xec\xec\x9c\
\xee\xaa\xae\xd3_\xf6\xcblN\x7f\xd5\xf5W}\xa7\xba\
\xaa\xba\xab\xeb\x0c\x0d5h\xd0\xa0A\x83\x06\x0d\x1a4\
h\xd0\xa0A \xe8t:\xbb\xc6Q4\x12k}\x17\
)\xf58i\xbd\xaaLb\xfe\x0d\x12\xb4Z\xad\xdd\xda\
Z\xdf\xc2&l\xe2\x8a\xfa\xb7*b\x1c\x0d\x18Z\xeb\
C\xd9\x88uXYU\x10cI\xc1\xc7\x16\xf1\x9fy\
\xf8y\xf0 \xa2\xfd)\x8a\xbe\xc2\x8a\xaa\x8a\x18O\x0a\
\xfe\x82\xbc\x1d\x1b\xf3\xd0\xd0\xa0\x99B\xc6\xac\xc1J\xaa\
\x92\x18O\x0a1D\x8e\x0f\x94)\xc6\x18\x85\x15T5\
1\xa6\x14\xa9!\x09\x1f\x19\x1a\x04Sx4\xf5:V\
P\xd5\xc4\x98R\x80!\xe1\xb7\x948\x8e\xf7aC\xfe\
\xc2\x0a\xaa\x9a\x18W\x0a4D\x18\xb4)|\xb9:\x07\
\x0b\xec\x82\x18W\x8a<C\x12\x86y\xf9\xe29\x87\xce\
)l\xe5\xc4\xb8RLcH\x98-\x85\x0b\xd6\xc1\x82\
\xba \xc6\x95b:C\x12\x86\xd5R\xa8\xfe\x86\x08\xc3\
1\x85\xc20D\x18\x86)\x14\x8e!\xc2\xfa\x9bBa\
\x19\x22\xac\xb7)\x14\x9e!\xc2\xfa\x9aBa\x1a\x22\xac\
\xa7)\x14\xae!\xc2\xfa\x99Ba\x1b\x22\xac\x97)\x14\
\xbe!\xc2\xfa\x98B\x83a\x88\xb0\x1e\xa6\xd0\xe0\x18\x22\
\xf4\xdf\x14\x1a,C\x84~\x9bB\x83g\x88\xd0_S\
\xc8\x13Cd\x1d\x18\xc6&\xe0c/\xa2\xb6\x1f\xf4\xf6\
\xd6=ybH{t\xf4H\x8cM\xd0]#\x96\xa3\
\xef\x07\xbd4\x85|1D\xeb1\x8cM -\x87\x8f\
\xafF}\xbf\xe8\x9d)\xe4\x8f!\xcb06\x0b\xf3(\
\x8a\xceo\x1bsu\xac\xd4D\xbfi\x8c9\x023t\
\x06\xf2\xc4\x10\xae\x98_;\xa3\xa3\x07c|\x03\x07\xf2\
\xc4\x90.\xa3h9\xc67p \x9f\x0ca\xf2e\xe9\
\x1a\x8cq\xa0@\x9e\x19\xc2\x9c\xe2\xfedr\xc8\xa7\x8e\
\xb6J\x90\x7f\x86lc\x14\xbd\xd5V\xea,\x8c7x\
\x90\xaf\x86\xa4TjC\xac\xf5}l\xce\x8d\xdc\xf1/\
\xa4m\xf1n7e8\xad\xb5>adddO,\
\xbb\x97H\x02\xcfVD\xddi\xcc\x1a6\x90\xff\xa9=\
\xb0\xcc^\x83B3D\xa9\x8d\xfcw\x01\x96\xb36\xa0\
\xb0\x0cY\xdf\x89\xa2\xc3\xb0\x8c\xb5\x02\x05b\x08\xf73\
\xdf\xb4\xdb\xedC\xb0|)\xb8\x1f9H\x88\x9f{\x07\
\x0a\xc4\x10\xb9\xb5\x82e\x93[\x22F\xeb\x07\xe3(\xfa\
\xe9\x7f\x9dR?\xc6\xc6<\xc0\xe6\x1d\x8ez/@a\
\x18\xf2,\x96+\x8e\xe3\xb3\xf9\xf3\x1fr\xb4)7\xb3\
a\xe7a:\xe7\xa0\x00\x0c\xe1\xca\x1f\xb6\xcb$\xdf~\
\xb97\x86\xba\x1c\xfe,o\x1e\xdbi\x9d\x83\xean\x88\
R\x9b\x86\x87\x87w\x862\xad\xcc\xe8\x8a\xb9\xc2N\xeb\
\x1cTsC\xe4\xfdH\xbb<\x13\x13\x13\xbb\xf0d\xf0\
7\xd4\x15QZ\x12\x1a\xea\x14TsC\x98+\xed\xf2\
\xf0\xe5\xeb\xf4\x1c\xcd\xb4\x1cW\xead\xfb\x1cNA5\
7\x84[\xc3c=\xe5\x19\x1b;\x0553Qn\xad\
\xd8\xe7p\x0a\xaa\xb9!<\xdc}\xde.\xcf\xd8\xd8\xd8\
\xbe\xfc\xf9\xd6\x8c\xae\x80|\xc9\xfa\xb3\xd5j\xedm\x9f\
\xc3)\xa8\xee\x86(\xb5\x11\xcb\xd4V\xea\x85\x8c\xae\x98\
\xcf`z\xa7\xa0\xba\x1b\xc2\xe4\xf9\xc4\xa9v\x99\xdaQ\
t\x06O\x08\xff@\x1d\x92[\xc7\xef\xdc\xc2N\xb3\xd3\
:\x07\x05`H\xb2r\xa4\x07\xb1\xd6KP\x97\xa1R\
\xb7b:\xe7\xa0\x10\x0c\xe1~`<\x8a\x8e\xeb)\x97\
1\x8bQ\x87d\xd3n\xb0\xd3x\x01\x0a\xc0\x10\xa1\xdc\
*\xb1\xcbe\x94\xba\x1f59\x5cj\xa7\xf1\x02\x14\x80\
!2\x11\x94\x9d\xf0\xa0\x5c\xef\xa0.Cc\xde\xb0\xd3\
x\x01\xaa\xb7![\xb9\x1fx\x97/YW\xd9e\x92\
\xc7\xb5r\x19\xcb\xd1\xf7P:~\xef\x9e(R\x0d\x0d\
\xe1\x8a|\x9f\xff.\xeat:\xf3\xb1<\x82qcF\
1M\x11\xd9\xb8\x16\xa6w\x0a\xaa\x91!\x5cy\x9f\xf1\
0\xf5\x5c,\x03\xc2D\xd1K\x98\xb6\x882g\xc1\xf4\
NA50\x84\x8d\xf8\x87GD\xb7o\xcfM@\xd6\
_\x8e\xe9g\x22\x9f\xff2<\x8f3\x90\xe7\x86t'\
oZ\xb71\xee\x14\x93\x93\x93;i\xad\x8f\x95J\xe5\
\xf9\xc8\x93b\x1e\x9ec&&i\x9e\x90s\xc8\xb9\xe4\
\x9c\x98Oe \xbf\x0d\xd9*\x9b9c\xcc\x02\x99w\
\xf0\xf1\xa54\xfdS\xc1\x1d\x22\xb7\xc6\xefe-\x98\x98\
\x83\xf9\x96\x0e\xf2\xd8\x90\xbc\x89\xdb\x15\xc3\xc3\xbb\xf3\xc8\
\xea\xee\xed\x19E\xcd\x95\x92\x87\xec\xec-yb\x1c\xa5\
\x81<5\x84GR\xaf`\xac\xb2?$\x1f[\x8b\xda\
\xb2\xc9\xb1|$\xfb\x1ac<\xa5\x80\xfc4d\x0bW\
\xfeQv\x9c2_\xe0\xcf\xd7\xe7h+\xa1\x8c\xf0*\
\x99\xb3\x90\x87\x86\xc82\x1d\x8cS:l\xd49\xe0\x0a\
\x8c\xab\xef \xff\x0c\x99\x1aW\xeaD;\xc6\xb61\x17\
\xe7\xe8\x9c\xb0\xad\xf5\x85vl}\x07\xf9f\x88R\xeb\
0\xc6v\x14}\x90\xd1\xb9\xe3Z\x8c\xaf\xaf \xcf\x0c\
\xe1o\xe0\xbdv|\xdc\x97\x1c\x83\x1a\xd7,u8L\
\x9e\x19\xc2-\xc4\xd8\xf1\xf1\xb0\xf3\xa6\x8c\xc61\xe5]\
\x15;\xc6\xbe\x82<3\x84[\xc4\x99=\xf1)\xf5(\
j\x9cS\xa9\x87\xed\x18\xfb\x0a\xf2\xcc\x10\xdc\xd1\x81J\
\xdaZc.,\xf5\x86$yfH\xa7\xd5:\xb0'\
\xber6\x9f\x99\x1b9&;\xc6\xbe\x82\xeaj\x881\
\xf7\xc8\x1a\xac2)yd\xf2\x156\x86du\xc9\xab\
\xd3\xa5B\xf2\xc0|\xbb\x1c(C\xe0)`\xd1\x1c\x84\
\xaf\xe3\xb7\xd9\xba20\xf0\x86\xc4J\xfd=\x04\x1b\x06\
p\xe1\xbf@]W\xab\xf5u\xb6\xae\x0c4\x86h\xfd\
5\xc6g\xb4\xfe\x16u]\xed\x1c\x9f\xf2\xc9+p|\
\x9e\xa79\xcf\xd7d\xc1\x9c\xbc\xc6\x80\x1a'\x86\xf8\xf2\
\x83.By\x16n\xc7\x96\xdcn\x9fB\x9dP\xeeo\
\xd9\xda\xd9@\xd2Jk\x84sf~m\xd4\x89!\xc9\
\xbbx\xd9L]\xd0\x98\xc5vl\xc6\x98\x0b2\x9a\x84\
s\xd9\xca\xa9h\xa0@D'\xd9:'\x86H'\xea\
\xc3\x8f\x821\xa7p#1Y\xd8\x90\xa3\x93\xcb\xd5w\
\xb6n\xb6(\xba\x0cr\xcb![\xe7\xc4\x10\x81\x0f?\
\x9b'O\xe50\xae\xa2\x11\x16\x1b\xf22jg\x03y\
f\x8e\xe7L\xd8\xb1u\xce\x0c\x99\xcd\xc2\xb2\xb2\xc8\x95\
\xbc\xd0\x8eIn\xa1\x14\xae 1\xe6z[;[x\
o\x88\x80J\xdchrF*\xb5\x01\x97\xde\xf0gw\
ft\x09\x95RG\xdb\xda\xd9\xa2\x16\x86p_\xb2\x1f\
\x07\xfae&\xf3\x0a\xc8-\xf4\x12\x88e>\x7f\xbe\x19\
uB\x8e\xf1c[\xbb#\xa8\x85!\x02\x19\xb9tW\
X`\x00%\x92+\xe7U\x8c\xa3\xb0\x22D\xaf\xd4\x04\
\xea\x05\xf2&-\x1f\xbfR\x8e\xcfD\xae\xd0_\xf0\xbc\
B\xcewY\x8f\xae\xe8NsU\x86\x08d\x9f\xdc\xb6\
R7S\x09\x0b\xd0\xf2\xc8#\x9bK\xed\xfc\x93\xbe#\
\x7f\x17\x06\xa56\xf1\xb4i/[\xdfM\xa3\xf5\x1dT\
0_)\x85U\x1a\x92Bf\xae\x9c\xf9\x82\xee\xb75\
\x8a\x96\xf3\xffW\x95A\xee\x0f\x0e\xb0\xf3\xa5i\x1eH\
qkZbk\x05\xc9{\xe9\xd5\x99!ta\x88+\
\x14\xf5c2w\xc8[\x17%\xab\x1bQ[69\xcf\
71\x8e`\xc1\x05~\x0f+ \xe1\xb5\xa8\x15\xf0\xe5\
m<G[*\xf3^2\x0d\x162'\x8a\xb3\xf7\x99\
V\xe3\xb08\x85\xbc\xca\xc6\x15\xf49VZ\x89\xdcB\
D\xc7c\x1cA#\x8e\xa2\x8b\xb8\xb3\x7f\x8e'\x80\x1f\
\xca\xed\x93\xa2\x9f\xb2H!\xebne\xb5#_\xdb\xd7\
1?-\x83\xfc%\xf9\x84\xf9\x94W\xfb\xa24h\xd0\
\xa0A\x83\xa0\xf0\x1f\x08\xae\xe5%\xae6\xc1\xff\x00\x00\
\x00\x00IEND\xaeB`\x82\
\x00\x00\x08l\
\x89\
PNG\x0d\x0a\x1a\x0a\x00\x00\x00\x0dIHDR\x00\
\x00\x00d\x00\x00\x00d\x08\x06\x00\x00\x00p\xe2\x95T\
\x00\x00\x083IDATx^\xed\x9dY\x88\x1dE\
\x14\x86g\x5cq\x01qyrW|p\xc1\x07w\xe3\
\x92L\xd4\x04\x92\xa9\xea\xba}\xc7\x11\x97\x17\x8d:\x0c\
\x82\xa8\x11\x09\x8a\x86A\x13\x97h\xe2\x02\x12cP\x5c\
#\x04\xc9\x83>\xba\x80q\x01Q\xa3F\x82\xe8\x83\xe2\
nL\x8c\xc6%\xc6\x84\x8c\xfe\xa7\xd3\x19&\x7f\xf7\xdc\
\xdbKU\xdf\x9e\x99\xfa\xe0\xe7Nn\xba\xeb\x9c>]\
\xd5]\xfb\xed\xea\xf2x<\x1e\x8f\xc7\xe3\xf1x<\x1e\
\xcf\x984\x9b\xcd#C\xad/\x0a\x83`04f~\
3\x08\x1e\x80\x96\x99 x\x01\xdf\xad\x90\xbf\xe3\xef\xee\
jj}CC\xa9\x8b\x8d1Gq:\x9e\x12\xe0\x06\
L\x0b\x95z\x13A\xfe\x0bA\xff\xaf\x88\x1aZ\xff\x89\
\xcf\xd5HKq\xfa\x9e\x1c \x97\x9f\x85\x5c\xbe\x8d\x03\
\x5cB\xc3}\xc6\xccf;\x9e\x8c \x80\xcf\xa4\x04\xb5\
\x9c\x8cy\x9d\xedx2\x82G\xcc\x87\x89\x80\x96\x14\x1e\
_\xeb\xd9\x8e'#\x08\xe0\xcf\x1cP\x0b\x1a\x9e5k\
\xd6\xbel\xcb\xd3\x86\xfe\xfe\xfe}\x90\x9bw\xa4\x04\xb4\
\xb4\x9a\xbd\xbd\xc7\xb3=O\x1b\xb4\xd6\xc7q m\x09\
5\xb6\xa9l\xcf\xd3\x06\xb4\x1f.\xe4@\xdaR\xd3\x98\
+\xd9\x9e\xa7\x0dx\x5c]\xc1\x81\xb4\xa8\xdb\xd8\x9e\xa7\
\x0d\x12\xb4\x94@\xda\x91R\x8f\xb0=O\x1b$h\x89\
@Z\x12\x1eY/\xb3=O\x1b\x10\xb8W9\x90\xb6\
\x84\xc7\xe1\x1a\xb67!\xe9\xd3\xfa\x94\x861\x8fIg\
\x1fr\xe1u3g\xce<\x80\x8f\xc9\xc2\xc0\xc0\xc0\xde\
h\x14n\xe4@Z\xd4vT\xab\x0fb\xbb\x19\xe9\xc6\
\xf93\x1aA\xf0P\xd4\x89Y\xd7*t\xa3\xd1\xe8\x81\
\xa3\x7f\x8f\xbep\xe4\xc4_Cc\xee\x97^Z>\xbe\
\x158\xf7\xfa\x94 Z\x15\x02z;\xdbm\x05\xaa\xe1\
\xfb\xe3\xbcAd\xb6\xcfwKK\xeb?\xe4\xda\xf9\xf8\
\x8e\x02\x87\x8e\x85s\x1b\xf8\xa2G.^\xa9mF\xa9\
\x97p\xdc\xd9|.#\xa5\x0c\xe7l\xe64l\x0b\x99\
e\x8bt^\xb2}\xa6_\xa9#P\x12\xeemSb\
74g\xcf>\x86\xcf\xed\x08q\xce\xf98\xc5\xc9T\
5\x95z\x17\x9f\xfd==={\x8dNghhh\
\x0fi\x1f\xe0\xc2\x7f\xe3s\x1cj\xb3\xd8\x14\xdb\xa3}\
\x11\xa2\x9ef\xad_\xcc\xda\xdb\x8c\x12\xf7\x11\x1e\x83\xfb\
q:\x95\x03gV\xb0sY\x84\x0b\xf8%>w1\
\xf4<n\xc4\xd7|LU\x82/_\xe2s\xa9<\xc6\
\xa2\xda\x9dRk\xf9\x98,\xc2\xfb\xf39\x8eO\xa5\xc0\
\x89~vj\xb2\x0b\xa5\xaa\x8f\xe3T\x09(\x9e\x87\x84\
nzc\xc7\xb5\xf0\xd2\xffIb\xc3\xf1r\x0e\x8c?\
\xcb\xcex\xc5\xd2\xfai\x8e\x97SP\xeb8?\xe1\x84\
\xd7h\x0dK\x8c8n\xce\x90I\x07)Nx\xed\xae\
\xd5\x1c7'\xa0\x9axI\x8aq\xaf\x14\xa1\x94L\xe7\
\xf8Y\x07-\xef\xf7\xd8\xb0W\xba\xf0\x82\x7f\x87\xe3g\
\x15c\xcc9l\xd4\xab\xb5\xb2\xf4N\x14\x06\x06\x9ed\
\x83^\xad%\xb3)9\x8eV@\xdd\xfa@\xe9Hc\
\x83\x9d\x12Z\xd5\xdf\xe0s\xa5\xd1\xfaQ\xf85O\x14\
\xfd\x8d\xef\xe2\xffK\x9c\xd3\x11!fE{\xbd[\x82\
w\xc75\x09c\xd5k\x13r\xdc=M\xa5Ng\xff\
\x189\x06\xc1XPq\xdfX\xba\x10;\xf6\xaf4\xb8\
\xb0'\x12\x86*\x12^\x8e\xff\xe0sQoo\xef\xc1\
\xecW;\xa4\xd5,c\x178\x7f+\xa7[\x99\x5c4\
\x14\x913\x87\x12\x86*PC\xa9\x1fm\xbc\x18\x9bZ\
\x9f+\xdd\x1a\x9c~%r1\x86/\xe3\x02q\x0fm\
\xd2\xa0#\xc1\xde'b\x97})J\xb4\x9c\xa1`O\
nQI\xe9\x961\x1e\xf6\xc5\x0a\xa8\xf6\x9e\x8c\xe2\xb7\
\x8e\x8d\xba\x90\x94\x0c\x9b7c\x17\xb2^\xa4\xaa\x92\x22\
\x19X\xd6\xa8\xb0\x0fV\x89\x06\xa4\xb4^\xce\xc6mJ\
r\x95\x8d\xc7\xd4X\xa0\x94L\x09\x1d\xbfSp3\xde\
\x08\x82\xe0p\xb6\xed\x0c\x18mB\x9b\xd8\x11\x1b\x92U\
Pl\xcf6\xc8TK\xd8\xae%m\x97\xf7-*\x13\
{\xb2M\xe7\xc88r<$\xcbN\x15\x17\xaa\xa9U\
\x8c'H\x8d-\x9a\x84\xc1\xf6\xcbH\xeboe\x0a,\
\xdb\xaa\x94h\xca\x0e\xaa\xa4\xd0p\xc2\xc1\x02\x92v\x06\
\xdbp\x05\xda\x07\x0b\xd9~\x09\xad\xaa\x22#e\x06\xb9\
\xc3\xc4\xed\x05v4\x97\xfa\x82\xe04N\xdb\x15xO\
\x9d\xc1\xf6\xf3*^21\x97\xd3\xae\x05p\xee2v\
8\x8f\xa4\xcb\x03\xc9ts\xba\x0e\xe9\x96\xc7\x0c\xfb\x91\
Gh\xdf\xdc\xcc\x89\xd6\x0a\xa9]\xb0\xd39\xb4\x92\xd3\
sMXp\xd6\x8c\x08\x19\xf0\x83\xaej3P~\xe0\
\xe8\x1cv<\xab\xa4s\x90\xd3s\x0d2\xd0\xdd\xecG\
V\xc9ZxN\xafvH\x17\x05;\x9eYZ\xcf\xe3\
\xf4\x5c\x83\x17\xfb-\x09?\xb2J\xa9\x0b8\xbd\xdaQ\
j\xe5\xd38\xbb!\x92\xf98\xbd\xda\x01'od\xc7\
\xb3j\xbc=\xb2\xf0\x0e\xb9\x9a\xd3\xab\x152GV\xe6\
\xb8\xb2\xe394\xae^\xea\xb5\xdf\x84\x00\x8d\xba[\x13\
N\xe7P'\xaa\xbd\xb0\xf9\x1d\xfb\x91GR\xd5\xe7D\
k\x01\x9c\x9b\x1bZh\xadg\x19\x0d\xb4\x05\x1a\xa1g\
\xb2\xfd\xbc\x8a\x1a\xc3h\x14s\xda\x1d#\x9e\xe3\xbb\x8a\
\x1d-,\xad\x17\xb0\x0dWD\xeb>\xd8~1IF\
\x5c$\xddHl\xa3R\xa4\x8b\x1c\x17\xf5U\x8a\x83\xc5\
%c\xe0ax(\xdb\xb2\x8d\xd6\xfa\xb0\x86R\xbf'\
\xec\x97\x904\x14\x83 8\x81mU\x81<{o\xca\
\xba\x98%\xb7\x8cy\x90\x0d\xda\xc6\xe1*_Y\xfdu\
\x15\xdbs\x86\x0c\xba\x94\xec\x1e\xc9\xa2\xad.\xeb\xf8h\
+\x9d\x87\xdc\xfco\x8a]{\xd2z\xb9\x0c\xe6\xb1m\
\xab\xc8\xbc\xde\xaa\xc6\xd5e\x985\xefb\xd1,\xf4+\
utX\xd5\xba\x16\xad\xd7\xc9\xb07\xfb`\x05$|\
\xaa\x8d\xee\xf5\x5cRj\xad\xcd=\x13\xe5f4\x8c\xf9\
,a\xc7\xa1$\x03;\x19\xca\x8dg\x05&\x0c\xbaV\
4!A\xa9)\xecO^\xe25-\xd5\x94\x0c\x961\
\xf3\xd9\x9f\xd2\xc8d\xaf\x84\xa1\x8a\x14=\xefe\x0c\xbc\
@\xedK\xceA.}\xd8\xf9;\xa3\x85P*\x1fg\
\xbfJS\x8b\xa9\xa4R%6f\xa1\x8c\xf4u\xb5n\
\xd1wK\xa3O\xda\x19\xb6\xab\xb6E\xe4\xa4\xcf\xabn\
\x93\xad\xe3\x91>\xd9\xabWfTJ/\xc1\x5c\xf9;\
\xda\xa0\xa0dw\x88emv2\xd9Z\x90\xaa\x5c\x8a\
A\xaf\xd6Z\xcaq\xb4F\xa9\xc1\xa7I*\xe7}s\
\xb2L\x8b\x8dz\x8d\xa9\xb79~\xd6\x09w\xee\xbd\xce\
\x86\xbdRT\xd9.A~Yt{\xa1v\xf7\x1a\xc7\
\xcd\x19q#\xab\xf4\xd8\xc7\x04\xd6\xb0\x8d\xc6l.:\
\xd9P\xac\xbd\x94z\x8a\xe3\xe5\x1c\xd9\x22\x0f\xc6\xbfO\
83\xc9%\xebZ\x8a,\xbd\xb3B\xd3\x98K\xd9\xa1\
\xc9.\xc4$\xe48UJ(\x9b\x8f\xa58\x96A\x9f\
J\x1f\x93\xcc\xc5\x92\xbe\x1e\xfc\xfb\x8b\x94c*Q<\
\xea\xf9\x8c\x0c\x8cE\xbb\xc8\x15\x1cb\xe8\xf8\x06f\x82\
lk\x87\x8bX\xc3\xce\xa5IF\x18\xe5\x82\xd3\xf6:\
\x1c\xd9\xe2\xaf\x82\xfd\x16w)^\x1fr9o\xf1'\
\xdb\x0f\xe2\xfb\xfe<k_d\xfaS-\xb6\xf8\x13d\
\xe1N\xd8b\x13L\x94\x82\x8d\xd2\xd1\x97e\xcd`\xbc\
\xd7\xe1\x96D\x1a\x96\x15u:\x86\xe1Il\x9f\x91y\
\x038~E\xab\xe1j)Q\xb5\xd9\x04s\x17\xd2\x08\
j\xec\xfc\xad\xa7\x11G\xe3-U\x07\xf3\x0ee\xe2\xa6\
\xdc\xc1\x17\xed@s\xd8n+\xe2\x1f$\xbb/.U\
#\xe94\xe5\xb7\xb1\xb4\x9e\xc6\xc7\xd7\x02\xd9T\x18\xb9\
\xe5NY#\x08ggt\xb5\xee\x22\x1f\x93\xb8\x06\xb7\
=%\x88\xb6\xb4\x81wE\xcd\x8ad.\xdc\x94k\xc3\
\x9d\x1bw.\xe9\xd3\xfaD>fB\x12\xe6\xd8z6\
\xafP\x02_a{\x9e6\xc8\x86\xf9\x1cH\x8bZ\xcc\
\xf6<mp8oJT\xcf5\x81u&t\xf8\xfb\
!\xb5\x9d ]g\xe26I\x22\x986$\x13\xe5\xd8\
\x9e\xa7\x0d\xa8\xa9M\xe5@\xda\x92\xcc\xcfb{\x9e6\
H\x15\x9a\x03iCx\x5c\xed\xe8\xf8,\xf5\xf1\x88\xfc\
\xf8c\xe8b\xccE\xeb\x1f\xd8\x96'#\xc8\xcd\xeb\x13\
\x01-+\xad\xdfg;\x9e\x8c\xc8\x1a\xbeD@\xcb\xca\
\xc5v{\x93\x05\xbc\xd8{C\x8b\x8f-\xe9 t>\
-g\xa2\x13\xdd\x14\xad\xdf\xe2\x8e\xcb<\x8a\xce\x95\xd2\
6\x1e\x16\xfa\x8f'\xe2\x1eW\x99\x864(\x9d\x98\xd1\
\x0f\x8e\x05\xc12\x19c\x89~\x19\x0e\x7f\xcbw\xf2\x7f\
\xf8n\x00\xff\x9e\xeed)\x80\xc7\xe3\xf1x<\x1e\x8f\
\xc7\xe3\xf1L \xfe\x072_\xde\x0c+^'\x83\x00\
\x00\x00\x00IEND\xaeB`\x82\
\x00\x00\x04\xbb\
\x89\
PNG\x0d\x0a\x1a\x0a\x00\x00\x00\x0dIHDR\x00\
\x00\x00d\x00\x00\x00d\x08\x06\x00\x00\x00p\xe2\x95T\
\x00\x00\x04\x82IDATx^\xed\x9d9\x8f\x14G\
\x18\x86W\x18d\x93\x01\xc6\xa91\x02\x02N;pl\
\xc66\x04\xc3t]\xbd\x8c#\x0e\x07\xf6\xfe\x00\xdb\x19\
\x87\xd72\xc2\x12G\x00\x04@\x86 \xe0\x17pd\x88\
\x00R\x0b9\xe2H\x8c%\xc8p\xee\x0b\x7f_\xef\x8e\
\xdd\xf3\xf5AMwWoK\xfd>\xd2\xab\x9d\x9d\xa9\
\x9ej}\xcf\xcet\xd5NM\xf7\xdc\x1c\x00\x00\x00\xd0\
C\xc6\xc3\xe1{N\xa9\x9f\x9c1\x0f9\xb1\xd6\xa7\x95\
R\x1be;\xd0\x02T\xf8\xcdV\xeb\xdf\x9c\xd6\xaf\xa7\
\xa2\xd4sk\xed\x07\xb2=\x08\x0c\xc9\xb8\x9b\x91\xf1\x7f\
n\xcb\xf6  \xe3\xf1x\x83U\xea\xef\x1c\x11I\xf8\
1z\x95\xac\x93\xdb\x81@\x18cvH\x09\x998\xb7\
]n\x07\x021\xaf\xd4\xce\x8c\x00\x11n#\xb7\x03\x81\
\x80\x90\x8e\x01!\x1d\x03B:\x06\x84\xb4\xc4\xc2\xc2\xc2\
\x1a*\xe6~\x1a\xb6.\xc4\xc6\xec\xe3\xdfe\x1b\xa6\x8e\
\x10\xdf>z\x8f\x8b\xa2\x0fc\xad\x9f\xa6\x8b\x9a\xfcN\
\xf7\xcb\xb6U\x85\xd0\xdc\xe4#\xdf>z\x0dO\xf4\x8c\
\xd6/eQ\x93(\xf5\xfb\xbc\xd6\x1f\xa7\xdbW\x11\xc2\
\xcf\xc1\xcf%\xdbql\x14\xbd\x18\x8dF\xeb\xd3\xed{\
\x0d\x15\xea;Y\xa4\xa9\x08)\xb3\x0a)\x93\x91\xca7\
\x93\xf6\xbd\x87\x8aq#\xa7@\xd3II\x99E\x88\xa7\
\x8c\xd7\xd6\x98\xeb\xd3{\xd5c\xe8}\xfc\x92,Pn\
\x96\xa5\xf8\x0a\xf1\x95\xc11J]\x90\xfb\xd5[H\xc8\
\xa7\xb2@\x85Y*\xf0\xd1\xcc\xfd\xd9\x1c\xf5\x95\x91D\
\xa9\xbdr\xbfz\x0d\x15\xe4J\xa6H\x05\xa1\x83\xf0\x1f\
\xf2>\x19\x9f6\xa9\x5c\x96\xfb\xd3{\x16\x17\x17WQ\
a\xae\xe5\x14+hL\x14\xdd\xa4Q\xde[r\x7f\xc0\
\x5c\xfbR \xc3\x83\xb6\xa4@\xc6\x0c\x84\x96\x02\x19\x15\
\x08%\x052j\xd0\xb4\x14\xc8h\x80\xa6\xa4@F\x83\
\xd4\x95\x02\x19\x01\xa8*\x052\x022\xab\x14\xc8h\x01\
_)\x90\xd1\x22o\x92\x02\x19+@\x22\xc5\x98\xb3V\
\xa9\xbfR2\xfe\xa4\x9c\xe1\xc7d{\xd0\x12\xf1\x81\x03\
\x9bb\xa5\x0e'\xa1\xdb\xf2q\x00\x00\x00\xdd\x81G/\
\xd6\xda\x01\x1d<\xbf\xe6\xc5fH6Im\xa8F\xc1\
Gz\xf3Q\xb4\xcd\x1a\xf3\x8b\x1cf\x22\x85y\xa4\xb5\
\xde*\xeb\xd8\x08d{\xad\x8b\xa2g9\x9d\x22%\xe1\
\x95\x91_\x0e\x06\xef\xc8z\xd6\xc6\xf9\xad\xf4@r\xc2\
CrY\xcf\xda\xd0\x13\x9f\x97\x1d!~\xb1Z\x9f\x93\
\xf5\xac\x0d\xbd\xf4N\xc8\x8e\x10\xcf\x18sL\xd6\xb36\
\xc6\x98\xdd\xb6\xe4\x9b\xafH~\xb8fr\xe1wc8\
\xa5~\x90\x1d\x22\xe5\xa1\xb7\xab\xefe\x1d\x1b%6\xe6\
 \x89\xb9\xb7\xfc\xf5\x81WH6Im\xa8Ft;\
\x96\xf5\x03\x00\x00\x00:\x03\x0d\xe3\xbe\xa0\x03\xd6}\x1c\
\xd4\x8b\xb3|P\xbf\xcf\x03 Y\xbfF\xa1\xc9\xe1\x8f\
.gh\x87\x94\x84\xa6\x0a\xb2\x8e\x8d0\xaf\xf5\x1e\xea\
\xe0\x9fL\x87Hi\x92\xc9\xf4h\xb4K\xd6\xb364\
\xfd?);C\xfcB\x93\xc3\xe3\xb2\x9e\xb5q\xf8\xe7\
b\xe5\x04\xf9\xe7\x22\xbdB\x8e\xc8\x8e\x10\xbf\x90\x90C\
\xb2\x9e\xb5\xe1\x0fY\xe4i)\x10\xaf<\x1e\x0e\x87o\
\xcbz6\x02\x7f\x1cI\x1d<\xca\xe9\x14\xc9\xcf\xcf\xd6\
\xda-\xb2\x8e\x8d\x92\xac\x18Tj/\x8d\xb1\xbf\x92\x1f\
\xee#K\xe1\xda\xd0\xbb\xc9'XA\x09\x00\x00\xdd\x86\
O+\xceCr,\xb6^a\xf8\x80\xc9\x13.\x9b\xfa\
:Br\xdb\x98\xb38\x98\xb6\x8c\xcf\x17v\x06\x83\xc1\
j\xb9\x1d\x08\xc0\x9bd@J\x8b\xf8\xca\x80\x94\x16\x98\
U\x06\xa4\x04\xa4\xaa\x0cH\x09@]\x19\x93@J\x03\
4%c\x12H\xa9A\xd32&\x81\x94\x0a\x84\x921\
\x09\xa4\xcc@h\x19\x93@\x8a\x07m\xc9\x98\x04RJ\
h[\xc6$\x90R@\xac\xf5UY\xac\xa2\xf8\x9c$\
\xd9\xa7\xcd\x7fQ\xea\x8a\xdc\x9f^C\x05\xf9,S\xa4\
\xa2\x04:\xd58\x7f\xaf\x5c\xeeWo\xe9\xc2\xc9\xf8\xad\
1\x17\xe5~\xf5\x16\x87\xcbUt\x0bz\x85|+\x0b\
4\x15\x5c\xd0\xa5]\xf8rC+}\xc9#\x5c;W\
\xc0\x17\xe6\xb2Z?\x11\xc5z\x9cw\xc1\xae*B\x98\
\xa2>xe\xbfl\x0b\xe6\x96.iG\x7f\xad\x9f;\
>\x9b\x0e\xfd,\xba\xa4]U!\x0c?'_./\
Y\xd4V\xd2\x07\x98\x81:B@\x00 \xa4c@H\
\xc7\x80\x90\x8e\x01!\x1d\xc39\xb7]\x0a\xc8\x84\xda\xc8\
\xed@ x\x22iKN\x15\xc5\x8fa\xa2\xd724\
\xb3\xbf#E\xa4\x84\xdc\x92\xedA`x\xa5\xbbS\xea\
yF\x86\xd6\xbf\x8e\xa3\xe8}\xd9\x1e\xb4\x80Rjc\
\xac\xf5\xe98\x8a\x1epH\xd0):v\xbc+\xdb\x01\
\x00\x00\x00}\xe0_6IUt\xe7\xf2Z<\x00\x00\
\x00\x00IEND\xaeB`\x82\
\x00\x00\x08:\
\x89\
PNG\x0d\x0a\x1a\x0a\x00\x00\x00\x0dIHDR\x00\
\x00\x00d\x00\x00\x00d\x08\x06\x00\x00\x00p\xe2\x95T\
\x00\x00\x08\x01IDATx^\xed]i\x88\x1cE\
\x14\x9e\xf5\xbe\xf0DQ\x89\x07\x82x\x82\x08\x1e\x7f<\
\xd6kuv\xea\xe8\xd7\xebh<\x10\x8daUD\xd1\
\x88\xa0(\xb8\x1e\x10\x04\x89\x07\xfa#\x1b\xd6\x0b\x8c\x12\
%\x04E\xf1L\xa2x\xc6\x18A\x10A\x84\xd5?*\
&\x10%\xa0(\xba\xfa^o\xf7\xda\xf3\xba{\xce\xee\
\x9e\xea\xea\xfe\xe0\xa3g\xea|\xf5\xbe\xee\xaa\xae\xea\x9a\
\x9eZ\xadB\x85\x0a\x15*T\xa8P\xa1B\x85\x0a\x15\
,A\xb3\xd9\xdc\xcd\x11b\xccQ\xea\x01\x90\xf2iP\
jM\x96\xe4\xf5W\xf0Q\xaf\xd7ww\x95\xba\x03E\
\xd8\x86\x8e\xfa7/r;* \x94R\x87\xa3\x10\x9f\
qg\xe5AnK\x00\x8c[\x8c\x87\x11\x1en=\x00\
\xe0 \x10\xe2;\xee\xa8\xbc\xc8\xed\x09\x80'\xc8\x06G\
\xeb\xa7je\x13\x05\xb4~\x8b;)Or{\x02\x90\
 \x14_*Q\xb4\xd6\x92;(or\x9b\x02\x04\x82\
\xf8\x9c\xae\x95A\x14\xbc\x9bz\x87;(or\x9b\x02\
0A\xec\xbfR\x1c\xc7\xd9\x1f\x05\xf9\x8b;(or\
\xbb\x02pA\x88V\x8b\x82\xdd\xd5\x99\xbc\xc1\xc3 \xb7\
+@\x9c >\xed\xec\xbep\xce\xa1b\x1a\x9b;\xb9\
]\x01\xda\x08b\xe7\x95\x82\x0dk\xf2\x86\x0e\x83\xdc\xae\
\x00\xed\x04\xf1i\xd7\x95\x02\xc5\x17\x84h\x8f(`\x87\
 D;D\x01{\x04!\x16_\x14\xb0K\x10b\xb1\
E\x01\xfb\x04!\x16W\x14\xb0S\x10b1E\x01{\
\x05!\x16O\x14\xb0[\x10b\xb1D\x01\xfb\x05!\x16\
G\x14(\x87 \xc4b\x88\x02\xe5\x11\x84h\xbe(P\
.A\x88f\x8b\x02\xe5\x13\x84h\xae(`\x88 \xb4\
\x0f\x8c\xdbF\xc0\xb8\xd7x\xda4h\xec\xd2=\x18\x22\
\x88;>~\x14\xb7\x8d\xe0\xed\x11\x8bI\x9f\x06\x8d\x14\
\x05L\x11D\xa9\x06\xb7\x8d@W\x0e\xc6\xbf\xc1\xd3\xa7\
E\xe3D\x01s\x04Y\xc9m\x0ba\x04\x848\xcb\xd5\
z\xa9#\xe5d\xda\xd4Z\x1f\xc1+\x1c\x1a\xc0\x10A\
\xd01;\x9a\xe3\xe3\x87r\xfbJ\x070D\x10\x8fB\
\xccp\xfbJ\x070I\x10$vK7p\x1bK\x05\
0L\x10\xe4\x1c\x8e'S5\x93\x06\xda<\x01\xe6\x09\
2O!\xd6\xbbR\x9e\xce\xed\xb5\x1e`\xaa \x01\xa5\
\xfc\xdaQ\xea\x11\x14\xe7\x16\x1c\xf8/\x83y{3\xa1\
\xeb\xba\x8b\xb8\x7fr\x87oL\xd4\x11\xe5d\x93\xfb'\
w\x90\x111\x86\x95\x95\x95 \x86q\xf8\x82\xf8\xfd2\
7\xac\x94$_p\xff\xe4\x06\x1c\xc0\x0eC\x03^\xd2\
J\xfd\xc1\x0d++\xc9\x17Z\x88\x17s_1PJ\
\x1d\xe7h\xfd=7\xa8\xa2O)g'\x848\x96\xfb\
-+\x8c\xe0\x95\xb1%bD\xc5VJ\xb9\x81;.\
\x13`E\xe7F*\xaf\x18K\xad\xf5\xd9\xdc\x7f\xa9#\
\xcb\x07>\x16r\x19\xf7_\xea\xa0u\xa2\x98\x8a+\xc6\
\xd0_S\xcb\x16I\x82\xe0\x1d\xc6\x87\x8dF\xe3\x802\
\x92\xda\xce\xfd1tAr\x1b\xc4\x0cD\xd2\xce\x96\xc2\
\x09\xd2l6\xf7\xc1\xbc\xd3\xae\x10\x9f\x82\xd67\xf3x\
\x82\xa3\xd4M0\xff\xfe\x94\xe9\xb1\xb1\xb1\xbd\x17\xc2\x1d\
g\x14\xe3\xdes\xa5|uB\xca\xe3\xc3y:\xc1{\
K\x91\x94/`\xfeMX\xf6f\x22~\x7f\x1d\xbf\xdf\
\x0d\x00\x87\xf0\xf4\x9d`\x8d Z\xca\xc7\xc3e\xf0\x99\
._\x05@\x87=J\xe1(\xe4\x9e\xe8\xd4_Cu\
o\x0e\xe7K\x02\xe6\xdb\xd9\xd5\xfa\x99\x88\xed\xad\xed\xd8\
\x8ei\x80\xe7m\x07k\x04\xc1|\xeb\xc2e\xa0\xc3\x7f\
\x09\xceP:z\xdf[\xebY\xeb\xc7\x9d\xd0\x92O\xca\
\x7fZK\x8e\x07\xda\xfe`\xc4\xee\x18by\x7f&m\
+\x8a\x03N\x92\x9f\xc7\xb2\x1f\xc6\xbcWMh}1\
^\xed\xd7y\xc2k};O\x9b:\xd2\x14\x84\xce\xc4\
H9J\xbdLqt\xe4q\xc1\x99\x8b]\xd4I<\
\xae\xb5\xe4(\xfc\xc1\xb7\xebe\x1el\xe7y\xbc\x0c#\
\x91\xa6 \x04t\xf2+\x91\xb2\x94z\x96\x87Q\xba \
O?\x82\xa0}:\x9c\x9e\xae\x02<\x83o\xc5\xcfM\
\xfc|\x05\x1e\x9fC\xcey\xf1B|u\xed\xe8\xe8\x1e\
\xbc\x0c#\x91\xb6 \xd45a\xfe\xad\x91\xf2Z\xb95\
<\xd8\xf6%\x08v#-y\xd0\xe9<\xcd\x84R\xa7\
\x92pR\xca\xbdx\x9c\xb1H[\x10\x02\x9e\xfd\x97G\
\xca\x0b\x91\xe2\xc3\xe9\xfb\x12D\xca\xf3y\x1e\xe4:l\
\xcfJ\xda}\x88\xe3\xd5\xbd\x83<\x83'\x11i\xd3\x1c\
\xd6\xb3\xdc\xefZ\xf3\xd9d\x91\x85 \x84\x84\xae\xab\xa5\
\xab\x0a\xd0\x8f \xfeK9\x7f\xe4\xf9b\xb8\xb6^\xaf\
\xef\xcb\xf3\xb7\x03\xbd\x11\x09\xc7\xa7oX9\xaby\xba\
L\x90\x95 \xd0h\x9c\x1c)\x93\x88\xe1<m?\x82\
\x10P\xdcK!\x18'\xdaQ\x88\xf5SSS;\xf1\
\xfcI\xc0\xb6?\x14)\x03\x89'\xc0\x05<m\xea\xc8\
J\x90\xac\xaf\x90\x008\x96\x5c\x83\xe9\x7f\xe3\xf99i\
\xa0\xe7y\x93\x80\xdd\xdd\x9b<\xbfG\xad\xef\xe2iS\
G\x16\x82\xf0\x09 '\x9f0\x0e\x22\x08\xc1{a\xa7\
RK\xd0\xe6\x154\x86\xe0q\x15~\xff\x99\x95\xe9\xcd\
y\xba\x01\xb5\x9d\xdbC,\xdc\xc4\x90\x900\x01la\
x\xc2H\xe8S\x90\x11,\xe7jo\x00\x17b\x8cG\
z\x03rk\x9d_\xf04I\xb0K\x90\x98\x09 \xcc\
\xcf\x09x\x987a$\xc4\x09\x02|\xd3\x9a\xd6\x17\x8e\
\x8e\x8e\xee\xb2PO\xebm\xef\x9c\x7fU,\xa6\xb4\xd4\
=y\xebi\xa1\xf2P\x90\xb7\x83\xbc\x9d`\x8d \xbd\
\xce\xd4\xd1q\x0e\xc5%\x08\x12%\x0e\xce\xb4~\xe5\x95\
7\xff\xba\xf3h\x9adv\xfdp\xc9\x1aA\x80\xade\
Ah\x02\x980a\x8c]\xcbjK!N\xf1\xebr\
#qI\x94r\x96V\xa2\xc3\xb6\xb6\x835\x82\xf4\xba\
\xdaK\x830\x85\xd3j/~\xde\x1e\xb1\x81\x11\xf3\xff\
\xde\xac\xd7\x0f\x0e\x95w=r\x07O\xc7\xea\x98\xd5Z\
\x9f\xf8\xbf\x15\x9da\x8d \xde\xf3\x10!f\xfc'n\
Kx<\x01\xbb\xb5\xa5^<\xa6\x0b?\x0f\x01\xdal\
\xa1\xf5\xbb\xe0?\xcf\x88P\xa9\x8d\x13Z\x8f\x87\xcb\x22\
\xd0~2\xccw\x0f\xd0\xef\x0eC\xe9i\xcc\xc0\xb0e\
\xbd\x5c\x19\x01\xac\x11\xc4\x16\x18)H\x99\x9e\xa9\xd7\xd8\
:\x95\x91\x82\x94\x89\xe1q\x890lAJ\xbf/\xcb\
4A\xce\xe1\x15\xdbH\xec\x82\x7f\xc2\x81\xfe\xbe\x09\xa5\
N\xa3\xd5\x5c\x1c\xec\xf7\xa3\xe7%\x14\xc6W\x83\x87*\
\x08!\xc9\x00[\xe8h\xfdD/O\x0c\x93\xfc\x91\x9b\
 \xb4\xb3\x1b\x8d\x98\xe5\x06XA)\xef\xe7\xed\xed\x84\
\xa1\x0bB\xa0\xdf@`\xa5\xab{\xd98`:]!\
>\xaa\xf5\xf1\xa4\xcf\x08A\x02Df\xd3\x05&m\xe1\
a\xcd\x1b\xc1\xf0\x1biM\x8c&\x8e8I\xbd\x92\xc5\
{\xe8E\x10\xfa\x17;\x1a\x87h\x9a@\x9b\xfc\xdc\xb4\
w\xb7\x80%\xbf1\xa4%\xfe`!r\xa1mR.\
\xe7\xe9\xd0\x91O\xd6\xfa\x9c\x87\xd0\xcd\x00h\xfd1K\
7\x17s\x22\xf4\x0f\xb0D\x10\xe4\x07\xe1v\xd1\xa0\x9e\
\xf4\xcfA\xfc\x95L\xdd\x08Bb\xa0\x98\x9f\xf04\x1e\
\xa5|?H70\x5cC\xfe\xd0ePR\xf7\xd1\xd2\
.\xd7]\xc4\xd3\x84\x19\x16\xa5\x93 m\xc5\xa0\xb2\x94\
\xfa6\x5c\xf7@\xc0{\xf43x\x05E$:e\x13\
k\x1a\xbdc\xab\xed\xff2\x06\xa2\xb4\x13\xa4\x93\x18\x1e\
\xa5\x5c\xc5\xea\xee\x1f4aJ\xba\xb4\x8bDj\x03\xb5\
%\xdc6\xfaIZ\xa7\xbbH\x12\x05\x8f\x1by\xb8G\
)Wt!\xc6,\x9f\xf9\x0f\x0c\x13\xfe6/\x0db\
\xb7u\x1bo\x1b\x86_\xd2Q\x14)\xff\xe6a\xed\xc2\
\x17\x88b`\x0fs4\xafs`\xd0s\x87HeE\
\xa4\x94\xdb\x9aB\x1c\xc9\xdb\x07]\x88\xd23\xb3\x12#\
\x00d\xf8\xa2\xc9\x9c\xf9%\xad]\xc5\xb4/=Q\xb2\
\x16\x83\x80\xfd\xef\x81t\xb7\x10\xa9\xbc\x80\xc4\xae\xe6\xf3\
\xccD\xc9C\x8c\x0048\xd1=u\xc4\x88\x02\x12E\
\xd9B'\x19o#\xed\xe9\xeaW\x14<a\x7fp\x1b\
\x8dcx\x99\x99\x8265\xd3\xe0\x08\xd1\x1d#\x85#\
\xdd\x0a\xa7v\xa5\xe4ye\xc4arrrW4\xe4\
\x22\xef\x09\xa3\x103\xf8yMAy'o\x1b\x01z\
\x10\x85\xde\x0b3T1\xca\x82n\xba\xaf\xa1tSe\
F;Q*1\x86\x04\x88\xeb\xbe\x86=f\x94\x1d\xfe\
~\xe3\xd5\xde\xf2\xba\x10\x8f\xc5\xdd\xa1U\xa8P\xa1B\
\x85\x0aY\xe2?1\x82\x09\x8e\xe0\xef\xe5w\x00\x00\x00\
\x00IEND\xaeB`\x82\
\x00\x00\x03\xf0\
\x89\
PNG\x0d\x0a\x1a\x0a\x00\x00\x00\x0dIHDR\x00\
\x00\x00d\x00\x00\x00d\x08\x06\x00\x00\x00p\xe2\x95T\
\x00\x00\x03\xb7IDATx^\xed\x9d\xbbk\x14Q\
\x14\x877\x22\x22\xd8Y\xa8`co\xe7\x03,\xb7\x90\
 \xf1>f&\x0c\xf8h\x04\xc1\xc6F\xa2\xd1v;\
\xd3$ji\xef\x03\x12\xd0V\x1b\xff\x02mEQ\x04\
1j)F\x11\x0bA\xcf\xc9\xee\xe2z\xee,\xce\xee\
\xce\xbdsw\xe7\xf7\xc1\x87\x10\xdd9\xf7\x9e\x9f\xf3\xcc\
\xccN\xab\x05\x00\x00\x00\x00\x00\x00\x00\x00\x00\x00@C\
\xe9t:;\x16\x8d9\x96\x1as\x9e\x5cJ\xb5\xbe1\
S\xf2\x9chnI\x92\x1c\xe5\xb9\xca\xf9GC\xbe\xb0\
p U\xeav\xa2\xd4'\x1a\xf0\xefF\xa8\xf5\xc7\xc4\
\x98[\xc6\x98\xfd\xb2\x1fu2G\x83[\xce\x8c\xf9\xee\
\x0c\xb8!&Z\x7f\xa3\xf9_\xe5^\xc8\xe6\x04\xe5B\
\xbb\xbd\xdb*\xf5P\x0e\xb0\xc1>\xe0\x9e\xc8>\x85b\
\x8e\xfeg\xdc/\x18T\xd3\xdd\xe0\xde\xc8fy\x87\x0a\
/\x17\x0c\x06\x92\xbd\xcdW8\xd24\xddG;\xb4-\
9\x10\xd8\x95\xf7)|\x90#\xfb\xe6\x0d>\x9a\x92\x83\
\x80B\xad\xd7d\xdf\xbc\xc0\xc7\xde\x8d:\xb4\x1dW:\
$n\x85\xd8\x97dZ\x1fw\x8a\xc3B\xf9\xe4Q\xf6\
\xafr\xd2\xee\x19\xb8S\x1c\xba\xd2\xbe\xe4\xac\xec_\xe5\
\xd0\xaaxM\x16\x86\xc5\x069\xda\xa2\x22\x1dY\x18\x16\
\xcb\xbd\x92\xfd\xab\x1c\x04R^\x04\x12\x99\x08$2\x11\
Hd\x22\x90\xc8D \x91\x89@\x22\x13\x81D\xe6\xcc\
\x04B5\xde\xd0\x9f\x8fR\xad_\xca\xbf\x9b&g\x22\
\x90\xc4\x98\xeb\x83ws\xd0\xcfN\xd1\xcf^\xc8\x7f7\
\x0dN} \xd4\xf8'\xb2^\x0f\xbe\x91\x22\xa75\xe6\
\x95\xfcL\xccN} |\xe1R\xd6\x1b\xa4\xddn\xef\
L\xb4\xbeH\xc1\xbdw>\x1b\xa1\xd3\x1f\x88\xb5\x97e\
\xbd\x22\xf2<\xdfE\xc1\x5c\xb2\xc6|v\x96\x11\x91\x8d\
\x09\xa4\xcf\xfc\xfc\xfc\x9e\xde\x1d\x85_\x9ceE`\xe3\
\x02\xe9Ck\xcc^\xfa\xec\x0a\xad5?\x9ce\xd6h\
c\x03\xe9\x93+u\xd0j}\x87\x96\xf5\xd3Yv\x0d\
6>\x90>I\x92\x1c\xa2q\xde\xa55\xe6\x97S#\
\xa0\x08D\xb0\xa8\xf5aZ\xee\xbaS'\x90\x08d\x08\
\x99\xd6'R\xa5\x9e9\xf5<\x8b@\xfeCf\xedI\
:\x22{\xee\xd4\xf5$\x02)G\xf7\xac\xdf\x98\xd7N\
\xfd\x8aE #\xc0\xd7\xcb\xa8fN\xf3y\xe7\x8c\xa3\
\x22\x11\xc8\x18\xf0\xf3\x1c\xb4\x19\xbb\xe9\x8c\xa5\x02\x11\xc8\
\x04\xf8x\xd6\x05\x81L\x00\xcd\xeb\xb43\x9e\x09E \
\x13\x80@\x8a\xac1\x10l\xb2\x8a\xac!\x90\xed\x9d\xba\
\xb5+\xceX*\x10\x81\x8c\x00\x0e{\xcb\x18&\x10\x9c\
\x18\x96\xd6s \xb8t2\xaa\x9e\x02\xc1\xc5\xc5q\xad\
8\x10\x5c~\x9f\xd4\x8a\x02\xc1/\xa8\xaar\xc2@\xf0\
+\xdc\xaa\x1d3\x10\xdc\xe4PP\xbc\x12G\x0c\x04\xb7\
\x01\xb5\xe2\x08\x047\xca\x0d\xe05\x10c\x96e\xbdA\
p+i\x01^\x03\xb1\xf6\xa9\xac\xd7\x037[\x0f\xc3\
k ,\xed\x13\xf08\xc2\x08x\x0f\x84U\xeamf\
\xedc<\xb0S\x82 \x81\xcc\x88\x08$2\x11Hd\
\x22\x90\xc8D \x91\x89@\x22\x13\x81D&\x02\x89L\
\x04\x12\x99A\x02\xc1\x97`\x967\x0b\xf2%\x98\xd6\x9e\
\x93\x85\xe1P\xcf\xc8\xfeU\x0e\xbeH\xb9\xbcA\xbeH\
\xb9\xc5\xaf\xa90\xe6\x83,\x0e\x1d7\xb9W\xb2y^\
\xe0\xd7\xfc\x14\x0c\x00\xfe\xeb\xaa\xec\x9b7\xb6_Wa\
\xcc\xd7\x82A@\xd3}]E\xf0\xf7R\xf1\x11\x84\x1c\
\x08\xecJ\xfb\xd9+\xb2_!\xc0+\x8f\x8a]\xe7\xde\
\xc8f\x05\x81\x9f\xad@(\x7f\xb5\xc6\xdc\xab\xf3\xa5`\
}\xf8\x06\x84%\xden\xca\x016F\xad\xb7\xea\xdaL\
\x0d\x85wb4\xb05\x1a\xe0\xa63\xe0\xd9\x95\xe7\xba\
\xca\x079\xb2\x1f11\x97)u\xa4wF\xbf\xb4\xfd\
\xb8\xd8,Is\xe2\xb9\xf1\x1cy\xaer\xf2\x00\x00\x00\
\x00\x00\x00\x00\x00\x00\x00\x004\x85?\xaa\x9ar\x22l\
(\x17P\x00\x00\x00\x00IEND\xaeB`\x82\
\x00\x00\x06\xa4\
\x89\
PNG\x0d\x0a\x1a\x0a\x00\x00\x00\x0dIHDR\x00\
\x00\x00d\x00\x00\x00d\x08\x06\x00\x00\x00p\xe2\x95T\
\x00\x00\x06kIDATx^\xed\x9dK\x88\x1cU\
\x14\x86g|#jD\x14\xdf\x8a\x0a\x22\xbe\x15\x17\x8a\
(\x0d\x0a:3u\xebVw\xa7A0\x04A\x98\x85\
\x1b\xdd\xa9\x9b\xa0\xe0\xc2\xad\xe2\x22\xae\x04\x17\x82 >\
\x88\xe2\x03Q!(\x22*\x881\x11D\x82/$(\
J\xa2H\xe2\xe8\xc4\xf3\xf7tK\xcf\xdf\xd5u\xabn\
w=\xfb|\xf0\xc30]u\xea\xd6\xfd\xabnU\x9d\
{\xbazaAQ\x14EQ\x14EQ\x14EQ\x14\
EQ\x14EQ\x14E\xe9\x13E\xd1\xe9]c\xae\x0a\
\xc3\xf0<\xfeL\x89\xa7\x17\x04\xe7w\xc3\xf0\x86^\xaf\
\xb7\x85?\xf3\xa6\xbd\xb2rud\xcc\x1b\xed0\x5c\x13\
\x1d\x1dhO'\x0cWxYe\x03\xf4M\xdb\x98\xaf\
\x86\xfd%\xfd\xf7O\xdb\xda\xb7\xe5\xa0\xbe\x9e\x97\xcd\x04\
\x02K\xb0##FlRd\xed\xd3\xe2\xfe\x09\xbc\xde\
\xbc\x82\xbe@\x9fp?\x8d\x18sD\x8c\xb2\xbc^*\
z\xcb\xcb\xe7\x88!\x7frPV'\x08>\x96S\xf3\
\x22^\x7f\xde@\x1f\xa0/\xb8\x7f\xc6d\xcc\xa1N\xa7\
s\x01\xaf\xefD\xccxl,\xd8$\x19\xf3k\xd7\xda\
e\x8e1/`\xdf\xd1\x07c\xfd2I\xc6<\xce1\
\x9c\xc8\x8a\xaf\x8e\x05J\xd6\xbal\xe8\x099m\x8f\xe5\
XM\x05\xfb\x8a}\xee\xef\xfbx\x7f$i\x17\xc7r\
\x22\x1bz?&P\x1a} \xa7\xe4\xb9\x1c\xafi\xf4\
\x96\x96\xce\x8a\xc2\xf0\x9d\x98\xfdwK\xfa\x96\xe39\x99\
\xc2\x10\x5c\xbc\x0et\xac\xbd\x93c6\x05k\xedm\xd2\
??\xf1~\xa7V\xd1\x86@\xb8\xd5\xc3uH8\x86\
c\xd7\x98E9+\x1e\x8c\x82\xe0o\xde\xdfL*\xc3\
\x90\x11\xed\x92\xb1\xf6\x0c\x8e_7\x96\x96\x96N\x93\xb3\
\xfe\xa5\x98\xfd\xcb\xae\x92\x0d9*G\xd5w\x1dcn\
\xe6m\xd4\x05\xb9\x9d\xbdQ\xf6\xe1[\xde/o\x95m\
\xc8@\x87q\xba\xf3v\xaa\x8e<ao\x97\xe1\xf7\xaf\
\x98\xfd\xf1W.\x86X\xfb\xae\x5c#\xbe\x19\xfb\xbf[\
/\xc8\x10v\x0ao\xafj\xa0\x8dhkL\xfb\x13\xd5\
\xef\x13\xe9\x1b\xfe\xff&\xe5a\x88\x0d\xc3g\xc20<\
U\xfe~\x91?s\xca\x98\xaf\xe5N\xe5\x1a\xdefU\
\xe8\x1asEd\xed\x97c\xedv)\x08^C\x12\x16\
}3\xf6\xd9\xa8\xf22d\xb8\xac\x9c\xd2\xabI9\xaf\
8a\x18\x10\xdd?\xba\xcd* m\xbb7M\xca\x88\
\xb4&\xfd\xf5\xb0\xac\xbe\x88\x18\xa5\x1b\x02\xbaax\x93\
\xac\xb3\x9f\x97sI\x8e\xc4\xe7\x8d1'\x8f\xc6*\x03\
\xb9\x8b:\xd1\x1a\xf3\x14\xb7\xcf%\xb9.\xfe \x06\xde\
:\x1a\xab\x12\x86\x00\xe9\xd83\xe5\xffo\xf2\xb2.\xc9\
\x99\xf2\xb9\x9c\xea\x97q\xbc\xa2H\x9d\x18d\x05\xc1{\
2l\x9f\xcd\xf1*c\xc8\x80E\x9c\xbe\xfd9\x80\x98\
\xf5\x12tP\xee\xf3\xb7r\xb0\xbc\x91k\x99\x91m\xff\
\x16\xd3\x9e$\xad\xcb\x85\xfb\xc9I\x0f\xbdU3\xa4\x8f\
\x1c\xf1-Y\xe6g^\xcf\xa1u\x0c\x1b\xab\xab\xab\xc7\
s\xbcY\xd3j\xb5\x8eC&A\x0e\x9c\x7fc\xda\x91\
\xa4_\xba\xd6\xde\xc5\xf1F\xa9\xa4!\x00S\x98\xb2\xec\
n^\xd7%\x19\x97?\xe9,/_\xcc\xf1fE\xde\
\xed\xaa\xac! \xcf#\xd1\x87\x22\xce\xdcJ\x1b2D\
\x0c\x89$\xe6\xef\x1c'I\x83\xb9\xe8\x1d\x93\xc6\xea\xac\
\xc8\x11\xfeh\xe6k\x9b\xb4\x19m\xe7XI\xd4\xc2\x10\
\xd0YY\xb9T:\xe53\x8e\xe5\x92\xac\xf3\x16\xee\xe0\
8^\x16:\xc6<\xc0q]B[\xd1f\x8e\xe5\xa2\
6\x86\x80\xfbZ\xad\x93d\x08{\x96\xe39e\xcc\xf7\
r\x9by\x0b\xc7K\xc9b\xe6a\xca\x98\x9dh+\x07\
JC\xad\x0c\x19\x22G\xdf\xb6\xacO\xc4\x98\x87\x90#\
\xfd\xa1\x85\xc1\x13qZ\xf0\x9c\xc1\xb1&\x09mB\xdb\
8F\x16ji\x08@\xe1\x9d\xc4\xd9\xc7\xb1]\xc2\xbc\
\x04\xe6'8\xde$0\xdcq\x8cX\x19\xb3\x17m\xe2\
\xf5\xb3R[C\xc0TY\xd5 \xb8\x8e\xe3MB\x9e\
\xc4?\xe4\x18\xa4\x99e\xa1km\xc8\x90\xc1E\xf70\
o'IY\x12\x94\xa8\x1a\x94}:\xc41\xb0Ml\
\x9b\x97\x9f\x86F\x18\x02|\x13\x942\x84=\x97&A\
i\xad\xbdR\x96\x7f\xb9\xbdq\xfb}\x10\xe9r\xd9\xe6\
\xb5\xbc\xdc\xb44\xc6\x10\xe0=w=\xa3\xf1\x7f\x164\
\xca\x90\x01~\xd5\x1d\x1bC\xd2=\x1c\xach\x9ahH\
\x1f\xb9p\xdf\xde\xf6\xa8\x7f\xc2sN\x99E\xe0\x8d5\
\x04xW\x08\x1a\xf3\xa9\x5cW.\xe1xE\xd0hC\
\x00jh\xbd\x12\x94%\x15\x817\xde\x90!rM\xb9\
CL9\xc0mq(S\xa6v\x16\xcc\x8d!@n\
]/l[\xfb\x11\xb7'\x85\x0a+\x02\x9f+C\x00\
\xe6X0\x85\xcamr\x09gW\x11E\xe0sg\xc8\
\x10\xdf9\x96\xbc\x8b\xc0\xe7\xd6\x10\xd0n\xb7/\x97\xf6\
|\xc1\xedK\xa1\xdc\x8a\xc0\x1bc\x08\x92\x856\x08^\
\x1f\xa4\xe5Q\x85\xf2\x0a\xd2\x1d\xbc\x1c\x83\xb4\x09\xd2'\
\xdcF\xa7\x8c\xd9\x8ft\x0d\xc7\x9b\x96F\x1821\xb9\
(O\xdfi\xbfN\x8cD#\x12\x8ec1\x92\xa5\xc9\
\xc5QR\xa6\xdfw\xf3z\x93\xc0YVv\x11xm\
\x0dA2P\xb6\xb3\x97c\xc7)\xcbx\xef\x9b\xa0\x94\
}\xda7\x8b\x04e-\x0d\xc9:\x85\xeb\xf1\xdd\xeeE\
L\xf7fMP\xce\xdd\x14.\x0a\x07$\xf6N\x8e\xe7\
\xd0\x8f\x0b\x19\xe7\xd1\x87\xa00\xa2\x8d\x02\x89\xf1\x98\x89\
B\x82\xb2\xf1E\x0e\xdee@\xc6\xacr\xac,`N\
\x1d\xa5D\x1c\xd7\xa5F\x97\x01\xf9>\xc4\xc9\x13\xf9#\
\x1c\xcb\x07<\x08\xa2\xe8n\xee\x0b\xe5\xb4\x944Fe\
\x19\x92wQ\xb3/y\xb7\xab\x92\x86\x14q$NC\
\x9egn\xd5\x0c\xd1/\xecT\xc5\x10\xfdJ\xdb\x06\x95\
0\xc4\xb7\xa6J\xbf\xf4\x99\x92,\x86\xe09!\xd2\xaf\
E\x97\xff\xb5h}q\x00\xa9\xcc\x17\x07\xe8\xab5\xe2\
\xd5\xef\x932^\xad\xe1!}\xf9\xccPe\x1b\x12\xe9\
\xeb\x996\xabdCr\x9b\xbb.\x12\xdf9\x96X\x95\
a\x08\x1e\x0c\xf3\xae\xee(\x01\xbf\x22pV\xd1\x86D\
\x05\xd5?\x95E\xdd^\x82YX\x85`\x99x\x17\x81\
C^\x86\xe8\x8b\x94\x9d\xf8\xbeH\x19\xe5M\x1c\xcb\x09\
\xc6\x7f\x0e4Q%U\x99W\x85\xcc\xaf\x1a\xb7v\x07\
\xc7p\x82\x97\xf1\xcb\xb5\xe0\x8f\xb1`$}\x19\xff\x06\
i\x13\x94\xe8\xd3\xb8\x84d*\xfa\xce\xc7\x15\xaf\x0d\x83\
\xeb\xcfUl\x02}\x91\xf4s\x15\x83\xbe\xbc\x9b\xd7\xcb\
D\xdc\x0f\xba \xcf\xd3\xd1\x1ft\x99\x08\xfaF\xfai\
\xcf\x88\x11k(\x91\x9dE\xcd\xd7\xff\x88\xfb[\xf4'\
\x8f\xb2\x81\xbeB\x9f\xa1\xef\xf83EQ\x14EQ\x14\
EQ\x14EQ\x14EQ\x14EQ\x94y\xe5?\xbc\
\x9b\xcf\xe6\x07\xf8-S\x00\x00\x00\x00IEND\xae\
B`\x82\
\x00\x00\x04\xf0\
\x89\
PNG\x0d\x0a\x1a\x0a\x00\x00\x00\x0dIHDR\x00\
\x00\x00d\x00\x00\x00d\x08\x06\x00\x00\x00p\xe2\x95T\
\x00\x00\x04\xb7IDATx^\xed\x9d\xbf\x8f\x1bU\
\x10\xc7\x1d$HG\xc2/\x09!H\xf8#\x12h(\
\x09\xc8\xbe}\xef\xed\xeceQH\x8d\x8e\x0a\x81DA\
\xcaS\xeaPR\x80\x04\xa4N\x9b\x90(B\x02\xd1 \
\xa1$e\x9a(\x7f\x01\xd0Q 8\x940s\xe7'\
Ys\xcf>\xfb\xbc~;;o\xbe\xd2G\xb9\xdc\xbe\
\xdd\x9d\x9d\xcf=\xaf\xd7\xf6\xed\x8dF\x16\x8b\xc5b\xb1\
X,\x16\x8b\xc5\xa2$m\xdb>WW\xd5{\xb5\xf7\
W\xc1\xb9\xef\xc0\xfb\x1b\x9b\x84\xef\xdf2\xcdx<>\
\xd9x\xff9J\xf8\x13\x1b\xf54\x17\xbc\x0e\x0b\xc6{\
\xff\x1a\x8a\xf8\x8d7+\x07\xbc\x96\x18\x5cv\x09\xff9\
\xc1\xbf\xaf>\x00\xf0\x12T\xd5c\xde\xa8\x5c\xf0zb\
\xf0\x07\xe4\xe7:\x84\xafF\xa5I\x81\x10\xee\xf2&\xe5\
\x84\xd7\x13CBhyQRB\x08\x8e7(7\xbc\
\xa6\x98(d\xca7\xa3\x12\xa4\xe0\xb3\xa9\x1fy\x83r\
\xc3k\x8aaB\xf4\xcf\x94\xba\xaeO\xa3\x90\x7fy\x83\
r\xc3\xeb\x8a\xe1B\x08\xd5R\xf0\xe1\xeam~\xc0}\
\xc0\xeb\x8aI\x09\x99\xa2\xf3\xe1\x0b\xaf9|\xe2`\xb3\
\xc3\xeb\x8aY D\xe7L\xc1\x03k\xf9\x81\xf6\x01\xaf\
+f\x91\x90)\xbaf\x0a\x0c_\x08\xa1G\x0a\xe8\x10\
B\xe8\x90\x02z\x84\x10\xc3\x97\x02\xba\x84\x10\xc3\x96\x02\
\xfa\x84\x10\xc3\x95\x02:\x85\x10\xc3\x94\x02z\x85\x10\xc3\
\x93\x02\xba\x85\x10\xc3\x92\x02\xfa\x85\x10\xc3\x91\x02e\x08\
!\x86!\x05\xca\x11B\xc8\x97\x02e\x09!dK\x81\
\xf2\x84\x10r\xa5\x80\x10!\xf490^\x1b\x05\x97\xdd\
\xe4c\xbb@\xecK\xf7 DH3\x99\x9c\xe5\xb5Q\
\xf6?#\x96\x18\xdf\x05\x22\xa5\x80\x14!\xdeo\xf1\xda\
(4sp\xf9m>\xbe+\xc4I\x019B\xbe\xe6\
\xb5\xcd\xe4\x04T\xd5;M\x08\x1f\xd5\xce\xedtM\x08\
\xe1\x0d\xbe\xc3\xde\x02B\x84`c\xfej'\x93Wy\
}\xc5\x05\x84\x08\xd9\xa7\xaa\xbe\xe5\xf5\x15\x17\x90$\x04\
\xc1\x87\xa5\x8fy\x8dE\x05\x84\x09A\x9e\xe0\xf9dw\
$\xe9D\x9b3 O\xc8\x01U\xf5S\xe3\xdcy^\
\xaf\xfa\x80T!\x11\xe7\x1e\xd6\xde_C9\x9f\xe0\x89\
\xff\x038\xa8w#4M\xf3:\xefO\xf6L\x8b9\
\xdc\x882iy\x7f\xb2\x87\x8aH\x14V*&D\x18\
&D\x18&D\x18&D\x18&D\x18&D\x18z\
\x854!|\xdfV\xd5\x99\xfd_\xb7v\xee\x0b\xfc\xde\
\x1e\x1f\xb3\x02{\xfb\xdb\xc0m\xd1\x1bY\xf8\xff\xeb\x89\
1]\xa0S\x08^Q\xdf\xdb\xdd\xdd}fv?(\
\xe8\x22\x1cO\xca\x1e\xad;\xbb-\xda6\x0a\xba\x9f\x18\
\xbb.J\x85x\x7f\x8d\xef\x87r\x0c)\x87d\xc4\xe0\
\xb2/\x13\xe3\xd7E\xa7\x10\xe46\xdfO\xcc\x0aR\xe6\
\xca\xa0\x04\xef\xef$\xd6Y\x17\xb5B\xe8a\xebC\xbe\
\xaf\x188\xd8\xe7\x22)\xb4lnsh\xdb\x89u\xba\
`\xee>\xb3\x85\x8aH\x14\xb66\xd8\xb4\xff\xf0'\xfc\
2\xdf_\x0c.\xdfN\xfd~\xfcq\xd7\xeb\x08\xbdB\
\x88U\x9b\xbb\xea\xf8\x0d\xa0[\x08\xb1l\x93\x97\x1d\xc7\
\xb7\xdf1\xfa\x85LYxN\xa0eK,_t\xce\
\xe9\x8a\xb95d\x0b\x15\x91(\xacs\x8e\x9a\x01\xf3B\
\xcf\xb42\xcc\x8cH9B\x88U\xa5d\x96A\x94%\
\x84XVJ\x0f2\x88\xf2\x84\x10xQ\xf77\xdd\xdf\
\x91\xd7\x12C\xcbh\x0c_/\x03\xe5\x09Yv\x86d\
zV\xc5)K\xc8\xb22bz\x90R\x8e\x90Ue\
\xc4d\x96R\x8c\x10\xbb\x0eY6TD\xa2\xb0\xce\xa0\
\x99Q/x\xa11>\x9b:j\x06e\x9a)\xba\x85\
,+cv|\xcfR\xf4\x0aYU\xc6\xecz=J\
\xd1+\x04\x0e\xee\xd9\x9e\x0c\x1c}NXx\xce!\xd1\
\x89u\xba`\xee>\xb3\x85\x8aH\x14\xb6\x16\xd8\xb0\x1f\
\xf8~bhf\xc0b\x19\x11{\xc7\xb0+\xec=\xf5\
5BE$\x0a[\x8b:\xc3\xa7NP\xfa\x83\xc4\xd8\
u\xd1)d\xca\xf5\xba\xae\xdft\xce\xbd\x0c!\x5c\x81\
\xe3\xc9\x88\xec\xd16h[\xb4M\xb0\xcfe\x15\x83\x09\
\x11\x86\x09\x11\x86\x09\x11\x86\x09\x11\x86\x09\x11\x86\x09\x11\
F\xffB\xa4\xfcA\x17\x09P/x\x7f\xb2\x07/\xb4\
\xde\xe2\x85\x95\xca\xb6\xf7\xe7x\x7f\xb2\xa7m\xdbS\x1b\
|9{0\xd4\xce\xfd3\x1e\x8f\x9f\xe7\xfd\xe9%\xb5\
\x80?\x9b\xd7;!\xdc\xe5}\xe9-\xdb!L\x0e\x15\
X\x18\xd8\x83\xf7y_z\x0dl\xf0F\x93\xd2\x09U\
u\x8b\xf7\xa3\xf7\xe0\xb9\xe4\xc5\xda\xfbG\xbcX\xed\xd0\
1omm\xbd\xc0\xfb!\x22\xedx\xfc\x0a8\xf7\x0b\
/Z-!\xfc*\xfe\xc6\x9bt\x9f\xdc\xc6\xb9\xcf\xb0\
\xe0?\x0e\x1d\x80\x12pV\xfc\x8e|:\xefn\xda\x22\
\xb3\xb3\xb3\xf3,\x16\x7f\x81\xee\x7fHw\x0b\xc5\xafo\
\x0c\x1a<\x06:\x96&\x84w\xe9\xd8\xf8\xf1Z,\x16\
\x8b\xc5b\xb1X,\x16\xcbP\xf3?\xdb\xa2\x0ez5\
|;*\x00\x00\x00\x00IEND\xaeB`\x82\
\x00\x00\x07-\
\x89\
PNG\x0d\x0a\x1a\x0a\x00\x00\x00\x0dIHDR\x00\
\x00\x00d\x00\x00\x00d\x08\x06\x00\x00\x00p\xe2\x95T\
\x00\x00\x06\xf4IDATx^\xed\x9dI\x88$E\
\x14\x86\xabqG\xdc\x15\xc4}A\xf0(\xee\xa2\x87>\
\xd8-\xdd\x1d\x11YQM\x89\x9ef@m/\x8a2\
\x8a\x22(\x8a\x17q\xb9\x88zP\xd1\xa3\xc2\xdc\x5cP\
GA\xf1\xa0\xb8!8\x8e\xe8\x88\x82\xcbA\x99Q\x10\
uDEg|\x7fU\xc5\x98\xf3\xe72U\xdd]\x99\
\x11\x99\xf1\xc3G1\x93\xefE\xbe\x8c\xbf332*\
3\xab\xd3\x89\x8a\x8a\x8a\x8a\x8a\x8a\x8a\x8a\x8a\x8a\x8aj\
\x88\xfa\xfd\xfe\xc1]\xa5\xe6\xbb\xc6\xdco\xb5~\xd6\x1a\
\xb3y\x9a\xf0\xfa\xa3FZXX8\xa4g\xccmb\
\xc2O\xd2Q{\xaa\x82\xeb\x88\x12\x19cN\x12#\xde\
\xe7\xce\xaa\x02\xae\xc5I\x96]#\x1f3\xfc\xff\x8d\x97\
\xb5\xf68\xab\xd4W\xdcQU\xc1\xf58\xc9\x1f\xc8[\
\xdd$y\xa2\xd36Sl\x92l\xe1N\xaa\x12\xae\xc7\
\x09\x86`y\xabLI\x92Ds\x07U\x0d\xd7\xe4\xe4\
\x0c\x19\xf1T\xa7\x0d\xa6\xc8h\xea\x0d\xee\xa0\xaa\xe1\x9a\
\x9c\xc8\x90\xe6\xef)\xddn\xf7h1\xe4o\xee\xa0\xaa\
\xe1\xba\x9c\xd8\x10\xd0hS\xe4pu\x09op\x1dp\
]Ny\x86\x8ch\xe6\xe1K\xae9L\xce\xc6V\x0e\
\xd7\xe5TbH3\xf7\x14\xd9\xb0>oh\x1dp]\
Ne\x86\x8ch\xd6\x9eb\xc37\x044\xc7\x14\xdb\x0c\
C@3L\xb1\xcd1\x04\x84o\x8am\x96! l\
Sl\xf3\x0c\x01\xe1\x9ab\x9bi\x08\x08\xd3\x14\xdb\x5c\
C@x\xa6\xd8f\x1b\x02\xc22\xc56\xdf\x10\x10\x8e\
)\xb6\x1d\x86\x800L\xb1\xed1\x04\xf8o\x8am\x97\
!\xc0oSl\xfb\x0c\x01\xfe\x9ab=1\x04\xf7\x81\
qm\x90,{\x89c\xd7\x03o\xa7\xee\xad'\x86\xf4\
\x16\x17O\xe7\xda\xa0\xc1=b9\xf1\xeb\x81\x97\xa6X\
_\x0c1f\x89k\x83\xb0\xe7\xc8\xf2W8~\xbd\xf0\
\xce\x14\xeb\x8f!Orm)\xcdX\xa5\xae\xe8%\xc9\
\xf5]\xadW\xd6\x9b$IN\xe5\x15\xd6&\xeb\x89!\
\xd21\xbf\xf5\x17\x17O\xe4\xfaZ'\xeb\x89!\x03\x94\
z\x86\xebk\x9d\xacO\x86\x08rX\xba\x91kl\x95\
\xacg\x86\x08\xbb\xe5|r_\xc7\xa7\x13m\x95\xb2\xfe\
\x192D\xa97{Z_\xc4\xf56^\xd6WC\x1c\
Z\x7f\xd65\xe6\x111\xe7f9\xf1_m\x87\xf5N\
\x85^\xafw\x0a\xf7O\xe5\x1a\x15\x93\xed\x88v\xd2\xe7\
\xfe\xa9\x5c(\x22\xa7\xb0\xb6\x12\x0d\xf1\x8ch\x88gD\
C<#\x1a\xc2\xc8H\xea_\xf9\xdc\xc5\xff_\x11\xd1\
\x10\x07\x1e\x1a\xc2\xd0\xb6\xdf\xef\x1f\xd6\xc1d\xa2\xd6*\
1\xe6\x07\x8e\x9b2\xd1\x90\xbdh}{\xa66\xa5.\
\xcb\xc4M\x97h\x08\x90\xc3\xd4?x\xb4\x8ek\x83\xc4\
\xa8/8~\x8aDC\x80\x18\xf21\xd7\xe5\xd4M\x92\
O9~\x8aDC@\xcf\x98\xc7\xb8.\x08\xaf\xf9\x90\
\xe5\x7fr\xfc\x14\x89\x86\x8c\xc0\xeb32\xc2\xb7\x849\
\xb1\xd3\xa49\x86t\x8d\xf9Z>7\xc8H\xe9R\xf9\
\xbcA\xfe\xfd=\xc7\x14\xd1W\xea4\xae\x0b\x926\xee\
\xe0X\x80\xb6\xf1\xd5+\xd6%\x9f\x1bG\xeb\xce\xc4\xad\
\x82\x86\x18\xa2\xd4V\x19\xae\x1e\x9bnWN\xd2gH\
g\xfd\x9c\x89e\xb4\xfe.\x9d\x97\x96\xb4\xfb\x02\xc7\xa3\
M\xb4\x9d\x8e\xc3\xbaQ\x03\xc7\xae\x82\xf0\x0d\xc1\xb5B\
\xd1-<\xb2\xecq\x8e\xcf\xe19\xce\x1biF\xfe\xf2\
wp|\xa2\xf5\xa3\x1c\x08\xc9^v\xf2${e\x01\
\xc1\x1b\xb2k\xd9\x98\x0b\xb9M'\xe9\xa0\xbbsr\xf6\
Abn\xe2<hY\xebs9v\x14\x7f\x17\xc7:\
\xa1\x16\xd4\xc49\x13\x10\xae!\x98\xe2\x10\xba\xdc^Z\
\xe3\xbca\xa8\xa7\xd4\xf9\x9c\x07I\xdb\xd7q,\x90\xbd\
\xeeU\x8eM\x0b5\x8d\xa6_2\xb9c\x10\xae!\xc2\
&n+\xad\xb1\xda\xd5\xfaW9\xfe\x1f\xc0\xb9\x10\xee\
@\xc9\xc4\xffOi\xc7\xc9\xf2M99\xe3P\xdan\
%B\x119\x85\x95\xa3\xf5\xd3\xdcNZr\xd2\xbd@\
\xae-~\xcf\xe4\x11r\xf8y\x9ds\x9dd\xd9\x97\x1c\
\xbf7O\xeb?0\xc2\xe2\x9c\xb4\xc6<\x7f1\xe1\x19\
\x22\x1d\xf5\xda\xec\xec\xec\x81\xdc\x8e\x13F@\x12\xf7#\
\xe7\xe5!m\xdd\xcb\xf9\x90\xd6\xfaxY\xbe\x9b\xe3\x89\
\x9d\xb2\xae\xb39\xd7\x09{\x9e\x9d\xfcF\xed\xe0\x0c\xd9\
.W\xcfGr\x1bN\xd2\x09GI\xcc\xb6\x9c\xbc\x22\
\xe6\xb8\x0dH\xf6\xc0$'6\x8fmX'\xe7;\xa1\
V\x89\xd9\x9e\x93WDX\x86\xc8\xa1b\x99\xf3\x9dV\
VV\x0e\xc2!\x88s\x8a\xc0\x84\xa21\xe6\x08n\x07\
\x92\xe5\x0fq|!2p(\xddc\xa5\xe6LN1\
a\x19\x22\x87\x9239\xdf\x09\xd3\xe7\x1c_F\xd9\x84\
\xa2\x8c\xbc\xde\xe1\xf82\xf0\xc8\x02\xb7\xe1\x84\x9a9\xbe\
\x84\xb0\x0c\xb1\x05\x87\x18h\xd2\xc3\x15N\xba\xdc\x06\xb4\
qv\xf6P;\xc1\x84\x22f\x83\xcb\x0e[\x123\xc7\
9%\x84e\x08\xfer\xcb\x0e\x0f\xb8b\xb7\xe3\x9e\xd0\
\xb5\xbe\x96\xf3!\xf9k\xbf\x9cc\x8b(\x9b%\x80P\
\xeb\x84{[X\x86\x0cX\xa7!o\xd13\x19\xd2\xfe\
\x9d\x1c\x9b\xc7\x94\x86\xbe\x01\x1a2d\x7f\x17\x85\xbd\xb2\
\xabe\xcc9q\x8e\x93t\xf2\x8b\x1c\x9f\x03\x86\xc4\xb9\
S\xf6N\xab|\x14.LC\xc6\x996)\x9a:\x07\
\x89R\xcfs\xfcH3\xb2|'\xc73h\x9b\x13\xd3\
Z\xc3\xf4I\x98\x86\x8c(\x9dX\xec\x0c\xef\x1c\xf9(\
'o\x0f\xee.\xe1`\xa8hB1\x8d\x98\xf1A\xa7\
\xe4Q\x855N0\x06m\xc8\xe0\xa4Z\xf4\xe5\x12\x84\
\xe7<8\x07\xc8y\xe6<\x8e\x85\xf0\x0c!\xc72\xd2\
\xe6=\x9c\xe7\xb4\x0eS\xf0a\x1b2@\xa9\xadEW\
\xef\xd2y\x0ff\xe2\xcb&\x14\x87\xbfS\x92]\xc7\xbe\
\xf9\x0fp\x1e4\xb8*_\xfb\x97T\x0d0\xc4\x0c\xa7\
\xc4y8<xc\xb61\xdfr,^k\x9e\x8eK\
k\x9c[~\xe4\xba\xe3\x1b\xbee\x08\xebF\x0d\x1c\xbb\
\x0a\x9aa\x08@\x87\xe0-\xd9\xf3\xf3\xf3\x87\xe3ZB\
\xc6\xff\xefq\x0c\x18=\xae\x96Q\x7fa\xe1\x04\xbb\xff\
\x09\xc5a\x1b\xd26\xd6\x81ua\x9d\x98\xf0\xe4\x98U\
\xd2\x1cC\xc6E\xce\x13Wr\x0d\x10FF\x1c[\x03\
\xed2\x04\x13\x8aE\xe7\x1b\x9b$\x0fs|\x0d\xb4\xcb\
\x109\xac}\xce\xebw\x9ap\x8acZ\xb4\xcb\x10\xe1\
\x13^?4\xe9\x84\xe2\x14i\x97!\xb8z\xee--\
\x9d\x95S\xc3\x06\x8e\xad\x89v\x192@\xae\x15\x96\x95\
:\xc7\xad\x1f'y\x19\x0a\xff\x92\x89\xab\x87\x16\x1ab\
\xf6\xce\x85}X\xe7\xaf\xc2\x15P\xbf!=O~\xd0\
\xc5\x07\xd0\x17\xdc?\x95K\xaez/\xe6\xc2\xda\xca~\
&K\xab\x11\xbe\xfe\xf4\xe1G\xc1\xeaF\x0e\xa1\x7f\x15\
]#U.\x1f~6\xafv\x92d\x0b\xf7KmZ\
N\x92\xc5L\x81-C\xfa\xe0*\xee\x97Ze\xa7\xf8\
\xa2I\xdfI\x94z\x99\xfb\xa3v\xe1\xa1\x97\xb2\xfbi\
\x9b\x0a\xb6yii\xe9\x18\xee\x0f/4\x98\x02\xd7\xfa\
m.\xba\xb1$\xc9\xbb\xde\xbfx\x13\xef\xc9\xedi}\
\xab\x1d\xe3f\x83P\x91\xbdb\x87pK\xd1\xdb\xb4\xbd\
\x14\xee\xd5\x95\xe2\xe7\x06\xdf\x8b\x0f\x9f\xd5\xd8\x1c4\xb2\
\x0d\xd8\x16L\xd5`\xdbx{\xa3\xa2\xa2\xa2\xa2\xa2\xa2\
\xa2\xa2\xa2\xa2\xa2B\xd5\x7fJ\x1c\xbe\x96\x05E\x15D\
\x00\x00\x00\x00IEND\xaeB`\x82\
\x00\x00\x07\xf2\
\x89\
PNG\x0d\x0a\x1a\x0a\x00\x00\x00\x0dIHDR\x00\
\x00\x00d\x00\x00\x00d\x08\x06\x00\x00\x00p\xe2\x95T\
\x00\x00\x07\xb9IDATx^\xed]Y\x88\x1dE\
\x14\x9d(\xee[T\x5cQ\x04\x17pA\xc5}\x8b\x12\
\x83\x8e\xccLuUW\x8fO\x22\xb8\xc4\x851\xe2\x16\
\xe2\x97\x1b\x0c\xfa\xa1\x1f!.h4\x8a\x8a\xebG\x22\
A\xd0\x88Q\x8c\x8a\xc6\x0d\xfdQ\x04\xd1\xc4`>4\
.\x10\xc5\xa8\xc4%znO\xd7\xd0\xeft\xbf\x97\x08\
\xf3\xfa\xf5R\x07\x0e\xf3^\xd7\xad\xaa[\xf7tWU\
W\xd7\xeb\x19\x18\xf0\xf0\xf0\xf0\xf0\xf0\xf0\xf0\xf0\xf0\xf0\
\xf0\xa8\x09Z\xad\xd6\xf6\xa1R\x83\xa1\xd6w\xda x\
\xc2j\xbd\xa4\x97\xe4\xfa=\x12\x0c\x0d\x0d\xed\x10i}\
3D\xf8\x09\x81\xfa\xb7(\xb2\x1f\x1e\x80\xd6\xfa@\x08\
\xf1!\x07\xab\x08\xb2/\x0eH\x9b\x8d?\xd3\xf8x\xed\
a\xad\xdd\xdb*\xb5\x9a\x03U\x14\xd9\x1f\x07\x9c o\
\x86\xc6<4\xd04Q\xac1+8HE\x92\xfdq\
\x10A$\xbdQ\xa2\x18c\x02\x0eP\xd1d\x9f\x1c\x9c\
 \x09\x1f\x1dh\x82(\x98M\xbd\xce\x01*\x9a\xec\x93\
\x03\x09R\xff+%\x0c\xc3\xe9\x10\xe4O\x0eP\xd1d\
\xbf\x1cX\x10a\xadEAwu\x1a7\xb8\x1fd\xbf\
\x1c\xf2\x04IX\xcf\xee\x0b\xf7\x1c:\xa7\xb1\x85\x93\xfd\
r\xe8\x22H=\xaf\x144\xac\xc5\x0d\xed\x07\xd9/\x87\
n\x82$\xac\xd7\x95b\xab/\x88\xb0>\xa2\xd8z\x08\
\x22\xac\x87(\xb6>\x82\x08\xab/\x8a\xad\x97 \xc2j\
\x8bb\xeb'\x88\xb0\xba\xa2\xd8z\x0a\x22\xac\xa6(\xb6\
\xbe\x82\x08\xab'\x8a\xad\xb7 \xc2j\x89b\xeb/\x88\
\xb0:\xa2\xd8f\x08\x22\xac\x86(\xb69\x82\x08\xcb/\
\x8am\x96 \xc2r\x8bb\x9b'\x88\xb0\xbc\xa2\xd8\x92\
\x08\x22\xfb\xc0\xd87\x01\xd2^b\xdb\xa9`i\x97\xee\
mI\x04\x89\x86\x87\x0fa\xdf\x04\xf1\x1e\xb1\x1c\xfb\xa9\
`)E\xb1e\x11D\xeb\x11\xf6M W\x0e\xd2_\
a\xfb\xa9b\xe9D\xb1\xe5\x11d1\xfb\x96\xc24\xab\
\xd4\x8c\xc8\x98\xab\xc3 \x18\x9bj\x1ac\x0e\xe6\x0a\xfb\
\x06[\x12A\x10\x98_[\xc3\xc3\xfb\xb3\x7f\x8d\x83-\
\x89 1\x95z\x9c\xfdk\x1cl\x99\x04\x01\xd1-]\
\xc3>6\x0a\xb6d\x82\x80\x9b1\x9e\x8c\x0f\x94i\xa0\
-\x12\xb6|\x82LP\xa9\x95Q\x10\x9c\xc2\xfe\xd6\x1e\
\xb6\xac\x828\x06\xc1\xe7\xa1\xd6\x0b \xce\x0d\x18\xf8/\
\xb2\x13\xfe\xf6\x84Q\x14\x1d\xc4\xf1)\x1c\x893\xd9@\
4\x93-\x8eO\xe1\x10'r\x1ck*\xbd %c\
\xff\x05I\xfaev\xac\x91\x94Xp|\x0a\x83\xd6z\
?8\xf1\xbc\xd1\xfa\x0fv\xac\xa9\x94X@\x94\xe7\xac\
\xb5\xfbr\xbcz\x8a0\x0c\x0f\xc3\x5c\xffkv\xc8s\
\x82\x98\xd5\xad\x89FF\x0e\xe5\xb8\xf5\x0c\xfd\xfe=a\
\x15\x08Q\xde\xe0\xb8\xf5\x04\xc6\x98\xb3\xb9r\xcf\x0eT\
j\x06\xc7o\xca\xd1\xcb\x07>5\xe4|\x8e\xdf\x94C\
\xd6\x89r*\xf6\xcca\xb2\xa6\xd6[t\x12\x043\x8c\
wGFF\xf6l\x22\xa5\xed\x1c\x8f\xbe\x0b\x22\xbb;\
\xd8\xb6)\xe8\xb4\xb3\xa5\xf4\x82\xc8F\x04\xd8.\x85\xed\
\xdb\xa0\xe2tA\xfc\x06!\xcc\xe51K\xf9\x086\x1f\
\x0b\xf1}9\xbe\xdf\xb25\xf3{L\xc9O\x0d\x8dy\
@\xea\x88\x94\xfa 2\xe6\x05\xd4yy\xab\xd5\xda\x89\
m\x1dP\xf6\xf58\xcb\xdfG\xdb\x16\x05A\xb0s&\
=\x0cO\x82\xcd\xabB\x94y\x22\xa7WV\x90\xf4t\
Yn\xa2ZCC\xfb\xb84\x04l[\x04\xef\xc9L\
\xb9\xedul\x80\x8dM\x97\xe9088\xb8\x0b\xca|\
6\x93\xc7Q\xa9\xd5\x98!\x9e\xc9\xf9d&D\xb6\xfc\
\xaa\xa7i\xa8w\x9dK\x87(\xdf\xc8\xb1\xb4Au\x05\
\xd1z=9|\x8eK\xc3\xe7\xbb2e\xe6\x10W\xcb\
&\xde\xf2#g5\xce\xdcUl\x9b\xc3\xdfP\xcf\xb9\
\xe9\xbc\x08\xf0\xb5l\x97^\x02\x89_\xaa\xc3\xe5\xe0X\
\xba\x8c\xca\x0a\x82\xc6\xff\x90\xce\x83\xae`\xa6\x1cO\x06\
\xc6\xad^\x82\xe1\xa0\xa2\xeeG\xd8\xa6\x0b\xd7\xcb\xb2\xcf\
d^c\xaec\x9b\xd8\xcf\xa4{\x94\xab\x98\xd3\xd3W\
v\x5cF\xdd\x04A^\xd3v\x1cW\x01\x02u#>\
\xb7\xf0\xf9b\xfc}\x0a\xdc\x1c\xa7+\xf5\xe9\x9c\x993\
wte\x22pG\xc1\xe6\x1f\xf2eC\x14\x04\xb7\xe2\
\xf8\x1c|\x7f\xa7-M\xca\xd7\xfa\xde\xc9\xfc9\x82$\
\x5c*\xe9\xcd\x14\xc4\x98+\xda\xcaB\xd0)\xeb\xc0\xa8\
\xd6'\x88p<\xe8\xc6\x03x{\x106\xc2\xf68\x97\
\x9el\x94k\xdbN*[\x86\xe4\xcdw\x92\xdeE\x90\
\xb8\xebj\xa6 A0+S\x9e\xd6/\xa2\xae\xc5\xb2\
3\x10\xf9n\xef\xf4|\x1cy\xbf ?\xeef\x1bY\
\x0cE\xda_d7+\xce\xdfM\x10\xf8;\x1a\x04\xc7\
\xf0\xf1\xda\x0b\x92\xbc0\xf3\xdbL\x99Y.\xc3\x99\xbd\
\xbb+o|||\x1b\x9c\xc5\x7f\xb7\xd9tX?\x82\
\xb0\x9fQYs\xe5x7Ab\xe6\x04\xbb\xf6\x82\x08\
0\x9d\xbd\xd0\xbaq\xa2\x1b\x95Z)B\xc4\xe5\x85\xe1\
tN\xe7\x19\x98\x83Q\xea\xe56;\x8c1r|\x8b\
\x82\xe4\xb0\x11\x82\x08\x10\x9c\xcbp\xfc\x97L\xd9D\x19\
\xe8\xc5\xbe\x17W\x88\xd8\xb1\x9f\xcc\xca\x09\x22]\x90\x9c\
\xf1\xd1\xc4\x8e\xf4\xc9\x9b(n(\x0b\x22H\xe6\xfdW\
\xa2\xbc\x852\x86\xe0\xefc\x96\xee_\xc0e\x93\xf6<\
\x86\x18sO\xba<\x01\xa6\xb9\x87[\x1aC\xa2d\xea\
\xcc\x82H;\xb6\xf4X\xbar\x82\xa4\x1d\xc4\xfd\xc5\x83\
\xa9\xe3\x1b\xc8awc8\x0db]\x12\x0f\xe0J\x0d\
:{\x07\x04h,\x9d\x0f\xb6\x9f\xb84L\xbb\xee\xa7\
27\xe2*9\xde\xa5\xc7\xe3S\x10,o\xcb\xdfm\
\x96\x95\xb4\xc3\xca\x12O\xfax\x8a\x95\x12D\xb6\xe6S\
\xda\xe6p\xe2\xed\xd6\x0b9\xcf\xa8RGH\x1e\x9a\xf6\
nN\xae\x8a\xd96\xb9\x0f\x915\xa9t>\x94\xf7\x9a\
\xf3\x07\xb3\xa0#\xf9>\x04\xa2\xfe\x8c2o\x93rs\
\xef\xe0\xe1\x8b\xcb\xdfQ\x10\xdc\x18\xf2\x15\xedX)A\
\xe4\xccC\x80\xbe\xcf\xa4g\x9d\xfd\xca\x95i'^E\
\x9e\xb1\xe9\xc2\xb6\x07?(kQ\x8eM.q\xc5~\
\x97\x0eh'A\x04\x9d\xba\xaeJ\x09\x22\xc0\xf7\xb9\x99\
\xf4v\xcal*J\xd9G96\xf9\x0c\x82\xb5\xe8\x86\
vuy\x05\xb2\x92\xdb\xe9\x99\x04q\xcbkY\x98\xc5\
\xa5\xd3m^\xd7U\xc5\xb5,\xd8\xdd\xc1]\x89Pf\
E\x98r\xceK\xdb\x0ap\xfc*\xe9\xdb\xd9\x9e\xeaX\
\x8b.\xf1h\xce+\x90\xd5^\x9b^b\xe1z\xb5\xfe\
\x12\xf5\x9e\xce\xf9 \xc0\x19d\xb7\xa0-\x9d\xbb\xae \
X7P\xd5\xd5^\xb9\xcb\x95\x81\xdaN<\x9bX%\
\xcb\x1c\x9d\x02*\x88\xa2\xe8\x80\xb8\xef\x97\xdf\x04&\xcf\
B\x842f\xe0\xd8|\xbe2\xf20\xaa\xf5\xc9\x08\xf2\
}\xb0\x7f+\x19{\x96@\x88K\xd3\xeb_\x0c\xd8\xcc\
M\xc6\x9a\x871#\xdb\x8d\xd3\xe1\xf3\xb1\xf1}\x8c1\
+\xe4\xd9\x08\xa7WF\x90\xa6\xa0\x94\x82\xf8g\xea\xd9\
\x98\xf4U\x10\xcf,\x8b\x12\xc4\xef\xcb\xdaz\xf6~_\
V\xce3h\xcf\x0e\xc4\xc9{\x16\xc7\xaf'\x90\xd9\x06\
W\xee\xd9\xce\xb0\xa8\xbd\xbd\x02\xd9\xd9\x8d\x0a\xd7\xb0\x13\
\x9e\x09\x95Z]\xe8\xeew\x81\xdc0\xa1\xf2g\xfe\xcf\
\xe6\x84\xba\x137\xb6\xbf\xe3^\xebi^Z)\x14\x9d\
\xd6{\x9aH\x89\x05\xc7\xa7pX\xff\x1b\xc34\xfb\xff\
\x1bCq\x22\xc7\xb1\xa6\xb2\xff\x82D%\xf9\x87.e\
\xa0\xc4\x82\xe3S8ds3;\xd6T\xca\xc2&\xc7\
\xa7p\xb4Z\xad=\xca\xf0O\xc1\xfaM\x0c\xe8\x9b\xd2\
[\x94\xfa\x8a2\xfc\xdb\xbc\xbe\x137\xcb\x1c\x97\xbea\
\xd4\x98\xe1\x8c\x83\x0d#bp\x01\xc7\xa5\xaf\xb0=|\
\xd1d\xd9)\x0f\xaf8\x1e}\x07\xc6\x92\xbd\xe41)\
;[wJ\x9b\xe5\x99\x08\xc7\xa3\x14\x88w\x8a\xcb\xcf\
\xd5r\x1c\xaf%\x8dy\xaf\xf4/\xde\x8cw-\x06\xc1\
<8\xfcc\xa6\x015\xa1lz\x00o\xea\xf46\xed\
Rblll;8\x7f~\xfc\x84Q\xa9\xc7\xf1y\
I\xa5\x896H[\x22c\xce\x93\xb6q{=<<\
<<<<<<<<<\xaa\x8a\xff\x00\xf2\xb1J\
\xdc\xe3q\xe8\x22\x00\x00\x00\x00IEND\xaeB`\
\x82\
\x00\x00|+\
\x89\
PNG\x0d\x0a\x1a\x0a\x00\x00\x00\x0dIHDR\x00\
\x00\x04\x00\x00\x00\x04\x00\x08\x06\x00\x00\x00\x7f\x1d+\x83\
\x00\x00{\xf2IDATx^\xec\xdd\xddq\x1c\xd7\
\x9e\xe6\xeb6\x01*h\xdf\x17\xc0\xe8{\x99@\x13\xe8\
\xc1\xc8\x83\x91\x07\x9b\x1elz y y \x13\xd8\
\x1e \x08\x22\xce\xbe\xa4\x09sP\xfc\xe8M\xbd\x89\x14\
\xf1\x82\x85\xca\x5c\x95\xcf\x13\xf1\x8b33\xa7\xf9gs\
\xad\x95\x0a\xac\xc4\xd7\x7f\xfd\x17\x00\x00\x00\x00\x00\x00\x00\
\x00\x00\x00\x00\x00\x00\x00\x00\x00\x00\x00\x00\x00\x00\x00\x00\
\x00\x00\x00\x00\x00\x00\x00\x00\x00\x00\x00\x00\x00\x00\x00\x00\
\x00\x00\x00\x00\x00\x00\x00\x00\x00\x00\x00\x00\x00\x00\x00\x00\
\x00\x00\x00\x00\x00\x00\x00\x00\x00\x00\x00\x00\x00\x00\x00\x00\
\x00\x00\x00\x00\x00\x00\x00\x00\x00\x00\x00\x00\x00\x00\x00\x00\
\x00\x00\x00\x00\x00\x00\x00\x00\x00\x00\x00\x00\x00\x00\x00\x00\
\x00\x00\x00\x00\x00\x00\x00\x00\x00\x00\x00\x00\x00\x00\x00\x00\
\x00\x00\x00\x00\x00\x00\x00\x00\x00\x00\x00\x00\x00\x00\x00\x00\
\x00\x00\x00\x00\x00\x00\x00\x00\x00\x00\x00\x00\x00\x00\x00\x00\
\x00\x00\x00\x00\x00\x00\x00pv\xde_\xef\xfe\x9f$I\
\x92$\xad\xae\xab\xdd\xdb\x9b\xfd\xc5E\xdea\x80'\x9a\
<d\x92$I\x92\xb4\x96\xbc\x04\x80\xe3\x99<`\x92\
$I\x92\xb4\xa6\xbc\x04\x80\xe3\x98<\x5c\x92$I\x92\
\xb4\xb6\xbc\x04\x80\xef7y\xb0$I\x92$i\x8dy\
\x09\x00\xdfg\xf2PI\x92$I\xd2Z\xf3\x12\x00\x9e\
n\xf2@I\x92$I\xd2\x9a\xf3\x12\x00\x9ef\xf20\
I\x92$I\xd2\xda\xf3\x12\x00z\x93\x07I\x92$I\
\x92F\xc8K\x00\xe8L\x1e\x22I\x92$I\x1a%/\
\x01\xe0\xf1&\x0f\x90$I\x92$\x8d\x94\x97\x00\xf08\
\x93\x87G\x92$I\x92F\xcbK\x00\xf8\xb6\xc9\x83#\
I\x92$I#\xe6%\x00\xfc\xbd\xc9C#I\x92$\
I\xa3\xe6%\x00\xcc\x9b<0\x92$I\x924r^\
\x02\xc0\xc3&\x0f\x8b$I\x92$\x8d\x9e\x97\x0005\
yP\x9e3\x0f!\x00\x00\xf0\x95\xc3\xfd\xe0pO\x98\
\xdc\x1d\x8e\x91\xfb\x07\xfc\xd5\xe4!y\xee<\x84\x00\x00\
\xc0W\xbc\x04\x80\x13\x99< \xa7\xc8C\x08\x00\x00|\
\xc5K\x008\x81\xc9\xc3q\xaa<\x84\x00\x00\xc0W\xbc\
\x04\x80g6y0N\x99\x87\x10\x00\x00\xf8\x8a\x97\x00\
\xf0\x8c&\x0f\xc5\xa9\xf3\x10\x02\x00\x00_\xf1\x12\x00\x9e\
\xc9\xe4\x81X\x22\x0f!\x00\x00\xf0\x15/\x01\xe0\x19L\
\x1e\x86\xa5\xf2\x10\x02\x00\x00_\xf1\x12\x00\x8el\xf2 \
,\x99\x87\x10\x00\x00\xf8\x8a\x97\x00pD\x93\x87`\xe9\
<\x84\x00\x00\xc0W\xbc\x04\x80#\x99<\x00k\xc8C\
\x08\x00\x00|\xc5K\x008\x82\xc9\xe1o\xf3\x10\x02\x00\
\x00'\xe0%\x00|\xa7\xc9\xc1/\xf3\x10\x02\x00\x00\xa7\
\xe2\xfe\x01\xdfar\xe8\xcb\x0e3<\x84\x00\x00\xc0\xa9\
\xb8\x7f\xc0\x13M\x0e|\xd9\x979\x1eB\x00\x00\xe0T\
\xdc?\xe0\x09&\x87\xbd\xec\xebY\x1eB\x00\x00\xe0T\
\xdc?\xa049\xe8e9\xcfC\x08\x00\x00\x9c\x8a\xfb\
\x07\x14&\x87\xbc,\xe7\x1dx\x08\x01\x00\x80Sq\xff\
\x80G\x9a\x1c\xf0\xb2\x9c\xf7\x85\x87\x10\x00\x008\x15\xf7\
\x0fx\x84\xc9\xe1.\xcby_\xf3\x10\x02\x00\x00\xa7\xe2\
\xfe\x01\xdf09\xd8e9/y\x08\x01\x00\x80Sq\
\xff\x80\xbf19\xd4e9\xef!\x1eB\x00\x00\xe0T\
\xdc?`\xc6\xe4@\x97\xe5\xbc9\x1eB\x00\x00\xe0T\
\xdc?\xe0\x01\x93\xc3\x5c\x96\xf3\xfe\x8e\x87\x10\x00\x008\
\x15\xf7\x0f\x08\x93\x83\x5c\x96\xf3\xbe\xc5C\x08\x00\x00\x9c\
\x8a\xfb\x07|er\x88\xcbr\xdecx\x08\x01\x00\x80\
Sq\xff\x80\xcf&\x07\xb8,\xe7=\x96\x87\x10\x00\x00\
8\x15\xf7\x0f\xf8\xaf\xe5^\x00\x1cx\x08\x01\x00\x80S\
q\xff`\xf3&\x07\xb7,\xe7\xb5<\x84\x00\x00\xc0\xa9\
\xb8\x7f\xb0i\x93C[\x96\xf3\x9e\xc2C\x08\x00\x00\x9c\
\x8a\xfb\x07\x9b59\xb0e9\xef\xa9<\x84\x00\x00\xc0\
\xa9\xb8\x7f\xb0I\x93\xc3Z\x96\xf3\xbe\x87\x87\x10\x00\x00\
8\x15\xf7\x0f6grP\xcbr\xde\xf7\xf2\x10\x02\x00\
\x00\xa7\xe2\xfe\xc1\xa6L\x0eiY\xce;\x06\x0f!\x00\
\x00p*\xee\x1fl\xc6\xe4\x80\x96\xe5\xbcc\xf1\x10\x02\
\x00\x00\xa7\xe2\xfe\xc1&L\x0egY\xce;&\x0f!\
\x00\x00p*\xee\x1f\x9c\xbd\xc9\xc1,\xcby\xc7\xe6!\
\x04\x00\x00N\xc5\xfd\x83\xb369\x94e9\xef9x\
\x08\x01\x00\x80Sq\xff\xe0lM\x0edY\xce{.\
\x1eB\x00\x00\xe0T\xdc?8K\x93\xc3X\x96\xf3\x9e\
\x93\x87\x10\x00\x008\x15\xf7\x0f\xce\xce\xe4 \x96\xe5\xbc\
\xe7\xe6!\x04\x00\x00N\xc5\xfd\x83\xb329\x84e9\
\xef\x14<\x84\x00\x00\xc0\xa9\xb8\x7fp6&\x07\xb0,\
\xe7\x9d\x8a\x87\x10\x00\x008\x15\xf7\x0f\xce\xc2\xe4\xf0\x95\
\xe5\xbcS\xf2\x10\x02\x00\x00\xa7\xe2\xfe\xc1\xf0&\x07\xaf\
,\xe7\x9d\x9a\x87\x10\x00\x008\x15\xf7\x0f\x8669t\
e9o\x09\x1eB\x00\x00\xe0T\xdc?\x18\xd6\xe4\xc0\
\x95\xe5\xbc\xa5x\x08\x01\x00\x80Sq\xff`H\x93\xc3\
V\x96\xf3\x96\xe4!\x04\x00\x00N\xc5\xfd\x83\xe1L\x0e\
ZY\xce[\x9a\x87\x10\x00\x008\x15\xf7\x0f\x8629\
de9o\x0d<\x84\x00\x00\xc0\xa9\xb8\x7f0\x8c\xc9\
\x01+\xcbyk\xe1!\x04\x00\x00N\xc5\xfd\x83!L\
\x0eWY\xce[\x13\x0f!\x00\x00p*\xee\x1f\xac\xde\
\xe4`\x95\xe5\xbc\xb5\xf1\x10\x02\x00\x00\xa7\xe2\xfe\xc1\xaa\
M\x0eUY\xce[#\x0f!\x00\x00p*\xee\x1f\xac\
\xd6\xe4@\x95\xe5\xbc\xb5\xf2\x10\x02\x00\x00\xa7\xe2\xfe\xc1\
*M\x0eSY\xce[3\x0f!\x00\x00p*\xee\x1f\
\xac\xce\xe4 \x95\xe5\xbc\xb5\xf3\x10\x02\x00\x00\xa7\xe2\xfe\
\xc1\xaaL\x0eQY\xce\x1b\x81\x87\x10\x00\x008\x15\xf7\
\x0fVcr\x80\xcar\xde(<\x84\x00\x00\xc0\xa9\xb8\
\x7f\xb0\x0a\x93\xc3S\x96\xf3F\xe2!\x04\x00\x00N\xc5\
\xfd\x83\xc5M\x0eNY\xce\x1b\x8d\x87\x10\x00\x008\x15\
\xf7\x0f\x16594e9oD\x1eB\x00\x00\xe0T\
\xdc?X\xcc\xe4\xc0\x94\xe5\xbcQy\x08\x01\x00\x80S\
q\xff`\x11\x93\xc3R\x96\xf3F\xe6!\x04\x00\x00N\
\xc5\xfd\x83\x93\x9b\x1c\x94\xb2\x9c7:\x0f!\x00\x00p\
*\xee\x1f\x9c\xd4\xe4\x90\x94\xe5\xbcs\xe0!\x04\x00\x00\
N\xc5\xfd\x83\x93\x99\x1c\x90\xb2\x9cw.<\x84\x00\x00\
\xc0\xa9\xb8\x7fp\x12\x93\xc3Q\x96\xf3\xce\x89\x87\x10\x00\
\x008\x15\xf7\x0f\x9e\xdd\xe4`\x94\xe5\xbcs\xe3!\x04\
\x00\x00N\xc5\xfd\x83g59\x14e9\xef\x1cy\x08\
\x01\x00\x80Sq\xff\xe0\xd9L\x0eDY\xce;W\x1e\
B\x00\x00\xe0T\xdc?x\x16\x93\xc3P\x96\xf3\xce\x99\
\x87\x10\x00\x008\x15\xf7\x0f\x8enr\x10\xcar\xde\xb9\
\xf3\x10\x02\x00\x00\xa7\xe2\xfe\xc1QM\x0eAY\xce\xdb\
\x02\x0f!\x00\x00p*\xee\x1f\x1c\xcd\xe4\x00\x94\xe5\xbc\
\xad\xf0\x10\x02\x00\x00\xa7\xe2\xfe\xc1QL6\xbf,\xe7\
m\x89\x87\x10\x00\x008\x15\xf7\x0f\xbe\xdbd\xe3\xcbr\
\xde\xd6x\x08\x01\x00\x80Sq\xff\xe0\xbbL6\xbd,\
\xe7m\x91\x87\x10\x00\x008\x15\xf7\x0f\x9el\xb2\xe1e\
9o\xab<\x84\x00\x00\xc0\xa9\xb8\x7f\xf0$\x93\xcd.\
\xcby[\xe6!\x04\x00\x00N\xc5\xfd\x83\xdad\xa3\xcb\
r\xde\xd6y\x08\x01\x00\x80Sq\xff\xa02\xd9\xe4\xb2\
\x9c\x87\x87\x10\x00\x008\x1d\xf7\x0f\x1em\xb2\xc1e9\
\x8fO<\x84\x00\x00\xc0\xa9\xb8\x7f\xf0(\x93\xcd-\xcb\
y\xfc\x87\x87\x10\x00\x008\x15\xf7\x0f\xbei\xb2\xb1e\
9\x8f\xbf\xf2\x10\x02\x00\x00\xa7\xe2\xfe\xc1\xdf\x9alj\
Y\xcec\xcaC\x08\x00\x00\x9c\x8a\xfb\x07\xb3&\x1bZ\
\x96\xf3x\x98\x87\x10\x00\x008\x15\xf7\x0f\x1e4\xd9\xcc\
\xb2\x9c\xc7<\x0f!\x00\x00p*\xee\x1fLL6\xb2\
,\xe7\xf1\xf7<\x84\x00\x00\xc0\xa9\xb8\x7f\xf0\x17\x93M\
,\xcby|\x9b\x87\x10\x00\x008\x15\xf7\x0f\xfe\xd7d\
\x03\xcbr\x1e\x8f\xe3!\x04\x00\x00N\xc5\xfd\x83\x8f&\
\x9bW\x96\xf3x<\x0f!\x00\x00p*\xee\x1fx\x01\
\xb00\x0f!\x00\x00p*\xee\x1f\x1b7\xd9\xb4\xb2\x9c\
G\xcfC\x08\x00\x00\x9c\x8a\xfb\xc7\x86M6\xac,\xe7\
\xf14\x1eB\x00\x00\xe0T\xdc?6j\xb2Ye9\
\x8f\xa7\xf3\x10\x02\x00\x00\xa7\xe2\xfe\xb1A\x93\x8d*\xcb\
y|\x1f\x0f!\x00\x00p*\xee\x1f\x1b3\xd9\xa4\xb2\
\x9c\xc7\xf7\xf3\x10\x02\x00\x00\xa7\xe2\xfe\xb1!\x93\x0d*\
\xcby\x1c\x87\x87\x10\x00\x008\x15\xf7\x8f\x8d\x98lN\
Y\xce\xe3x<\x84\x00\x00\xc0\xa9\xb8\x7fl\xc0dc\
\xcar\x1e\xc7\xe5!\x04\x00\x00N\xc5\xfd\xe3\xccM6\
\xa5,\xe7q|\x1eB\x00\x00\xe0T\xdc?\xce\xd8d\
C\xcar\x1e\xcf\xc3C\x08\x00\x00\x9c\x8a\xfb\xc7\x99\x9a\
lFY\xce\xe3\xf9x\x08\x01\x00\x80Sq\xff8C\
\x93\x8d(\xcby</\x0f!\x00\x00p*\xee\x1fg\
f\xb2\x09e9\x8f\xe7\xe7!\x04\x00\x00N\xc5\xfd\xe3\
\x8cL6\xa0,\xe7q\x1a\x1eB\x00\x00\xe0T\xdc?\
\xce\xc4d\xf1\xcbr\x1e\xa7\xe3!\x04\x00\x00N\xc5\xfd\
\xe3\x0cL\x16\xbe,\xe7qZ\x1eB\x00\x00\xe0T\xdc\
?\x067Y\xf4\xb2\x9c\xc7\xe9y\x08\x01\x00\x80Sq\
\xff\x18\xd8d\xc1\xcbr\x1e\xcb\xf0\x10\x02\x00\x00\xa7\xe2\
\xfe1\xa8\xc9b\x97\xe5<\x96\xe3!\x04\x00\x00N\xc5\
\xfdc@\x93\x85.\xcby,\xebY\x1fBI\x92$\
I:U^\x02\x1c\xdfd\x91\xcbr\x1e\xcb\xf3\x12@\
\x92$I\xd2Y\xe4%\xc0qM\x16\xb8,\xe7\xb1\x0e\
^\x02H\x92$I:\x8b\xbc\x048\x9e\xc9\xe2\x96\xe5\
<\xd6\xc3K\x00I\x92$Ig\x91\x97\x00\xc71Y\
\xd8\xb2\x9c\xc7\xbax\x09 I\x92$\xe9,\xba\xbf\xd7\
\xe4}\x87\xd2dQ\xcbr\x1e\xeb\xe3%\x80$I\x92\
\xa4s(\xef:\x94rA\xdbr\x1e\xeb\xe4%\x80$\
I\x92\xa4\xd1\xcb{\x0e\xa5\x5c\xd0\xb6\x9c\xc7zy\x09\
 I\x92$i\xe4\xf2\x8eC)\x17\xb4-\xe7\xb1n\
^\x02H\x92$I\x1a\xb5\xbc\xdfP\xca\x05m\xcby\
\xac\x9f\x97\x00\x92$I\x92F,\xef6\x94rA\xdb\
r\x1ec\xf0\x12@\x92$I\xd2h\xe5\xbd\x86R.\
h[\xcec\x1c\x1f_\x02<\xb0\xa7\x92$I\x92\xb4\
\xc6\xf2NC)\x17\xb4-\xe71\x96\xdcOI\x92$\
IZky\x9f\xa1\x94\x0b\xda\x96\xf3\x18K\xee\xa7$\
I\x92$\xad\xb5\xbc\xcfP\xca\x05m\xcby\x8c%\xf7\
S\x92$I\x92\xd6Z\xdeg(\xe5\x82\xb6\xe5<\xc6\
\x92\xfb)I\x92$Ik-\xef3\x94rA\xdbr\
\x1ec\xc9\xfdl\xcby\x00\x00\x00s\xf2>\xd1\x96\xf3\
(\xe5\x82\xb6\xe5<\xc6\x92\xfb\xd9\x96\xf3\x00\x00\x00\xe6\
\xe4}\xa2-\xe7Q\xca\x05m\xcby\x8c%\xf7\xb3-\
\xe7\x01\x00\x00\xcc\xc9\xfbD[\xce\xa3\x94\x0b\xda\x96\xf3\
\x18K\xeeg[\xce\x03\x00\x00\x98\x93\xf7\x89\xb6\x9cG\
)\x17\xb4-\xe71\x96\xdc\xcf\xb6\x9c\x07\x00\x000'\
\xef\x13m9\x8fR.h[\xcec,\xb9\x9fm9\
\x0f\x00\x00`N\xde'\xdar\x1e\xa5\x5c\xd0\xb6\x9c\xc7\
Xr?\xdbr\x1e\x00\x00\xc0\x9c\xbcO\xb4\xe5<J\
\xb9\xa0m9\x8f\xb1\xe4~\xb6\xe5<\x00\x00\x809y\
\x9fh\xcby\x94rA\xdbr\x1ec\xc9\xfdl\xcby\
\x00\x00\x00s\xf2>\xd1\x96\xf3(\xe5\x82\xb6\xe5<\xc6\
\x92\xfb\xd9\x96\xf3\x00\x00\x00\xe6\xe4}\xa2-\xe7Q\xca\
\x05m\xcby\x8c%\xf7\xb3-\xe7\x01\x00\x00\xcc\xc9\xfb\
D[\xce\xa3\x94\x0b\xda\x96\xf3\x18K\xeeg[\xce\x03\
\x00\x00\x98\x93\xf7\x89\xb6\x9cG)\x17\xb4-\xe71\x96\
\xdc\xcf\xb6\x9c\x07\x00\x000'\xef\x13m9\x8fR.\
h[\xcec,\xb9\x9fm9\x0f\x00\x00`N\xde'\
\xdar\x1e\xa5\x5c\xd0\xb6\x9c\xc7Xr?\xdbr\x1e\x00\
\x00\xc0\x9c\xbcO\xb4\xe5<J\xb9\xa0m9\x8f\xb1\xe4\
~\xb6\xe5<\x00\x00\x809y\x9fh\xcby\x94rA\
\xdbr\x1ec\xc9\xfdl\xcby\x00\x00\x00s\xf2>\xd1\
\x96\xf3(\xe5\x82\xb6\xe5<\xc6\x92\xfb\xd9\x96\xf3\x00\x00\
\x00\xe6\xe4}\xa2-\xe7Q\xca\x05m\xcby\x8c%\xf7\
\xb3-\xe7\x01\x00\x00\xcc\xc9\xfbD[\xce\xa3\x94\x0b\xda\
\x96\xf3\x18K\xeeg[\xce\x03\x00\x00\x98\x93\xf7\x89\xb6\
\x9cG)\x17\xb4-\xe71\x96\xdc\xcf\xb6\x9c\x07\x00\x00\
0'\xef\x13m9\x8fR.h[\xcec,\xb9\x9f\
m9\x0f\x00\x00`N\xde'\xdar\x1e\xa5\x5c\xd0\xb6\
\x9c\xc7Xr?\xdbr\x1e\x00\x00\xc0\x9c\xbcO\xb4\xe5\
<J\xb9\xa0m9\x8f\xb1\xe4~\xb6\xe5<\x00\x00\x80\
9y\x9fh\xcby\x94rA\xdbr\x1ec\xc9\xfdl\
\xcby\x00\x00\x00s\xf2>\xd1\x96\xf3(\xe5\x82\xb6\xe5\
<\xc6\x92\xfb\xd9\x96\xf3\x00\x00\x00\xe6\xe4}\xa2-\xe7\
Q\xca\x05m\xcby\x8c%\xf7\xb3-\xe7\x01\x00\x00\xcc\
\xc9\xfbD[\xce\xa3\x94\x0b\xda\x96\xf3\x18K\xeeg[\
\xce\x03\x00\x00\x98\x93\xf7\x89\xb6\x9cG)\x17\xb4-\xe7\
1\x96\xdc\xcf\xb6\x9c\x07\x00\x000'\xef\x13m9\x8f\
R.h[\xcec,\xb9\x9fm9\x0f\x00\x00`N\
\xde'\xdar\x1e\xa5\x5c\xd0\xb6\x9c\xc7Xr?\xdbr\
\x1e\x00\x00\xc0\x9c\xbcO\xb4\xe5<J\xb9\xa0m9\x8f\
\xb1\xe4~\xb6\xe5<\x00\x00\x809y\x9fh\xcby\x94\
rA\xdbr\x1ec\xc9\xfdl\xcby\x00\x00\x00s\xf2\
>\xd1\x96\xf3(\xe5\x82\xb6\xe5<\xc6\x92\xfb\xd9\x96\xf3\
\x00\x00\x00\xe6\xe4}\xa2-\xe7Q\xca\x05m\xcby\x8c\
%\xf7\xb3-\xe7\x01\x00\x00\xcc\xc9\xfbD[\xce\xa3\x94\
\x0b\xda\x96\xf3\x18K\xeeg[\xce\x03\x00\x00\x98\x93\xf7\
\x89\xb6\x9cG)\x17\xb4-\xe71\x96\xdc\xcf\xb6\x9c\x07\
\x00\x000'\xef\x13m9\x8fR.h[\xcec,\
\xb9\x9fm9\x0f\x00\x00`N\xde'\xdar\x1e\xa5\x5c\
\xd0\xb6\x9c\xc7Xr?\xdbr\x1e\x00\x00\xc0\x9c\xbcO\
\xb4\xe5<J\xb9\xa0m9\x8f\xb1\xe4~\xb6\xe5<\x00\
\x00\x809y\x9fh\xcby\x94rA\xdbr\x1ec\xc9\
\xfdl\xcby\x00\x00\x00s\xf2>\xd1\x96\xf3(\xe5\x82\
\xb6\xe5<\xc6\x92\xfb\xd9\x96\xf3\x00\x00\x00\xe6\xe4}\xa2\
-\xe7Q\xca\x05m\xcby\x8c%\xf7\xb3-\xe7\x01\x00\
\x00\xcc\xc9\xfbD[\xce\xa3\x94\x0b\xda\x96\xf3\x18K\xee\
g[\xce\x03\x00\x00\x98\x93\xf7\x89\xb6\x9cG)\x17\xb4\
-\xe71\x96\xdc\xcf\xb6\x9c\x07\x00\x000'\xef\x13m\
9\x8fR.h[\xcec,\xb9\x9fm9\x0f\x00\x00\
`N\xde'\xdar\x1e\xa5\x5c\xd0\xb6\x9c\xc7Xr?\
\xdbr\x1e\x00\x00\xc0\x9c\xbcO\xb4\xe5<J\xb9\xa0m\
9\x8f\xb1\xe4~\xb6\xe5<\x00\x00\x809y\x9fh\xcb\
y\x94rA\xdbr\x1ec\xc9\xfdl\xcby\x00\x00\x00\
s\xf2>\xd1\x96\xf3(\xe5\x82\xb6\xe5<\xc6\x92\xfb\xd9\
\x96\xf3\x00\x00\x00\xe6\xe4}\xa2-\xe7Q\xca\x05m\xcb\
y\x8c%\xf7\xb3-\xe7\x01\x00\x00\xcc\xc9\xfbD[\xce\
\xa3\x94\x0b\xda\x96\xf3\x18K\xeeg[\xce\x03\x00\x00\x98\
\x93\xf7\x89\xb6\x9cG)\x17\xb4-\xe71\x96\xdc\xcf\xb6\
\x9c\x07\x00\x000'\xef\x13m9\x8fR.h[\xce\
c,\xb9\x9fm9\x0f\x00\x00`N\xde'\xdar\x1e\
\xa5\x5c\xd0\xb6\x9c\xc7Xr?\xdbr\x1e\x00\x00\xc0\x9c\
\xbcO\xb4\xe5<J\xb9\xa0m9\x8f\xb1\xe4~\xb6\xe5\
<\x00\x00\x809y\x9fh\xcby\x94rA\xdbr\x1e\
c\xc9\xfdl\xcbyL\xdd\xec/.n\xf6\xff\xf8\xe9\
f\x7f\xf9\xeav\x7f\xf9\xf3\x97\xee\xff\xdf_~\xee\x22\
\xff\x0c\x00\x00\x9c\xa3\xbcO\xb4\xe5<J\xb9\xa0m9\
\x8f\xb1\xe4~\xb6\xe5<>]\xf8\xef\xaew\xbf\xbc\xbf\
\xbe\xfc\xfd~\x8d>\xe4\x9a\xcd\xf4\xe1\xfd\xd5\xe5\x9f\x87\
?\xf7\xef\xfd\xc5>g\x02\x00\xc09x\xe0\xe3\xe0\xaa\
\x9cG)\x17\xb4-\xe71\x96\xdc\xcf\xb6\x9c\xb7e7\
\xfb\x1f_\x1e.\xf1\xb9FO\xea~\xce\xed\x8b\xcb\x9f\
\xf3\xef\x00\x00\x80\x91M>\xee-\xcby\x94rA\xdb\
r\x1ec\xc9\xfdl\xcby[t\xf8\x8c\xff\xfb\x17\x1f\
?\xdb?Y\x9f#\xf4\xd6W\x04\x00\x00p.\x1e\xf8\
x\xb7*\xe7Q\xca\x05m\xcby\x8c%\xf7\xb3-\xe7\
m\xcd\xdd\x7f_\xfct{\xbd\xbb\xc9u9r\x1f\xee\
^\x5c\xfe\x9f\xfc\xbb\x01\x00`4\x0f|\xac[\x95\xf3\
(\xe5\x82\xb6\xe5<\xc6\x92\xfb\xd9\x96\xf3\xb6\xe4p\xf9\
\x7f\xff\xf8\xef\xf1\xff\xee\xde]\xef~\xc9\xff\x1d\x00\x00\
`$\xf91n[\xce\xa3\x94\x0b\xda\x96\xf3\x18K\xee\
g[\xce\xdb\x8a\x9b\xfd\xc5\xfe\xfd\x09/\xff_\xba\xdd\
_\xbe\xca\xff]\x00\x00`\x14\xf9\xf1m[\xce\xa3\x94\
\x0b\xda\x96\xf3\x18K\xeeg[\xce\xdb\x82\xc3\xf7\xfc\x9f\
\xe0\xcb\xfe\xe7\xfa\xe0g\x02\x00\x000\xaa\x07>\xbe\xad\
\xcay\x94rA\xdbr\x1ec\xc9\xfdl\xcby[p\
\x7f\xf9\xffW\xae\xc3I\xbb\xba\xfc3\xffw\x02\x00\x80\
\x11L>\xb6-\xcby\x94rA\xdbr\x1ec\xc9\xfd\
l\xcby\xe7\xee\xf3\x97\xfeO\xd6\xe1o\xfa\xf0\xeez\
\xf7\xe6\xf0\xa5\xfb\xf9\x99\xfb\x8f\xbf=`\xff\xe3\xcb\xfb\
\xff\xff\xafo\xaf\xca\xaf(\xd8_\xbc\xfcz\x16\x00\x00\
\x8c`\xf2qmY\xce\xa3\x94\x0b\xda\x96\xf3\x18K\xee\
g[\xce;w\xb7W\x97\xbf\xe5\x1a\xccw\xf9\xe6p\
\xc9\xcf\x19s\xee\xaew\xbf\xbc\x7f\xec\xcf\x15\xf0U\x00\
\x00\x00\x0ch\xf2qmY\xce\xa3\x94\x0b\xda\x96\xf3\x18\
K\xeeg[\xce;g\xcdg\xffo_\x5c\xfe\x9c\x7f\
\xfe1\xaa\x1f.\xe8\xab\x00\x00\x00\x18\xcc\xe4c\xda\xb2\
\x9cG)\x17\xb4-\xe71\x96\xdc\xcf\xb6\x9cw\xce\x0e\
_\xaa\x9f\xff\xfe\x99^\xe7\x9fm\x1c\xbe-\xe0\x81\x99\
\x0ft\xf9{\xfeY\x00\x00X\xb3\xe9\xc7\xb4]9\x8f\
R.h[\xcec,\xb9\x9fm9\xef\x9c=\xe6'\
\xff\xdf\xbd\xd8\xfd\x9a\x7f\xee)\xeeg\xbd\xc9\xd9\x0f\xf4\
\xa1\xf9\x16\x03\x00\x00X\xda\x03\x1f\xd3V\xe5<J\xb9\
\xa0m9\x8f\xb1\xe4~\xb6\xe5\xbcsu\xb7\xbf\xf8)\
\xff\xed\x0f\x95?\xe8\xef\xa9>\xfe\x80\xc0G|+\xc0\
S\xbf\xd5\x00\x00\x00\x96\x90\x1f\xcf\xb6\xe5<J\xb9\xa0\
m9\x8f\xb1\xe4~\xb6\xe5\xbcs\xf5\xee\xd3\x0f\xe8\x9b\
\xfc\xfb\xbf\xeeX\x9f\xfd\xff\xe21\xdfrp\xec\xbf\x13\
\x00\x00\x9eS~<\xdb\x96\xf3(\xe5\x82\xb6\xe5<\xc6\
\x92\xfb\xd9\x96\xf3\xce\xd5\xe1\xa7\xee\xe7\xbf}\xd2\x91\x7f\
(\xdf\xe7\xaf\x02\x98\xfe=\x7f\xedC\xfe9\x00\x00X\
\xab\x07>\x9e\xad\xcay\x94rA\xdbr\x1ec\xc9\xfd\
l\xcby\xe7*\xff\xdd\x0f\xf4,\x17\xf1\xbb\xeb\xdd\xdb\
\x07\xfe\xae\xbft\xaco;\x00\x00\x80\xe7\x96\x1f\xcb\xb6\
\xe5<J\xb9\xa0m9\x8f\xb1\xe4~\xb6\xe5\xbcs\xf4\
\x98\xef\xff\xbf\xbd\xfa\xe1\x8f\xfcs\xc7\xf0\xee\x11?\x0c\
\xd0\xcf\x01\x00\x00`\x14\xf9\xb1l[\xce\xa3\x94\x0b\xda\
\x96\xf3\x18K\xeeg[\xce;G\xf7\x17\xecW\xf9\xef\
\xce\x0e\xdf\xaf\x9f\x7f\xee\x18n\xf7\x97?\xe7\xdf\x95\xbd\
\xbb\xbe|\x93\x7f\x0e\x00\x00\xd6(?\x96m\xcby\x94\
rA\xdbr\x1ec\xc9\xfdl\xcby\xe7\xe8Q\x9f\x85\
\xdf_\xbe\xca?w\x0cK~\xf5\x01\x00\x00\x1c[~\
,\xdb\x96\xf3(\xe5\x82\xb6\xe5<\xc6\x92\xfb\xd9\x96\xf3\
\xce\xd1\xed\x8b\xcb?\xf2\xdf=\xe9\xc8?\x00\xf0\x8b\xc7\
\xfc \xc0\xbb\xeb\xddM\xfe9\x00\x00X\xa3\xfcX\xb6\
-\xe7Q\xca\x05m\xcby\x8c%\xf7\xb3-\xe7\x9d\xa3\
\xc7\xfc\x06\x80\xe7\xfcA|\xf7\xf3?\xe4\xdf\x97\xe5\x9f\
\x01\x00\x805\xca\x8fc\xdbr\x1e\xa5\x5c\xd0\xb6\x9c\xc7\
Xr?\xdbr\xde9\xba\xbd\xda\xdd\xe4\xbf;\xcb?\
sL\x8f\xf9\xfb\x9f\xf3\x05\x04\x00\x00\x1cK~\x1c\xdb\
\x96\xf3(\xe5\x82\xb6\xe5<\xc6\x92\xfb\xd9\x96\xf3\xceQ\
\xfe\x9b\x1f\xe8Y~\x05\xe0\x17\x8f\xf9\x0a\x84\x9b\xfd\xc5\
O\xf9\xe7\x00\x00`m\xf2\xe3\xd8\xb6\x9cG)\x17\xb4\
-\xe71\x96\xdc\xcf\xb6\x9cwn\xd6\xf0=\xf8K\xfe\
\x0c\x02\x00\x008\xa6\xc9\xc7\xb1e9\x8fR.h[\
\xcec,\xb9\x9fm9\xef\xdc\xdc\xec/\xf6\xf9o~\
\xa0\xb7\xf9\xe7\x8e\xe9\xdd\xd5\xee\xb7\x07\xfe\xce\xbft\xfb\
\xe2\xf2\xe7\xfcs\x00\x00\xb06\xf9ql[\xce\xa3\x94\
\x0b\xda\x96\xf3\x18K\xeeg[\xce;7\x8fz\x01p\
u\xf9g\xfe\xb9c\xf2\x02\x00\x00\x80s\x91\x1f\xc7\xb6\
\xe5<J\xb9\xa0m9\x8f\xb1\xe4~\xb6\xe5\xbcss\
\xb7\xbf\xf8)\xff\xcd\x93\xbc\x00\x00\x00\x80G\xc9\x8fc\
\xdbr\x1e\xa5\x5c\xd0\xb6\x9c\xc7Xr?\xdbr\xde\xb9\
\xb9\xd9\xff\xf82\xff\xcd\x93\x9e\xfb\x05\xc0\xf5\xee\xcd\xe4\
\xef\x8c\xbc\x00\x00\x00`\x04\xf9ql[\xce\xa3\x94\x0b\
\xda\x96\xf3\x18K\xeeg[\xce;7+y\x01\xf0z\
\xf2wF^\x00\x00\x000\x82\xfc8\xb6-\xe7Q\xca\
\x05m\xcby\x8c%\xf7\xb3-\xe7\x9d\x1b\xdf\x02\x00\x00\
\x00\xc7\x93\x1f\xc7\xb6\xe5<J\xb9\xa0m9\x8f\xb1\xe4\
~\xb6\xe5\xbcs\xe3\x87\x00\x02\x00\xc0\xf1\xe4\xc7\xb1m\
9\x8fR.h[\xcec,\xb9\x9fm9\xef\xdc<\
\xe6\x05\xc0\xdd\xf5\xee&\xff\xdc1=\xea\x05\xc0\xfe\xf2\
U\xfe9\x00\x00X\x9b\xfc8\xb6-\xe7Q\xca\x05m\
\xcby\x8c%\xf7\xb3-\xe7\x9d\x9bQ^\x00\xbc\xdf_\
\xbc\xcc?\x07\x00\x00k3\xf98\xb6,\xe7Q\xca\x05\
m\xcby\x8c%\xf7\xb3-\xe7\x9d\xa3\xfc7g\xcf\xfd\
\x02\xe0\xf0-\x06\xf9wN\xf2\x02\x00\x00\x80\x01L>\
\x8e-\xcby\x94rA\xdbr\x1ec\xc9\xfdl\xcby\
\xe7\xe8\xfe\xdf\xf9!\xff\xddY\xfe\x99cz\xcc\x0b\x80\
\x7f\xef/\xf6\xf9\xe7\x00\x00`m\xf2\xe3\xd8\xb6\x9cG\
)\x17\xb4-\xe71\x96\xdc\xcf\xb6\x9cw\x8en\xafv\
7\xf9\xef\xcen\xf6\x17\x17\xf9\xe7\x8e\xe51\x7f\x7f\xfe\
\x19\x00\x00X\xa3\xfc8\xb6-\xe7Q\xca\x05m\xcby\
\x8c%\xf7\xb3-\xe7\x9d\xa3\xdb\x17\x97\x7f\xe4\xbf;{\
\xce\xcf\xc0\xe7\xdf\xf5@\x1f\xf2\xcf\x00\x00\xc0\x1a=\xf0\
\xb1lU\xce\xa3\x94\x0b\xda\x96\xf3\x18K\xeeg[\xce\
;G\xef\xaewo\xf2\xdf\x9d=\xd7O\xe1?|e\
A\xfe]\x93\x9e\xf9\xd7\x10\x02\x00\xc0\xb1L>\x96-\
\xcby\x94rA\xdbr\x1ec\xc9\xfdl\xcby\xe7\xe8\
\xdd\xf5\xee\x97\xfcwg\x87\xff\x99\xfcs\xc7p\xb3\xff\
\xf1e\xfe]\xd9\xbb\xeb\xcb7\xf9\xe7\x00\x00`\x8d\xf2\
c\xd9\xb6\x9cG)\x17\xb4-\xe71\x96\xdc\xcf\xb6\x9c\
w\x8e\xde/x\x09\xbf}q\xf9s\xfe]\xd9s\xbd\
|\x00\x00\x80c\xcb\x8fe\xdbr\x1e\xa5\x5c\xd0\xb6\x9c\
\xc7Xr?\xdbr\xde9z\xd4\x97\xe1_\xef\xde\xe6\
\x9f;\x86\xdb\xab\xcb\xdf\x1e\xf8\xbb\xfe\x9a_\x01\x08\x00\
\xc0 &\x1f\xcb\x96\xe5<J\xb9\xa0m9\x8f\xb1\xe4\
~\xb6\xe5\xbcs\xf5\x98\x9f\xc4\xff\x1c\xbf\x09\xe0\xf6\xfa\
\xdb\x7fo\xfe\x19\x00\x00X\xab\xfcX\xb6-\xe7Q\xca\
\x05m\xcby\x8c%\xf7\xb3-\xe7\x9d\xab\xc7\xfc \xc0\
c\x7f)\xfe\xdd\xfe\xe2\xa7\xfc;&\xf9\x01\x80\x00\x00\
\x0cd\xf2\xf1lY\xce\xa3\x94\x0b\xda\x96\xf3\x18K\xee\
g[\xce;W\x8f\xf99\x00\xc7\xbe\x8c?\xe6\xcb\xff\
\x8f\xfd\xd2\x01\x00\x00\x9eS~<\xdb\x96\xf3(\xe5\x82\
\xb6\xe5<\xc6\x92\xfb\xd9\x96\xf3\xce\xd5\xe7\x9f\x03\xf0!\
\xff\xfd\x93\x8e\xf4\xfd\xf8\xf7\x7f\xdf~2\xfb\x81\xfe}\
\xff?\x97\x7f\x16\x00\x00\xd6*?\x9em\xcby\x94r\
A\xdbr\x1ec\xc9\xfdl\xcby\xe7\xec\xdd\xd5\xee\x9b\
\x9f\x91\xbf\xbb\xde\xdd\x1c\xe3g\x01<\xe6{\xff\xdf?\
\xd3\x0f\x1e\x04\x00\x80\xe7\xf2\xc0\xc7\xb4U9\x8fR.\
h[\xcec,\xb9\x9fm9\xef\x9c=\xea\xdb\x00\x0e\
}\xe7\xb7\x02\xdc\xcf\xf8\xe7d\xe6\x03\x1d~E`\xfe\
Y\x00\x00X\xb3\xfc\x98\xb6-\xe7Q\xca\x05m\xcby\
\x8c%\xf7\xb3-\xe7\x9d\xbb\xf7W\xbb\xb7\xb9\x06\x0fw\
\xf9{\xfb\xe5\xf9\x87\xaf\x1c\xb8\xbd\xde\xfdk:k\xda\
\xb1\xbe\xd2\x00\x00\x00N)?\xaem\xcby\x94rA\
\xdbr\x1ec\xc9\xfdl\xcby\xe7\xeev\x7f\xf9s\xae\
\xc1\x5c\x87K\xfa\xe1\xb3\xf4\xdfz\x11p\xb8\xc8\xdf\xff\
\xcf\xfe\xf2\xc8/\xfb\xff\xd2\xeb\x9c\x03\x00\x00k\xf7\xc0\
\xc7\xb5U9\x8fR.h[\xcec,\xb9\x9fm9\
o\x0b\x1e\xffU\x00_uu\xf9\xe7\xfd%\xff\xd7w\
\xf7\x17\xf7/\x1d\xfe\xef\x87\xff\xf7\xf7\x8f\xf9\xe1\x82_\
ux\xb1\xf0\xad\x97\x0a\x00\x00\xb0F\xf9\xb1m[\xce\
\xa3\x94\x0b\xda\x96\xf3\x18K\xeeg[\xce\xdb\x82G\xff\
,\x80g\xca\xf7\xfe\x03\x000\xaa\xfc\xd8\xb6-\xe7Q\
\xca\x05m\xcby\x8c%\xf7\xb3-\xe7m\xc5\xfd\xbf\xfd\
M\xae\xc5)\xba{\xb1\xfb5\xffw\x01\x00\x80Q\xe4\
\xc7\xb7m9\x8fR.h[\xcec,\xb9\x9fm9\
oKn\xaf.\x7f\xcb\xf5x\xcen\xafv\xff\xe3\x07\
\xff\x01\x000\xb2\xfc\x18\xb7-\xe7Q\xca\x05m\xcby\
\x8c%\xf7\xb3-\xe7m\xcd\xa9^\x02\xb8\xfc\x03\x00p\
\x0e\xf2\xe3\xdc\xb6\x9cG)\x17\xb4-\xe71\x96\xdc\xcf\
\xb6\x9c\xb7E\xf7\xeb\xf0:\xd7\xe5\xb8]\xbeq\xf9\x07\
\x00\xe0\x1cL?\xd6\xed\xcay\x94rA\xdbr\x1ec\
\xc9\xfdl\xcby[u\x7fA\xdf\xdf^\xed\x8e\xfb\xd5\
\x00\x87\xdf\x10\xb0\xff\xf1e\xfe]\x00\x000\xaa\xc9\xc7\
\xbce9\x8fR.h[\xcec,\xb9\x9fm9o\
\xeb\xbe\xbc\x08\xb8\xef&\xd7\xea\x91}\xf8\xf8\xeb\x01]\
\xfc\x01\x008C\x0f|\xfc[\x95\xf3(\xe5\x82\xb6\xe5\
<\xc6\x92\xfb\xd9\x96\xf3\xf8\x8f\xbb\xfd\xc5O\xb7\xfb\xcb\
\x9f\xdf}\xfc\x8d\x01?\xfc\xfe\xf13\xfaW\xbb\xb7\x87\
\x97\x03\x1f_\x10\x1c\xfe\xef\xf7\xff\xef\x87\xff\xff\xf7\x97\
\xfe_\x5c\xfa\x01\x008wy\x9fh\xcby\x94rA\
\xdbr\x1ec\xc9\xfdl\xcby\x00\x00\x00s\xf2>\xd1\
\x96\xf3(\xe5\x82\xb6\xe5<\xc6\x92\xfb\xd9\x96\xf3\x00\x00\
\x00\xe6\xe4}\xa2-\xe7Q\xca\x05m\xcby\x8c%\xf7\
\xb3-\xe7\x01\x00\x00\xcc\xc9\xfbD[\xce\xa3\x94\x0b\xda\
\x96\xf3\x18K\xeeg[\xce\x03\x00\x00\x98\x93\xf7\x89\xb6\
\x9cG)\x17\xb4-\xe71\x96\xdc\xcf\xb6\x9c\x07\x00\x00\
0'\xef\x13m9\x8fR.h[\xcec,\xb9\x9f\
m9\x0f\x00\x00`N\xde'\xdar\x1e\xa5\x5c\xd0\xb6\
\x9c\xc7Xr?\xdbr\x1e\x00\x00\xc0\x9c\xbcO\xb4\xe5\
<J\xb9\xa0m9\x8f\xb1\xe4~\xb6\xe5<\x00\x00\x80\
9y\x9fh\xcby\x94rA\xdbr\x1ec\xc9\xfdl\
\xcby\x00\x00\x00s\xf2>\xd1\x96\xf3(\xe5\x82\xb6\xe5\
<\xc6\x92\xfb\xd9\x96\xf3\x00\x00\x00\xe6\xe4}\xa2-\xe7\
Q\xca\x05m\xcby\x8c%\xf7\xb3-\xe7\x01\x00\x00\xcc\
\xc9\xfbD[\xce\xa3\x94\x0b\xda\x96\xf3\x18K\xeeg[\
\xce\x03\x00\x00\x98\x93\xf7\x89\xb6\x9cG)\x17\xb4-\xe7\
1\x96\xdc\xcf\xb6\x9c\x07\x00\x000'\xef\x13m9\x8f\
R.h[\xcec,\xb9\x9fm9\x0f\x00\x00`N\
\xde'\xdar\x1e\xa5\x5c\xd0\xb6\x9c\xc7Xr?\xdbr\
\x1e\x00\x00\xc0\x9c\xbcO\xb4\xe5<J\xb9\xa0m9\x8f\
\xb1\xe4~\xb6\xe5<\x00\x00\x809y\x9fh\xcby\x94\
rA\xdbr\x1ec\xc9\xfdl\xcby\x00\x00\x00s\xf2\
>\xd1\x96\xf3(\xe5\x82\xb6\xe5<\xc6\x92\xfb\xd9\x96\xf3\
\x00\x00\x00\xe6\xe4}\xa2-\xe7Q\xca\x05m\xcby\x8c\
%\xf7\xb3-\xe7\x01\x00\x00\xcc\xc9\xfbD[\xce\xa3\x94\
\x0b\xda\x96\xf3\x18K\xeeg[\xce\x03\x00\x00\x98\x93\xf7\
\x89\xb6\x9cG)\x17\xb4-\xe71\x96\xdc\xcf\xb6\x9c\x07\
\x00\x000'\xef\x13m9\x8fR.h[\xcec,\
\xb9\x9fm9\x0f\x00\x00`N\xde'\xdar\x1e\xa5\x5c\
\xd0\xb6\x9c\xc7Xr?\xdbr\x1e\x00\x00\xc0\x9c\xbcO\
\xb4\xe5<J\xb9\xa0m9\x8f\xb1\xe4~\xb6\xe5<\x00\
\x00\x809y\x9fh\xcby\x94rA\xdbr\x1ec\xc9\
\xfdl\xcby\x00\x00\x00s\xf2>\xd1\x96\xf3(\xe5\x82\
\xb6\xe5<\xc6\x92\xfb\xd9\x96\xf3\x00\x00\x00\xe6\xe4}\xa2\
-\xe7Q\xca\x05m\xcby\x8c%\xf7\xb3-\xe7\x01\x00\
\x00\xcc\xc9\xfbD[\xce\xa3\x94\x0b\xda\x96\xf3\x18K\xee\
g[\xce\x03\x00\x00\x98\x93\xf7\x89\xb6\x9cG)\x17\xb4\
-\xe71\x96\xdc\xcf\xb6\x9c\x07\x00\x000'\xef\x13m\
9\x8fR.h[\xcec,\xb9\x9fm9\x0f\x00\x00\
`N\xde'\xdar\x1e\xa5\x5c\xd0\xb6\x9c\xc7Xr?\
\xdbr\x1e\x00\x00\xc0\x9c\xbcO\xb4\xe5<J\xb9\xa0m\
9\x8f\xb1\xe4~\xb6\xe5<\x00\x00\x809y\x9fh\xcb\
y\x94rA\xdbr\x1ec\xc9\xfdl\xcby\x00\x00\x00\
s\xf2>\xd1\x96\xf3(\xe5\x82\xb6\xe5<\xc6\x92\xfb\xd9\
\x96\xf3\x00\x00\x00\xe6\xe4}\xa2-\xe7Q\xca\x05m\xcb\
y\x8c%\xf7\xb3-\xe7\x01\x00\x00\xcc\xc9\xfbD[\xce\
\xa3\x94\x0b\xda\x96\xf3\x18K\xeeg[\xce\x03\x00\x00\x98\
\x93\xf7\x89\xb6\x9cG)\x17\xb4-\xe71\x96\xdc\xcf\xb6\
\x9c\x07\x00\x000'\xef\x13m9\x8fR.h[\xce\
c,\xb9\x9fm9\x0f\x00\x00`N\xde'\xdar\x1e\
\xa5\x5c\xd0\xb6\x9c\xc7Xr?\xdbr\x1e\x00\x00\xc0\x9c\
\xbcO\xb4\xe5<J\xb9\xa0m9\x8f\xb1\xe4~\xb6\xe5\
<\x00\x00\x809y\x9fh\xcby\x94rA\xdbr\x1e\
c\xc9\xfdl\xcby\x00\x00\x00s\xf2>\xd1\x96\xf3(\
\xe5\x82\xb6\xe5<\xc6\x92\xfb\xd9\x96\xf3\x00\x00\x00\xe6\xe4\
}\xa2-\xe7Q\xca\x05m\xcby\x8c%\xf7\xb3-\xe7\
\x01\x00\x00\xcc\xc9\xfbD[\xce\xa3\x94\x0b\xda\x96\xf3\x18\
K\xeeg[\xce\x03\x00\x00\x98\x93\xf7\x89\xb6\x9cG)\
\x17\xb4-\xe71\x96\xdc\xcf\xb6\x9c\x07\x00\x000'\xef\
\x13m9\x8fR.h[\xcec,\xb9\x9fm9\x0f\
\x00\x00`N\xde'\xdar\x1e\xa5\x5c\xd0\xb6\x9c\xc7X\
r?\xdbr\x1e\x00\x00\xc0\x9c\xbcO\xb4\xe5<J\xb9\
\xa0m9\x8f\xb1\xe4~\xb6\xe5<\x00\x00\x809y\x9f\
h\xcby\x94rA\xdbr\x1ec\xc9\xfdl\xcby\x00\
\x00\x00s\xf2>\xd1\x96\xf3(\xe5\x82\xb6\xe5<\xc6\x92\
\xfb\xd9\x96\xf3\x00\x00\x00\xe6\xe4}\xa2-\xe7Q\xca\x05\
m\xcby\x8c%\xf7\xb3-\xe7\x01\x00\x00\xcc\xc9\xfbD\
[\xce\xa3\x94\x0b\xda\x96\xf3\x18K\xeeg[\xce\x03\x00\
\x00\x98\x93\xf7\x89\xb6\x9cG)\x17\xb4-\xe71\x96\xdc\
\xcf\xb6\x9c\x07\x00\x000'\xef\x13m9\x8fR.h\
[\xcec,\xb9\x9fm9\x0f\x00\x00`N\xde'\xda\
r\x1e\xa5\x5c\xd0\xb6\x9c\xc7Xr?\xdbr\x1e\x00\x00\
\xc0\x9c\xbcO\xb4\xe5<J\xb9\xa0m9\x8f\xb1\xe4~\
\xb6\xe5<\x00\x00\x809y\x9fh\xcby\x94rA\xdb\
r\x1ec\xc9\xfdl\xcby\x00\x00\x00s\xf2>\xd1\x96\
\xf3(\xe5\x82\xb6\xe5<\xc6\x92\xfb\xd9\x96\xf3\x00\x00\x00\
\xe6\xe4}\xa2-\xe7Q\xca\x05m\xcby\x8c%\xf7\xb3\
-\xe7\x01\x00\x00\xcc\xc9\xfbD[\xce\xa3\x94\x0b\xda\x96\
\xf3\x18K\xeeg[\xce\x03\x00\x00\x98\x93\xf7\x89\xb6\x9c\
G)\x17\xb4-\xe71\x96\xdc\xcf\xb6\x9c\x07\x00\x000\
'\xef\x13m9\x8fR.h[\xcec,\xb9\x9fm\
9\x0f\x00\x00`N\xde'\xdar\x1e\xa5\x5c\xd0\xb6\x9c\
\xc7Xr?\xdbr\x1e\x00\x00\xc0\x9c\xbcO\xb4\xe5<\
J\xb9\xa0m9\x8f\xb1\xe4~\xb6\xe5<\x00\x00\x809\
y\x9fh\xcby\x94rA\xdbr\x1ec\xc9\xfdl\xcb\
y\x00\x00\x00s\xf2>\xd1\x96\xf3(\xe5\x82\xb6\xe5<\
\xc6\x92\xfb\xd9\x96\xf3\x00\x00\x00\xe6\xe4}\xa2-\xe7Q\
\xca\x05m\xcby\x8c%\xf7\xb3-\xe7\x01\x00\x00\xcc\xc9\
\xfbD[\xce\xa3\x94\x0b\xda\x96\xf3\x18K\xeeg[\xce\
\x03\x00\x00\x98\x93\xf7\x89\xb6\x9cG)\x17\xb4-\xe71\
\x96\xdc\xcf\xb6\x9c\x07\x00\x000'\xef\x13m9\x8fR\
.h[\xcec,\xb9\x9fm9\x0f\x00\x00`N\xde\
'\xdar\x1e\xa5\x5c\xd0\xb6\x9c\xc7Xr?\xdbr\x1e\
\x00\x00\xc0\x9c\xbcO\xb4\xe5<J\xb9\xa0m9\x8f\xb1\
\xe4~\xb6\xe5<\x00\x00\x809y\x9fh\xcby\x94r\
A\xdbr\x1ec\xc9\xfdl\xcby\x00\x00\x00s\xf2>\
\xd1\x96\xf3(\xe5\x82\xb6\xe5<\xc6\x92\xfb\xd9\x96\xf3\x00\
\x00\x00\xe6\xe4}\xa2-\xe7Q\xca\x05m\xcby\x8c%\
\xf7\xb3-\xe7\x01\x00\x00\xcc\xc9\xfbD[\xce\xa3\x94\x0b\
\xda\x96\xf3\x18K\xeeg[\xce\x03\x00\x00\x98\x93\xf7\x89\
\xb6\x9cG)\x17\xb4-\xe71\x96\xdc\xcf\xb6\x9c\x07\x00\
\x000'\xef\x13m9\x8fR.h[\xcec,\xb9\
\x9fm9\x0f\x00\x00`N\xde'\xdar\x1e\xa5\x5c\xd0\
\xb6\x9c\xc7Xr?\xdbr\x1e\x00\x00\xc0\x9c\xbcO\xb4\
\xe5<J\xb9\xa0m9\x8f\xb1\xe4~\xb6\xe5<\x00\x00\
\x809y\x9fh\xcby\x94rA\xdbr\x1ec\xc9\xfd\
l\xcby\x00\x00\x00s\xf2>\xd1\x96\xf3(\xe5\x82\xb6\
\xe5<\xc6\x92\xfb\xd9\x96\xf3\x00\x00\x00\xe6\xe4}\xa2-\
\xe7Q\xca\x05m\xcby\x8c%\xf7\xb3-\xe7\x01\x00\x00\
\xcc\xc9\xfbD[\xce\xa3\x94\x0b\xda\x96\xf3\x18K\xeeg\
[\xce\x03\x00\x00\x98\x93\xf7\x89\xb6\x9cG)\x17\xb4-\
\xe71\x96\xdc\xcf\xb6\x9c\x07\x00\x000'\xef\x13m9\
\x8fR.h[\xcec,\xb9\x9fm9\x0f\x00\x00`\
N\xde'\xdar\x1e\xa5\x5c\xd0\xb6\x9c\xc7Xr?\xdb\
r\x1e\x00\x00\xc0\x9c\xbcO\xb4\xe5<J\xb9\xa0m9\
\x8f\xb1\xe4~\xb6\xe5<\x00\x00\x809y\x9fh\xcby\
\x94rA\xdbr\x1ec\xc9\xfdl\xcby\x00\x00\x00s\
\xf2>\xd1\x96\xf3(\xe5\x82\xb6\xe5<\xc6\x92\xfb\xd9\x96\
\xf3\x00\x00\x00\xe6\xe4}\xa2-\xe7Q\xca\x05m\xcby\
\x8c%\xf7\xb3-\xe7\x01\x00\x00\xcc\xc9\xfbD[\xce\xa3\
\x94\x0b\xda\x96\xf3\x18K\xeeg[\xce\x03\x00\x00\x98\x93\
\xf7\x89\xb6\x9cG)\x17\xb4-\xe71\x96\xdc\xcf\xb6\x9c\
\x07\x00\x000'\xef\x13m9\x8fR.h[\xcec\
,\xb9\x9fm9\x0f\x00\x00`N\xde'\xdar\x1e\xa5\
\x5c\xd0\xb6\x9c\xc7Xr?\xdbr\x1e\x00\x00\xc0\x9c\xbc\
O\xb4\xe5<J\xb9\xa0m9\x8f\xb1\xe4~\xb6\xe5<\
\x00\x00\x809y\x9fh\xcby\x94rA\xdbr\x1ec\
\xc9\xfdl\xcby\x00\x00\x00s\xf2>\xd1\x96\xf3(\xe5\
\x82\xb6\xe5<\xc6\x92\xfb\xd9\x96\xf3\x00\x00\x00\xe6\xe4}\
\xa2-\xe7Q\xca\x05m\xcby\x8c%\xf7\xb3-\xe7\x01\
\x00\x00\xcc\xc9\xfbD[\xce\xa3\x94\x0b\xda\x96\xf3\x18K\
\xeeg[\xce\x03\x00\xe0\xf9\xdc\xec/\xf6\x9f\xfa\xc7O\
\xf7\xff\xdf\x97\xb7\xfb\xcb\x9f\x0f\xdd]\xef~yw\xbd\
{\xfd\xee\xfa\xf2\xcd\xfd\xff\xf9\xd7\xf7\xd7\x97\xbf\xbf\xbf\
\xba\xfc\xf3\xfe\x7f\xe6\xa7\x9c\x01K\xca\xfbD[\xce\xa3\
\x94\x0b\xda\x96\xf3\x18K\xeeg[\xce\x03\x00`\xde\xfd\
\x85\xfc\xe2\xa1\x0b\xfc\xa7\xcb\xfb\xee\xf5\xe1\xf2\xfe\xf1\x02\
\x7f\x7fy?t{\xb5\xbb9\x94\x1f\x83=\xb6\xdb\x17\
\x97?\xe7\xff\x0e\xb0\xa4<\xa3m9\x8fR.h[\
\xcec,\xb9\x9fm9\x0f\x96\xf6\xe5\x03)\xe9\xb9:\
|\xc0\xfe\x9f>~\x00\xff\xf1\xb3qy\x16\x81m\xf9\
t\xb1?\xfc7\xe1\xf2\xd5\x97\xcf\xc6\xff\xe73\xf1\xbb\
\xb7\xdfs\x89\xff\x9e\xbc\x00`m\xf2\x8c\xb6\xe5<J\
\xb9\xa0m9\x8f\xb1\xe4~\xb6\xe5<XZ\x9eQ\xe9\
\xd4}\xfc \xff\xfe\x83\xfd\xc3g\xee\x0e\x1f\xfc\x7f\xfe\
r\xdc_\x0e\x97\x82\xcf/\x0e\xf6yn\x811|\xb9\
\xe4\x1f^\x06\x1e\x9e\xed/\x97\xfb\xfbg\xffC\xfe\xb7\
`-\x1d^D\xe4\xbf\x03\x96\x94g\xb4-\xe7Q\xca\
\x05m\xcby\x8c%\xf7\xb3-\xe7\xc1\xd2\xf2\x8cJk\
\xed\xd3\x8b\x82\xcb?\xff\xfa\x82\xe0\x1f\xbeW\x17V\xe0\
\xcbE\xff\xd3g\xf2\xef/\xfa\x87/\xc7_\xf1%\xff\
\xef\xba{\xb1\xfb5\xff}\xb0\xa4<\xa3m9\x8fR\
.h[\xcec,\xb9\x9fm9\x0f\x96\x96gT\x1a\
\xb2\x8f\x9fQ\xbc\xfc\xfd\xd3\x8b\x81\x8f_5p\x91g\
\x1d8\x9e/\x97\xfd\xc3W\xed,\xf5\xa5\xfa\xcf\x95\x17\
\x00\xacM\x9e\xd1\xb6\x9cG)\x17\xb4-\xe71\x96\xdc\
\xcf\xb6\x9c\x07K\xcb3*\x9dMW\xbb\xb7w/.\
\x7f=|?\xaf\xaf\x14\x80\xa7\xfb\xf4\xd9\xfd\x1f_\x8e\
\xfe\x99\xfdGw\xffo\xcc5\x80%M\xcehY\xce\
\xa3\x94\x0b\xda\x96\xf3\x18K\xeeg[\xce\x83\xa5\xe5\x19\
\x95\xce\xb5\xbb\xeb\xc3g)/\x7f?\xbc\x10\xf8\xb7\x9f\
+\x00\x7f\xebp\xe1\xbf\x7fn\xfe\xf9\xf9\xc2?y\x9e\
\xce\xb9\xc3\x7f+r=`IyF\xdbr\x1e\xa5\x5c\
\xd0\xb6\x9c\xc7Xr?\xdbr\x1e,-\xcf\xa8\xb4\x95\
\x0e\x1f\xe4\x1f\xbeB\xe0\xf0-\x03\xf9\x5c\xc0\xd6\x1c>\
\xcb\x7f\xf8A}\x9f~\x0a\xff\x99\x7f\x86\xff\xdb}\xc8\
\xf5\x81%=pF\xabr\x1e\xa5\x5c\xd0\xb6\x9c\xc7X\
r?\xdbr\x1e,-\xcf\xa8\xb4\xd1>|z\x19\xf0\
\xf17\x0f\xf8\xf9\x01l\xc2\xe1\xac\x1f\xbe\x8f\x7f\x8b\x9f\
\xe5\xffV\xb9V\xb0\xa4<\x9fm9\x8fR.h[\
\xcec,\xb9\x9fm9\x0f\x96\x96gT\xd2\xe1\x87\x80\
}z\x19\x90\xcf\x0b\x8c\xce\xa5\xffq\xf96!\xd6$\
\xcfg[\xce\xa3\x94\x0b\xda\x96\xf3\x18K\xeeg[\xce\
\x83\xa5\xe5\x19\x95\xf4\x9f\xfe\xf3m\x02~\x88 c\xfb\
\xf8=\xfd[\xf8\x01~G\xeaf\x7f\xe1\x99g5\xf2\
|\xb6\xe5<J\xb9\xa0m9\x8f\xb1\xe4~\xb6\xe5<\
XZ\x9eQI3]\xed\xde\x1e~\x80`>C\xb0\
V\x87\xcf\xf6\xbf?\xfc ?\x97\xfe\xba[_\x01\xc4\
\x8a\xe4\xf9l\xcby\x94rA\xdbr\x1ec\xc9\xfdl\
\xcby\xb0\xb4<\xa3\x92\xfe\xbe/_\x15\xe0K\x84Y\
\xab\xaf>\xdb?9\xbfz\x5c^\xf6\xb1&y>\xdb\
r\x1e\xa5\x5c\xd0\xb6\x9c\xc7Xr?\xdbr\x1e,-\
\xcf\xa8\xa4\xc7\xe7E\x00k\xe2\xe2\x7f\xbc\xde]\xef~\
\xc9\xf5\x85\xa5\xe4\xf9l\xcby\x94rA\xdbr\x1ec\
\xc9\xfdl\xcby\xb0\xb4<\xa3\x92\xfa\xbc\x08`I\x87\
\xcfV\xdf^\xefn\xf2\x5c\xea\xe9\xbd\xbb\xbe|\x93\xeb\
\x0cK\xc9\xf3\xd9\x96\xf3(\xe5\x82\xb6\xe5<\xc6\x92\xfb\
\xd9\x96\xf3`iyF%==/\x028%\x17\xff\
\xe7\xeb\xee\xc5\xee\xd7\x5coXJ\x9e\xcf\xb6\x9cG)\
\x17\xb4-\xe71\x96\xdc\xcf\xb6\x9c\x07K\xcb3*\xe9\
\xfb\xf3\x22\x80\xe7\xe4K\xfd\x9f\xbf\xdb\xab\x1f\xfe\xc8u\
\x87\xa5\xe4\xf9l\xcby\x94rA\xdbr\x1ec\xc9\xfd\
l\xcby\xb0\xb4<\xa3\x92\x8e\xda?\xf3\x99\x83\xa7\xba\
\xd9_\xec]\xfcO\xd6\xdb\x5c\x7fX\xca\x03\xe7\xb3*\
\xe7Q\xca\x05m\xcby\x8c%\xf7\xb3-\xe7\xc1\xd2\xf2\
\x8cJ:n\x87\xdf\x1a\xe0'\x8a\xf3=\xbe\xfau~\
\x93\xf3\xa5\xe7\xe9\xf0\xdc\xe6>\xc0R\xf2|\xb6\xe5<\
J\xb9\xa0m9\x8f\xb1\xe4~\xb6\xe5<XZ\x9eQ\
I\xcf\x93o\x0b\xe0)\x0e_\xee\xef\xfb\xfc\x97)\xf7\
\x02\x96\x92g\xb3-\xe7Q\xca\x05m\xcby\x8c%\xf7\
\xb3-\xe7\xc1\xd2\xf2\x8cJz\xbe|5\x00\x8f\xf5\xf1\
\xb3\xfe/.\x7f\xcf3\xa4\xd3u\xd8\x83\xdc\x17XB\
\x9e\xcd\xb6\x9cG)\x17\xb4-\xe71\x96\xdc\xcf\xb6\x9c\
\x07K\xcb3*\xe9\xf9\xf3\xd5\x00\xfc\x1d\x9f\xf5_G\
\x9eQ\xd6\x22\xcff[\xce\xa3\x94\x0b\xda\x96\xf3\x18K\
\xeeg[\xce\x83\xa5\xe5\x19\x95t\x9a|5\x00\xe9\xf0\
\x19\xe7\xfb\x8b\xff\xbf\xf2\xach\xa1\xf6\x17/s\x8f`\
\x09\x93\xb3Y\x96\xf3(\xe5\x82\xb6\xe5<\xc6\x92\xfb\xd9\
\x96\xf3`iyF%\x9d\xb6\xdb\xeb\x1f\xff\x95\xcf%\
\xdbs\xf8\x09\xff\xf7\x97\xff\xff\xc9\xf3\xa1\xe5\xf2\x82\x8e\
\xb5\xc8\xb3\xd9\x96\xf3(\xe5\x82\xb6\xe5<\xc6\x92\xfb\xd9\
\x96\xf3`iyF%\x9d\xbe\xc3W\x03\xf8r\xe3\xed\
\xba\xbfh\xbe\xba?\x07\x1f\xf2\x5ch\xd9\xbc\x00`-\
\xf2l\xb6\xe5<J\xb9\xa0m9\x8f\xb1\xe4~\xb6\xe5\
<XZ\x9eQI\xcbtx\x09\xe0K\x8e\xb7\xe7\xbd\
_\xef\xb7\xda\xde]\xef^\xe7~\xc1\x12\xf2l\xb6\xe5\
<J\xb9\xa0m9\x8f\xb1\xe4~\xb6\xe5<XZ\x9e\
QI\x8b\xf7\xcf|N9Ow\xd7\x97\xbf>\xb0\xff\
ZIw/v\xbf\xe6\x9e\xc1\x12\xf2l\xb6\xe5<J\
\xb9\xa0m9\x8f\xb1\xe4~\xb6\xe5<XZ\x9eQI\
\xab\xc8K\x803\xf6\xf9\x87\xfd\xf9~\xff\x95\xe7\x05\x00\
k\x91g\xb3-\xe7Q\xca\x05m\xcby\x8c%\xf7\xb3\
-\xe7\xc1\xd2\xf2\x8cJZK\x97\xbf\xfb=\xe4\xe7\xe7\
\xf3\x0f\xfb\xbb\x99\xee\xb7V\xd7\xd5\xe5\x9f\xb9\x7f\xb0\x84\
\xc9\xd9,\xcby\x94rA\xdbr\x1ec\xc9\xfdl\xcb\
y\xb0\xb4<\xa3\x92V\xd4\xd5\xee\xad\x97\x00\xe7\xc3\xe5\
\x7f\xac\x0e?\x97#\xf7\x10\x96\x90g\xb3-\xe7Q\xca\
\x05m\xcby\x8c%\xf7\xb3-\xe7\xc1\xd2\xf2\x8cJZ\
W~C\xc0yp\xf9\x1f\xb2\x0f\xb9\x8f\xb0\x84\x07\xce\
fU\xce\xa3\x94\x0b\xda\x96\xf3\x18K\xeeg[\xce\x83\
\xa5\xe5\x19\x95\xb4\xbe\xbc\x04\x18\x9b\xcb\xff\xb8\xe5^\xc2\
\x12\xf2\x5c\xb6\xe5<J\xb9\xa0m9\x8f\xb1\xe4~\xb6\
\xe5<XZ\x9eQI\xeb\xccK\x801\xf9\x81\x7fc\
\xe7\x99c\x0d\xf2\x5c\xb6\xe5<J\xb9\xa0m9\x8f\xb1\
\xe4~\xb6\xe5<XZ\x9eQI\xeb\xcdK\x80\xf1\xbc\
\x7fq\xf9{\xee\xa3\xc6\xe9f\x7f\xf1S\xee)\x9cZ\
\x9e\xcb\xb6\x9cG)\x17\xb4-\xe71\x96\xdc\xcf\xb6\x9c\
\x07K\xcb3*i\xe5\xf9\xc1\x80\xc3\xb8\xdf\xaf\x7fN\
\xf6OCu\xbb\xbf|\x95\xfb\x0a\xa7\x96\xe7\xb2-\xe7\
Q\xca\x05m\xcby\x8c%\xf7\xb3-\xe7\xc1\xd2\xf2\x8c\
J\x1a \xbf\x9el\xf5\xde\xbb\xfc\x9fE\xb7/.\x7f\
\xce\xbd\x85S\xcbs\xd9\x96\xf3(\xe5\x82\xb6\xe5<\xc6\
\x92\xfb\xd9\x96\xf3`iyF%\x8d\xd1\xdd\xf5\xe5\xaf\
\xf9<\xb3\x0ew\xff}\xf1S\xee\x97\xc6\xec\xdd\xf5\xee\
\x97\xdc_8\xb5<\x97m9\x8fR.h[\xcec\
,\xb9\x9fm9\x0f\x96\x96gT\xd2P\xfd3\x9fi\
\x96\xe5'\xfe\x9fW\xef\xae/\xdf\xe4\x1e\xc3\xa9\xe5\xb9\
l\xcby\x94rA\xdbr\x1ec\xc9\xfdl\xcby\xb0\
\xb4<\xa3\x92\xc6\xea\xee\xc5\xe5\xff\xc9\xe7\x9a\xe5\x1c\xbe\
=#\xf7H\xe3v\xf7b\xe7+mX\x5c\x9e\xcb\xb6\
\x9cG)\x17\xb4-\xe71\x96\xdc\xcf\xb6\x9c\x07K\xcb\
3*i\xb8>\xdc\xed\xff\xe1'\x95\xaf\xc0{\xdf\xf7\
\x7fv\xdd^\xfd\xf0G\xee3\x9cZ\x9e\xcb\xb6\x9cG\
)\x17\xb4-\xe71\x96\xdc\xcf\xb6\x9c\x07K\xcb3*\
i\xbc\x0e\xbf\x1e\xd0o\x06X\xd6\xe1K\xffs_t\
\x16\xbd\xcd\xbd\x86S{\xe0\x5cV\xe5<J\xb9\xa0m\
9\x8f\xb1\xe4~\xb6\xe5<XZ\x9eQI\xa3v\xf9\
{>\xdf\x9c\x8e\xef\xfb?\xcf\x0e/\xd7r\xaf\xe1\xd4\
\xf2\x5c\xb6\xe5<J\xb9\xa0m9\x8f\xb1\xe4~\xb6\xe5\
<XZ\x9eQI\xe3\xe6'\x96/\xe3\xbd/\xfd?\
\xebr\xbf\xe1\xd4\xf2L\xb6\xe5<J\xb9\xa0m9\x8f\
\xb1\xe4~\xb6\xe5<XZ\x9eQIC\xe7\xe7\x01\x9c\
\x98/\xfd\x1f\xbb\xdb\xab\xdd\xcd\xa1\xf7W\xbb\xb7\x87\x1f\
\xe0xw\xbd\xfb\xf5\xd0\xbb\xeb\xdd\xebC\xb7\xfb\xcb\x9f\
s\xcf\xe1\xd4\xf2\xdc\xb6\xe5<J\xb9\xa0m9\x8f\xb1\
\xe4~\xb6\xe5<XZ\x9eQI\x83w\xe5{\x96O\
\xe9\xfd\xf5\x0f\xbfO\xf6@'\xed?\x97\xf8\xc3o`\
\xf8\xe1\xf7\xcf\x17\xf87\x87\x0b\xfc\xfd\xff\xf9\x97\xc3%\
\xfe\xbeW\xef\xf7?\xbe\xfc\xf7\xfeb\x7f\xc8\xcf\xcc`\
$y\xe6\xdbr\x1e\xa5\x5c\xd0\xb6\x9c\xc7Xr?\xdb\
r\x1e,-\xcf\xa8\xa4\xf1;\x5c|\xf2Y\xe7\xf8n\
_\x5c\xfe\x9ck\xaf\xa3\xf7\xe1\xf0R\xeb\xcbg\xe5\xbf\
\x5c\xe6]\xe2\xd9\x92\x07\x9e\x8b\xaa\x9cG)\x17\xb4-\
\xe71\x96\xdc\xcf\xb6\x9c\x07K\xcb3*\xe9<\xf2\xad\
\x00\xcf\xcf\x0f\xfe;n\x87\xcf\xe2\x7f\xfe\x12\xfc\xc3g\
\xed_\xb9\xe0\xc3'\xf9\xac\xb4\xe5<J\xb9\xa0m9\
\x8f\xb1\xe4~\xb6\xe5<XZ\x9eQIg\xd2\xd5\xe5\
\x9f\xf9\xbcs<>\xfb\x7f\x84\xee\xcf\xe8\xe1K\xf5\x0f\
_\x9a\xef\xb2\x0f\xf3&\xcfNY\xce\xa3\x94\x0b\xda\x96\
\xf3\x18K\xeeg[\xce\x83\xa5\xe5\x19\x95t>\xf9\xad\
\x00\xcf\xe3\xf0\x83\xff|\xf6\xffI}8|\x86\xff\xf0\
e\xfc.\xfc\xf0x\x0f<KU9\x8fR.h[\
\xcec,\xb9\x9fm9\x0f\x96\x96gT\xd2Y\xf5\xc1\
E\xeb\xf8\xde\xfb\xb5\x7f]\x87\x1f\xce\xe7\xb3\xfc\xf0d\
\x93g\xaa,\xe7Q\xca\x05m\xcby\x8c%\xf7\xb3-\
\xe7\xc1\xd2\xf2\x8cn\xa1\xc3gE\xbf\xfc$h=\xad\
\xbb\xfd\xc5O\x87\x0f\xe8\x0f\x1d\xbeW\xf7\xf0\x19\xbd\xc3\
\xf7\xed~\xfe\xa9\xdb\xbf~\xfc\x80\xff\xf0k\xb5\x0e?\
\xc0\xeb\x81=\xd0\xe9\xba\xbd\xfe\xf1_\xf9\xdc\xf3t>\
\xfb\xff\xe8\x0e\xcf\xfek\x97~\xf8~\x0f<_U9\
\x8fR.h[\xcec,\xb9\x9fm9\x0f\x96\x96g\
t\x0b\x1d\xbew7\xd7\x81\xe7s\xb8\x00|yQp\
xA\xf0\xf1\xd7\xa6}z90\xd9\x1b=O~ \
\xe0\xf1\x1c^t\xe5\xfa\xea\xab\xae.\xff<<\xeb\xb9\
n\xc0\xd3M\x9e\xb3\xb2\x9cG)\x17\xb4-\xe71\x96\
\xdc\xcf\xb6\x9c\x07K\xcb3\xba\x85\xbc\x00X\x87//\
\x06>]\xa8~\xf8\xfd\xe3\xef\xf1~`\xbft\x84\xfc\
@\xc0\xa3\xf1\xd9\xff\x87\xbb;\xac\xcb\xfd\xf3\x9c\xeb\x05\
|\xbf|\xde\xdar\x1e\xa5\x5c\xd0\xb6\x9c\xc7Xr?\
\xdbr\x1e,-\xcf\xe8\x16\xf2\x02`\xbd\x0e\xdfZ\xf0\
\xf1\x85\xc0\xe1[\x08\x1e\xd8;}G\xfb\x8b\x97\xb9\xde\
t\xfc\xe4\xff\x07\xfb\xf8\xa5\xfe\xb9V\xc0\xf1<\xf0\xdc\
U\xe5<J\xb9\xa0m9\x8f\xb1\xe4~\xb6\xe5<X\
Z\x9e\xd1-\xe4\x05\xc0\x18\x0e_!p\xf8\xd9\x02\x1f\
\xbfe\xe0\x81}T\x99\xaf\x02\xf8n>\xfb\x1f\xdd\x9f\
\xa9\xc3\xcf\x04\xc9u\x02\x8ek\xf2\xec\x95\xe5<J\xb9\
\xa0m9\x8f\xb1\xe4~\xb6\xe5<XZ\x9e\xd1-\xe4\
\x05\xc0x\xfe\xf7e\x80\xaf\x0c\xf8\xbe|\x15\xc0\x93\xdd\
\x1c~\xe8e\xae\xe7\x86;|\xa5N\xae\x11\xf0<\xf2\
\xf9k\xcby\x94rA\xdbr\x1ec\xc9\xfdl\xcby\
\xb0\xb4<\xa3[\xc8\x0b\x80\xb1}\xfc)\xecW\xbb\xdf\
r_\xf5\x88|\x15\xc0\x93\xdd^]:s\xd7\x9f\xbe\
\xd7\xff\xee\xbf/\xfcPI8\xa1|\x0e\xdbr\x1e\xa5\
\x5c\xd0\xb6\x9c\xc7Xr?\xdbr\x1e,-\xcf\xe8\x16\
\xf2\x02\xe0<x\x11\xf0\xc4|\x15@\xedp\xd6&\xeb\
\xb8\xc1\x0e\x97\x7f_\xf2\x0f\xa7\x97\xcfb[\xce\xa3\x94\
\x0b\xda\x96\xf3\x18K\xeeg[\xce\x83\xa5\xe5\x19\xddB\
^\x00\x9c\x17/\x02\xca|\x15@\xcd\x0f\xff\xbb\xff\xef\
\xe6\xd5\xee\x7f\x5c\xfea\x19\xf9<\xb6\xe5<J\xb9\xa0\
m9\x8f\xb1\xe4~\xb6\xe5<XZ\x9e\xd1-\xe4\x05\
\xc0y\xf2\x22\xe0\xf1\x1d~\xa6B\xae\x1f\xf3\xee\xaew\
os\x0d\xb7\x94\xcf\xfc\xc3\xb2\xf2\x99l\xcby\x94r\
A\xdbr\x1ec\xc9\xfdl\xcby\xb0\xb4<\xa3[\xc8\
\x0b\x80\xf3v\xf8a\x81\xb7W~Z\xfb\xdf\xf5\xce\xaf\
m{\xb4\xad\x7f\xf9\xbf\xcb?,/\x9f\xcb\xb6\x9cG\
)\x17\xb4-\xe71\x96\xdc\xcf\xb6\x9c\x07K\xcb3\xba\
\x85\xbc\x008\x7f\xbe\x1a\xe0\x9b}\xf0U\x00\x8f\xf3\xee\
z\xf7\xe6\x81\xf5\xdbD.\xff\xb0\x0e\xf9l\xb6\xe5<\
J\xb9\xa0m9\x8f\xb1\xe4~\xb6\xe5<XZ\x9e\xd1\
-\xe4\x05\xc0v\x1c~UY\xee\xbf>u\xbb\xbf|\
\x95\xeb\xc5\xd4\xed\xf5v\xbf\x9a\xc4\x19\x81u\xc8g\xb3\
-\xe7Q\xca\x05m\xcby\x8c%\xf7\xb3-\xe7\xc1\xd2\
\xf2\x8cn!/\x00\xb6\xe5\xf3W\x03\xdc\xe49\xd8|\
~\x18\xe07\xdd\xed/~\x9a\xac\xdbvz\x9d\xeb\x01\
,\xe3\x81\xe7\xb3*\xe7Q\xca\x05m\xcby\x8c%\xf7\
\xb3-\xe7\xc1\xd2\xf2\x8cn!/\x00\xb6\xc7K\x80\x87\
\xf3m\x00\x7f\xef\xddF\xbf\x82\xe4\xf0\xa5\xff\xb9\x16\xc0\
r\xf2\x19m\xcby\x94rA\xdbr\x1ec\xc9\xfdl\
\xcby\xb0\xb4<\xa3[\xc8\x0b\x80m:\x5cv\xdf_\
m\xfb\xa7\xb9g~\x18\xe0\xdf;|\x95D\xae\xd9\x16\
\xf2}\xff\xb0.\xf9\x8c\xb6\xe5<J\xb9\xa0m9\x8f\
\xb1\xe4~\xb6\xe5<XZ\x9e\xd1-\xe4\x05\xc0vy\
\x09\x10\xf96\x80Y\x1f\xcfJ\xae\xd7\x06\xba{\xb1\xfb\
5\xd7\x02XV>\xa7m9\x8fR.h[\xcec\
,\xb9\x9fm9\x0f\x96\x96gt\x0by\x01\xb0m^\
\x02\xfc5\x9f\xed}\xd8\xfd\x7f'^\xe5Zm!\xe7\
\x01\xd6'\x9f\xd3\xb6\x9cG)\x17\xb4-\xe71\x96\xdc\
\xcf\xb6\x9c\x07K\xcb3\xba\x85\xbc\x00\xe0\xf0\x12\xc0\xcf\
\x04\xf8\x94o\x03x\xd8\xed\xd5\xe5o\xb9V\xe7\xde\xed\
\xf5\xee_\xb9\x0e\xc0\xf2\xf2Ym\xcby\x94rA\xdb\
r\x1ec\xc9\xfdl\xcby\xb0\xb4<\xa3[\xc8\x0b\x00\
\x0e\xfc`\xc0\xcf\xf96\x80\x07\xdd]o\xef\xabD|\
\xf6\x1f\xd6)\x9f\xd5\xb6\x9cG)\x17\xb4-\xe71\x96\
\xdc\xcf\xb6\x9c\x07K\xcb3\xba\x85\xbc\x00\xe0\x8b\xf7\xfb\
\x1f_\xe6\xf9\xd8b~\x1b\xc0_\x1d^\x0e\xe5\x1a\x9d\
{\xbe\xf7\x1f\xd6+\x9f\xd7\xb6\x9cG)\x17\xb4-\xe7\
1\x96\xdc\xcf\xb6\x9c\x07K\xcb3\xba\x85\xbc\x00\xe0k\
w\x1b\xfdUo_\xe7\x99\xf8\xab-~\xff\xbf\xcf\xfe\
\xc3z\xe5\xf3\xda\x96\xf3(\xe5\x82\xb6\xe5<\xc6\x92\xfb\
\xd9\x96\xf3`iyF\xb7\x90\xcb\x0ei\xab\xbf\xee\xed\
K>\xfb\xfbW\xef\xaewor\x8d\xce:\xdf\x06\x02\
\xab6yf\xcbr\x1e\xa5\x5c\xd0\xb6\x9c\xc7Xr?\
\xdbr\x1e,-\xcf\xe8\x16\xf2\x02\x80\xf4\xf9K\xbe?\
\xe4Y\xd9P\x1frM\xb6lk/\x84\xfc7\x11\xd6\
-\x9f\xd9\xb6\x9cG)\x17\xb4-\xe71\x96\xdc\xcf\xb6\
\x9c\x07K\xcb3\xba\x85|\xb0\xcbC\xb6\xfe\xad\x007\
\xfb\x8b\x9frM\xb6*\xd7\xe6\xdc\xf3\xe5\xff\xb0n\xf9\
\xcc\xb6\xe5<J\xb9\xa0m9\x8f\xb1\xe4~\xb6\xe5<\
XZ\x9e\xd1-\xe4\x05\x00s\xde_m\xef'\xbf\x7f\
\xe9\xdd\xf5\xee\x97\x5c\x8f-\xba\xdb_\xfc\x94ks\xd6\
\xf9\xf2\x7fX\xbd\xc9s[\x96\xf3(\xe5\x82\xb6\xe5<\
\xc6\x92\xfb\xd9\x96\xf3`iyF\xb7\x90\x17\x00\xcc\xd9\
\xf2o\x05\xb8\xbd\xfa\xe1\x8f\x5c\x8f-:\xfc\xf7!\xd7\
\xe6\x9c\xf3\xe2\x07\xd6/\x9f\xdb\xb6\x9cG)\x17\xb4-\
\xe71\x96\xdc\xcf\xb6\x9c\x07K\xcb3\xba\x85\xbc\x00\xe0\
\xefl\xed\xfb\xbf\xbf\xca\xcf\x01\xf8\xaf\x0d\xfe\x00\xc0\xfd\
\xc5\xcb\x5c\x03`]&\xcfmY\xce\xa3\x94\x0b\xda\x96\
\xf3\x18K\xeeg[\xce\x83\xa5\xe5\x19\xddB^\x00\xf0\
w\xb6\xfcU\x00\xbe\x17|s/\x80\xbc\xf4\x81\x01<\
\xf0\xecV\xe5<J\xb9\xa0m9\x8f\xb1\xe4~\xb6\xe5\
<XZ\x9e\xd1-\xe4\x05\x00\xdf\xb2\xb1K\xe0\xff\xe6\
\xd9\xf8\xf8\xdf\xc4\xed\xfc6\x08\xdf\xff\x0fC\x98<\xbb\
e9\x8fR.h[\xcec,\xb9\x9fm9\x0f\x96\
\x96gt\x0b\xb9\xe4\xf0-\xb7\xfb\xcbWyn\xb6\xd0\
\xbb\xeb\xcb7\xb9\x16[r\xb3\xbf\xb8\xc859\xe7\xde\
]\xef^\xe7\x1a\x00\xeb\x93\xcfn[\xce\xa3\x94\x0b\xda\
\x96\xf3\x18K\xeeg[\xce\x83\xa5\xe5\x19\xddB^\x00\
\xf0\x18\xef\xb7\xf4\x99\xe0/m\xfc3\xc27\x1b\xfb\xf6\
\x8f\xc3\x8b\xae\x5c\x03`}\xf2\xd9m\xcby\x94rA\
\xdbr\x1ec\xc9\xfdl\xcby\xb0\xb4<\xa3[\xc8\x0b\
\x00\x1e\xe3\xf0\xd9\xd1<;\x1bh\xd3\xdf\x13~\xff\xdf\
\x86M}\xe5\xc7\xcd\xfe\xe2\xa7\x5c\x03`}\xf2\xd9m\
\xcby\x94rA\xdbr\x1ec\xc9\xfdl\xcby\xb0\xb4\
<\xa3[\xc8\x0b\x00\x1ecs\xbf\x0f\xfes[\xfeA\
\x80[{\xe9\x93\xff~`\x9d\xf2\xd9m\xcby\x94r\
A\xdbr\x1ec\xc9\xfdl\xcby\xb0\xb4<\xa3[\xc8\
\x0b\x00\x1ek\x8b?\x0cp\xcb_\x16\xfe\xeej\xf7[\
\xae\xc7\x19\xf76\xff\xfd\xc0:=\xf0\xfcV\xe5<J\
\xb9\xa0m9\x8f\xb1\xe4~\xb6\xe5<XZ\x9e\xd1-\
\xe4\x05\x00\x8f\xb5\xb5\xcf\x08\x1f\xba\xff7\xff\x92\xeb\xb0\
\x15\x9bz\xe1\xb3\xf1\x9f\xf7\x00#\x99<\xbfe9\x8f\
R.h[\xcec,\xb9\x9fm9\x0f\x96\x96gt\
\x0by\x01\xc0c\xbd\xdf\xd8\x0f\x85;\xb4\xe5\xdf\x04p\
w\xbd{\x9b\xebq\xae\xdd\xbd\xd8\xfd\x9a\xff~`\x9d\
\xf2\xf9m\xcby\x94rA\xdbr\x1ec\xc9\xfdl\xcb\
y\xb0\xb4<\xa3[\xc8\x0b\x00\x1a\xef7\xf6\xdb\x00n\
\xaf~\xf8#\xd7`+r-\xce9\xbf\x02\x10\xc6\x91\
\xcfo[\xce\xa3\x94\x0b\xda\x96\xf3\x18K\xeeg[\xce\
\x83\xa5\xe5\x19\xddB^\x00\xd0\xd8\xd8\xf7\x85\xff\xbf\xbb\
\xeb\xddM\xae\xc1\x16\xdc\xec/.r-\xce\xb9-\x7f\
\xab\x07\x8c&\x9f\xdf\xb6\x9cG)\x17\xb4-\xe71\x96\
\xdc\xcf\xb6\x9c\x07K\xcb3\xba\x85\xbc\x00\xa0q\xb8(\
\xe5\x19:\xf7r\x0d\xb6`k\xbf\xf5\xc1\x7f\x07a\x1c\
\xf9\xfc\xb6\xe5<J\xb9\xa0m9\x8f\xb1\xe4~\xb6\xe5\
<XZ\x9e\xd1-\xe4\x03_\x1a[\xbb\x18\x1e\xda\xe2\
\xaf\x02\xbc\xd9\xda\xcf{\xd8_\xbc\xcc5\x00\xd6i\xf2\
\xfc\x96\xe5<J\xb9\xa0m9\x8f\xb1\xe4~\xb6\xe5<\
XZ\x9e\xd1-\xe4\x05\x00\xad\xf7\x1b\xfb9\x007\xfb\
\x8b\x9fr\x0d\xce\xdd\xfd\x7f\x17^\xe5:\x9cu^\x00\
\xc00&\xcfoY\xce\xa3\x94\x0b\xda\x96\xf3\x18K\xee\
g[\xce\x83\xa5\xe5\x19\xddB^\x00\xd0\xda\xd2O\x87\
?t\xbb\xbf|\x95kp\xee\xee\xff\xcd?\xe7:\x9c\
u^\x00\xc00&\xcfoY\xce\xa3\x94\x0b\xda\x96\xf3\
\x18K\xeeg[\xce\x83\xa5\xe5\x19\xddB^\x00\xd0z\
w\xbd{\x93\xe7\xe8\x9c\xdb\xe23r\xf8\xa9\xf8\xb9\x0e\
g\x9d\x17\x000\x8c\xc9\xf3[\x96\xf3(\xe5\x82\xb6\xe5\
<\xc6\x92\xfb\xd9\x96\xf3`iyF\xb7\xd0\x16/7\
|\x9f\xad\xfd \xc0-\xfe\x8a\xb8\xad\xbd\x00\xd8\xe2\xcf\
y\x80Q\xe5\xf3\xdb\x96\xf3(\xe5\x82\xb6\xe5<\xc6\x92\
\xfb\xd9\x96\xf3`iyF\xb7\x90\x17\x00\xb4\xb6\xf6\xfd\
\xe1w/v\xbf\xe6\x1a\x9c\xbb\xad\xfd\xbaG/\x00`\
\x1c\xf9\xfc\xb6\xe5<J\xb9\xa0m9\x8f\xb1\xe4~\xb6\
\xe5<XZ\x9e\xd1-\xe4\x05\x00\xad\x9b\xfb\xcbR\x9e\
\xa3s\xce\x0b\x80\xf3\xcf\x0b\x00\x18G>\xbfm9\x8f\
R.h[\xcec,\xb9\x9fm9\x0f\x96\x96gt\
\x0by\x01@\xebf\x7fq\x91\xe7\xe8\xac\xbb\xba\xfc3\
\xd7\xe0\xdc\xdd\xffw\xe1\x8f\xc9:\x9cq^\x00\xc08\
\xf2\xf9m\xcby\x94rA\xdbr\x1ec\xc9\xfdl\xcb\
y\xb0\xb4<\xa3[\xc8\x0b\x00\x9e\xe2\xfd\x96~\x15\xe0\
\x06_\x00\x1c\xfe\xcd\x93u8\xe3\xbc\x00\x80q\xe4\xf3\
\xdb\x96\xf3(\xe5\x82\xb6\xe5<\xc6\x92\xfb\xd9\x96\xf3`\
iyF\xb7\x90\x17\x00<\xc5\xed\xd5\xee&\xcf\xd2\xb9\
vw\xbd\xbb\xc9\x7f\xff\xb9\xf3\x02\x00X\xab|~\xdb\
r\x1e\xa5\x5c\xd0\xb6\x9c\xc7Xr?\xdbr\x1e,-\
\xcf\xe8\x16\xf2\x02\x80\xa7\xd8\xd2\x05\xd1\x0b\x80\xf3\xcf\x0b\
\x00\x18G>\xbfm9\x8fR.h[\xcec,\xb9\
\x9fm9\x0f\x96\x96gt\x0by\x01\xc0Sl\xe9\x87\
\xc4y\x01p\xfey\x01\x00\xe3\xc8\xe7\xb7-\xe7Q\xca\
\x05m\xcby\x8c%\xf7\xb3-\xe7\xc1\xd2\xf2\x8cn!\
/\x00x\x8a-\xbd\x008\x94\xff\xfes\xe7\x05\x00\xb0\
V\xf9\xfc\xb6\xe5<J\xb9\xa0m9\x8f\xb1\xe4~\xb6\
\xe5<XZ\x9e\xd1-\xe4\x05\x00O\xe1\x05\xc0y\xbb\
\xbb\xde\xbd\xcd58\xe7\xbc\x00\x80q\xe4\xf3\xdb\x96\xf3\
(\xe5\x82\xb6\xe5<\xc6\x92\xfb\xd9\x96\xf3`iyF\
\xb7\x90\x17\x00<\xc5\xbb\xeb\xdd\xeb<K\xe7\x5c\xfe\xfb\
\xcf\xdd\x96~\xc8\xe3!/\x00`\x1c\xf9\xfc\xb6\xe5<\
J\xb9\xa0m9\x8f\xb1\xe4~\xb6\xe5<XZ\x9e\xd1\
-\xe4\x05\x00O\xe1\x05\xc0\xe3}\xfcr\xfa\xd1z`\
\x0d\xce\xba\xfc\xf7o\xac<\xb3\xb0f\x93\xe7\xb7,\xe7\
Q\xca\x05m\xcby\x8c%\xf7\xb3-\xe7\xc1\xd2\xf2\x8c\
n!/\x00x\x0a/\x00\x1e/gIk+\xcf,\
\xacY\x9e\xdf\xb6\x9cG)\x17\xb4-\xe71\x96\xdc\xcf\
\xb6\x9c\x07K\xcb3\xba\x85\xbc\x00\xe0)\xbc\x00x\xbc\
\x9c%\xad\xad<\xb3\xb0fy~\xdbr\x1e\xa5\x5c\xd0\
\xb6\x9c\xc7Xr?\xdbr\x1e,-\xcf\xe8\x16\xf2\x02\
\x80\xa7\xf0\x02\xe0\xf1r\x96\xb4\xb6\xf2\xcc\xc2\x9a\xe5\xf9\
m\xcby\x94rA\xdbr\x1ec\xc9\xfdl\xcby\xb0\
\xb4<\xa3[\xc8\x0b\x00\x9e\xc2\x0b\x80\xc7\xcbY\xd2\xda\
\xca3\x0bk\x96\xe7\xb7-\xe7Q\xca\x05m\xcby\x8c\
%\xf7\xb3-\xe7\xc1\xd2\xf2\x8cn!/\x00x\x8aw\
\xd7\xbb7y\x96\xce\xb9\xfc\xf77r\x96\xb4\xb6\xf2\xcc\
\xc2\x9a\xe5\xf9m\xcby\x94rA\xdbr\x1ec\xc9\xfd\
l\xcby\xb0\xb4<\xa3[\xc8\x0b\x00\x9e\xe2\xdd\xd5\xee\
\xb7<K\xe7\x5c\xfe\xfb\x1b9KZ[yfa\xcd\
\xf2\xfc\xb6\xe5<J\xb9\xa0m9\x8f\xb1\xe4~\xb6\xe5\
<XZ\x9e\xd1-\xe4\x05\x00O\xb1\xb1\x17\x00\x1f\xf2\
\xdf\xdfx`\x9e\xb4\xaa\xf2\xcc\xc2\x9a\xe5\xf9m\xcby\
\x94rA\xdbr\x1ec\xc9\xfdl\xcby\xb0\xb4<\xa3\
[\xc8\x0b\x00\x9e\xe2\xe3\xef\x0f\x7f\xe0<\x9dcw\xd7\
\xbb\x9b\xfc\xf77r\x9e\xb4\xb6\xf2\xcc\xc2\x9a\xe5\xf9m\
\xcby\x94rA\xdbr\x1ec\xc9\xfdl\xcby\xb0\xb4\
<\xa3[\xc8\x0b\x00\x9e\xc2\x0b\x80\xc7\xcby\xd2\xda\xca\
3\x0bk\x96\xe7\xb7-\xe7Q\xca\x05m\xcby\x8c%\
\xf7\xb3-\xe7\xc1\xd2\xf2\x8cn!/\x00x\x8a\xdb\xab\
\xddM\x9e\xa5\xb3\xed\xea\xf2\xcf\xfc\xf77&\xf3\xa4\x95\
\x95g\x16\xd6,\xcfo[\xce\xa3\x94\x0b\xda\x96\xf3\x18\
K\xeeg[\xce\x83\xa5\xe5\x19\xddB^\x00\xf0\x14y\
\x8e\xce:/\x00t\xe6\xe5\x99\x855\xcb\xf3\xdb\x96\xf3\
(\xe5\x82\xb6\xe5<\xc6\x92\xfb\xd9\x96\xf3`iyF\
\xb7\x90\x17\x00\xb4n\xf6\x17\x17y\x8e\xce\xb9\xdb\xab\x1f\
\xfe\xc85h\xe4<im\xe5\x99\x855\xcb\xf3\xdb\x96\
\xf3(\xe5\x82\xb6\xe5<\xc6\x92\xfb\xd9\x96\xf3`iy\
F\xb7\x90\x17\x00\xb4n\xf6?\xbe\xccst\xce\xdd\xbd\
\xd8\xfd\x9ak\xd0\xc8y\xd2\xda\xca3\x0bk\x96\xe7\xb7\
-\xe7Q\xca\x05m\xcby\x8c%\xf7\xb3-\xe7\xc1\xd2\
\xf2\x8cn!/\x00h\xdd\x9f\x99Wy\x8e\xce\xb9w\
\xd7\xbb\xd7\xb9\x06\x8d\x9c'\xad\xad<\xb3\xb0fy~\
\xdbr\x1e\xa5\x5c\xd0\xb6\x9c\xc7Xr?\xdbr\x1e,\
-\xcf\xe8\x16\xf2\x02\x80\xd6\xe1B\x9c\xe7\xe8\x9c\xbb\xff\
\xf7\xfe\x92k\xd0\xc8y\xd2\xda\xca3\x0bk\x96\xe7\xb7\
-\xe7Q\xca\x05m\xcby\x8c%\xf7\xb3-\xe7\xc1\xd2\
\xf2\x8cn!/\x00h\xdd\x9f\x99?\xf2\x1c\x9ds\xb7\
\xfb\xcbW\xb9\x06\x8d\x9c'\xad\xad<\xb3\xb0fy~\
\xdbr\x1e\xa5\x5c\xd0\xb6\x9c\xc7Xr?\xdbr\x1e,\
-\xcf\xe8\x16\xf2\x02\x80\xd6\xdd\xf5\xeem\x9e\xa3\xb3n\
\x7f\xf12\xd7\xa01\x99'\xad\xac<\xb3\xb0fy~\
\xdbr\x1e\xa5\x5c\xd0\xb6\x9c\xc7Xr?\xdbr\x1e,\
-\xcf\xe8\x16\xf2\x02\x80\xc6\xd6~\x03\xc0\xa1\xfb\x7f\xf3\
O\xb9\x0e\x8d\x9c'\xad\xad<\xb3\xb0fy~\xdbr\
\x1e\xa5\x5c\xd0\xb6\x9c\xc7Xr?\xdbr\x1e,-\xcf\
\xe8\x16\xf2\x02\x80\xc6\xd6~\x03\xc0\xa1\x5c\x83V\xce\x93\
\xd6V\x9eYX\xb3<\xbfm9\x8fR.h[\xce\
c,\xb9\x9fm9\x0f\x96\x96gt\x0by\x01@c\
k?\x00\xf0\xbe\x0f\xb9\x06\xad\x07fJ\xab*\xcf,\
\xacY\x9e\xdf\xb6\x9cG)\x17\xb4-\xe71\x96\xdc\xcf\
\xb6\x9c\x07K\xcb3\xba\x85\xbc\x00\xa0\xf1\xfe\xea\xf2\xcf\
<Cg\xdd\xfd\xbf7\xd7\xa05\x99)\xad\xac<\xb3\
\xb0fy~\xdbr\x1e\xa5\x5c\xd0\xb6\x9c\xc7Xr?\
\xdbr\x1e,-\xcf\xe8\x16\xf2\x02\x80\xc7\xda\xe2\xf7\xff\
\xdf^\xfd\xf0G\xaeC+gJk+\xcf,\xacY\
\x9e\xdf\xb6\x9cG)\x17\xb4-\xe71\x96\xdc\xcf\xb6\x9c\
\x07K\xcb3\xba\x85\xbc\x00\xe0\xb1\xee\xcf\xca\xab<?\
\xe7\xde\xe1[\x1er\x1dZ9SZ[yfa\xcd\
\xf2\xfc\xb6\xe5<J\xb9\xa0m9\x8f\xb1\xe4~\xb6\xe5\
<XZ\x9e\xd1-\xe4\x05\x00\x8fu{u\xf9[\x9e\
\x9fs\xefv\x7f\xf9*\xd7\xa1\x953\xa5\xb5\x95g\x16\
\xd6,\xcfo[\xce\xa3\x94\x0b\xda\x96\xf3\x18K\xeeg\
[\xce\x83\xa5\xe5\x19\xddB^\x00\xf0X\xb7\xd7\xbb\x9b\
<?\xe7\xde\xf7\xfe\x0a\xc0\x83\x9c)\xad\xad<\xb3\xb0\
fy~\xdbr\x1e\xa5\x5c\xd0\xb6\x9c\xc7Xr?\xdb\
r\x1e,-\xcf\xe8\x16\xf2\x02\x80\xc7\xd8\xe2\x97\xff\x1f\
\xcaux\x8a\x9c)\xad\xad<\xb3\xb0fy~\xdbr\
\x1e\xa5\x5c\xd0\xb6\x9c\xc7Xr?\xdbr\x1e,-\xcf\
\xe8\x16\xf2\x02\x80\xc7\xb8?'\x7f\xe4\xd9\xd9@os\
\x1d\x9e\xe2\x81\xb9\xd2\xaa\xca3\x0bk\x96\xe7\xb7-\xe7\
Q\xca\x05m\xcby\x8c%\xf7\xb3-\xe7\xc1\xd2\xf2\x8c\
n!/\x00\xf8\x96\x9b\xfd\xc5>\xcf\xcd\x16:\xc6o\
\x008\xc8\xb9\xd2\xda\xca3\x0bk\x96\xe7\xb7-\xe7Q\
\xca\x05m\xcby\x8c%\xf7\xb3-\xe7\xc1\xd2\xf2\x8cn\
!/\x00\xf8\x96\xbb\xeb\x1f\xff\x95\xe7f\x0b\xbd\xbb\xde\
\xfd\x92k\xf1\x149WZ[yfa\xcd\xf2\xfc\xb6\
\xe5<J\xb9\xa0m9\x8f\xb1\xe4~\xb6\xe5<XZ\
\x9e\xd1-\xe4\x05\x00\xdf\xb2\xc5\x1f\xfe\xf7\xb1\xfd\xc5\xcb\
\x5c\x8b\xa7\x98\xcc\x95VV\x9eYX\xb3<\xbfm9\
\x8fR.h[\xcec,\xb9\x9fm9\x0f\x96\x96g\
t\x0by\x01\xc0\xdf9\x9c\x8f<3[)\xd7\xe2\xa9\
r\xae\xb4\xb6\xf2\xcc\xc2\x9a\xe5\xf9m\xcby\x94rA\
\xdbr\x1ec\xc9\xfdl\xcby\xb0\xb4<\xa3[\xc8\x0b\
\x00\xfe\xcef?\xfb\x7fu\xf9g\xae\xc5SMfK\
++\xcf,\xacY\x9e\xdf\xb6\x9cG)\x17\xb4-\xe7\
1\x96\xdc\xcf\xb6\x9c\x07K\xcb3\xba\x85\xbc\x00`\xce\
\xfd\xf9\xf8g\x9e\x97\xad\xf4\xee\xfa\xf2M\xae\xc7S\xe5\
lim\xe5\x99\x855\xcb\xf3\xdb\x96\xf3(\xe5\x82\xb6\
\xe5<\xc6\x92\xfb\xd9\x96\xf3`iyF\xb7\x90\x17\x00\
<\xe4\xf0\x93\xff7\xfb\xd9\xff\xfbn\xf7\x97\xafrM\
\x9e*gKk+\xcf,\xacY\x9e\xdf\xb6\x9cG)\
\x17\xb4-\xe71\x96\xdc\xcf\xb6\x9c\x07K\xcb3\xba\x85\
\xbc\x00\xe0!\xb7W\x97\xbf\xe5Y\xd9R7\xfb\x8b\x8b\
\x5c\x93\xa7\xca\xd9\xd2\xda\xca3\x0bk\x96\xe7\xb7-\xe7\
Q\xca\x05m\xcby\x8c%\xf7\xb3-\xe7\xc1\xd2\xf2\x8c\
n!/\x00H[\xfe\xc1\x7f\x1f;\xe2\xf7\xff\x1fL\
\xe6K++\xcf,\xacY\x9e\xdf\xb6\x9cG)\x17\xb4\
-\xe71\x96\xdc\xcf\xb6\x9c\x07K\xcb3\xba\x85\xbc\x00\
\xe0k[\xff\xd2\xffC\xc7\xfc\xfe\xff\x83\x9c/\xad\xad\
<\xb3\xb0fy~\xdbr\x1e\xa5\x5c\xd0\xb6\x9c\xc7X\
r?\xdbr\x1e,-\xcf\xe8\x16\xf2\x02\x80\xafm\xfd\
K\xff?\xb6\xbfx\x99\xeb\xf2=&\xf3\xa5\x95\x95g\
\x16\xd6,\xcfo[\xce\xa3\x94\x0b\xda\x96\xf3\x18K\xee\
g[\xce\x83\xa5\xe5\x19\xddB^\x00\xf0\xc5\xfb\x0d\xff\
\xd4\xff/\xdd]\xefnr]\xbeW\xfe\x1d\xd2\xda\xca\
3\x0bk\x96\xe7\xb7-\xe7Q\xca\x05m\xcby\x8c%\
\xf7\xb3-\xe7\xc1\xd2\xf2\x8cn!/\x008\xb8\xd9\xff\
\xf82\xcf\xc6\x16\xbb{\xb1\xfb5\xd7\xe6{\xe5\xdf!\
\xad\xad<\xb3\xb0fy~\xdbr\x1e\xa5\x5c\xd0\xb6\x9c\
\xc7Xr?\xdbr\x1e,-\xcf\xe8\x16\xf2\x02\x80\xc3\
\xf7\xfd\xdf\x9f\x85\x0fy6\xb6\xd81\x7f\xfd\xdf\x17\xf9\
wHk+\xcf,\xacY\x9e\xdf\xb6\x9cG)\x17\xb4\
-\xe71\x96\xdc\xcf\xb6\x9c\x07K\xcb3\xba\x85\xbc\x00\
\xd86?\xf4\xef/}\xc8\xf59\x86\x07\xfe\x1eiU\
\xe5\x99\x855\xcb\xf3\xdb\x96\xf3(\xe5\x82\xb6\xe5<\xc6\
\x92\xfb\xd9\x96\xf3`iyF\xb7\x90\x17\x00\xdb\xe5\xf2\
\xff\xd7\x9e\xe3\xcb\xff\x0f\xf2\xef\x91\xd6V\x9eYX\xb3\
<\xbfm9\x8fR.h[\xcec,\xb9\x9fm9\
\x0f\x96\x96gt\x0by\x01\xb0M.\xff\x0ft\xe4\x9f\
\xfe\xff\xc5\xe4\xef\x91VV\x9eYX\xb3<\xbfm9\
\x8fR.h[\xcec,\xb9\x9fm9\x0f\x96\x96g\
t\x0by\x01\xb0=\x9f\x7f\xe0\x9f\xef\xf9\xff\xaa\xe7\xf8\
\xe9\xff_\xdc\xee/\x7f\x1e\xad\xf7\x1b;\x1f\xff\xdf\xf5\
\xee\xff\xe6\x1al\xa9<\xb3\xb0f\xf9\xfc\xb6\xe5<J\
\xb9\xa0m9\x8f\xb1\xe4~\xb6\xe5<XZ\x9e\xd1-\
\xe4\x05\xc0\xb6\xdc\xef\xf9\xff\xcd3\xa0\xe7\xfb\xf2\xffQ\
\xdd^m\xeb\xabC\xfe\xbd\xbf\xd8\xe7\x1a\x00\xeb\x94\xcf\
o[\xce\xa3\x94\x0b\xda\x96\xf3\x18K\xeeg[\xce\x83\
\xa5\xe5\x19\xddB^\x00l\xc3\xcd\xfe\xe2\xe2\xf6z\xf7\
\xaf\xdc\x7f}\xca\x05\xf0\xaf\xbc\x00\x00\xd6*\x9f\xdf\xb6\
\x9cG)\x17\xb4-\xe71\x96\xdc\xcf\xb6\x9c\x07K\xcb\
3\xba\x85\xbc\x008\x7f\x87/\xf9\xf7\xfd\xfe\x7f\xd3\xd5\
\xe5\x9f\xb9f[\xe7\x05\x00\xb0V\xf9\xfc\xb6\xe5<J\
\xb9\xa0m9\x8f\xb1\xe4~\xb6\xe5<XZ\x9e\xd1-\
\xe4\x05\xc0\xf9\xf2Y\xff\xc7\xe5\x19\x98\xf2\x02\x00X\xab\
|~\xdbr\x1e\xa5\x5c\xd0\xb6\x9c\xc7Xr?\xdbr\
\x1e,-\xcf\xe8\x16r\xf99O>\xeb\xff\xb8\x9e\xf3\
\x87\xff\x8d\xcc\x0b\x00`\xad\xf2\xf9m\xcby\x94rA\
\xdbr\x1ec\xc9\xfdl\xcby\xb0\xb4<\xa3[\xc8\x0b\
\x80\xf3\xf2\xf1'\xfc_]\xfe\x99\xfb\xac\x87s\xfe\x1f\
\xe6\x05\x00\xb0V\xf9\xfc\xb6\xe5<J\xb9\xa0m9\x8f\
\xb1\xe4~\xb6\xe5<XZ\x9e\xd1-\xe4\x02t\x1e\x5c\
\xfc\xfb\x0e\x9f\xfdw\xf1{\x98\x17\x00\xc0Z\xe5\xf3\xdb\
\x96\xf3(\xe5\x82\xb6\xe5<\xc6\x92\xfb\xd9\x96\xf3`i\
yF\xb7\x90\x17\x00\xe3\xfa\xf8=\xfe\xf7\xfb\xe7\xe2\xff\
\xb4\xfc\xea\xbfy^\x00\x00k\x95\xcfo[\xce\xa3\x94\
\x0b\xda\x96\xf3\x18K\xeeg[\xce\x83\xa5\xe5\x19\xddB\
^\x00\x8c\xe7\xf0\xd9\xfew\xd7\x97o\xee\xf7\xefC\xee\
\xa7\x1e\x9fK\xdf</\x00\x80\xb5\xca\xe7\xb7-\xe7Q\
\xca\x05m\xcby\x8c%\xf7\xb3-\xe7\xc1\xd2\xf2\x8cn\
!/\x00\xc6\xf0\xf1K\xfc\xafw\xff\xf4\xd9\xfe\xe3\xe4\
\xb3\xff\x7f\xcf\x0b\x00`\xad\xf2\xf9m\xcby\x94rA\
\xdbr\x1ec\xc9\xfdl\xcby\xb0\xb4<\xa3[\xc8\x0b\
\x80u:|y\xff\xcd\xfe\xf2\xd5\xe13\xfd[\xbb\x8c\
=w\xbe\xf7\xff\xdb\xb6v\xe6\x9c\x07\x18G>\xbfm\
9\x8fR.h[\xcec,\xb9\x9fm9\x0f\x96\x96\
gt\x0by\x01\xb0\x0e\xf7\x17\xfe\xfd\xed\xfe\xf2\xe7\x8f\
_\xda\x7f\xb5{\x9b\xfb\xa4\xa3\xf6:\xd7\x9f\xbf\xf2\x02\
\x00X\xab|~\xdbr\x1e\xa5\x5c\xd0\xb6\x9c\xc7Xr\
?\xdbr\x1e,-\xcf\xe8\x16\xf2\x02\xe0t>}V\
\xff\x1f?\x1d.\xfaw\xd7\xbb_\xee\xfb\xf5\xf3e\xdf\
\xf7\xf2\x9f\xa8\xc3g\xff\x0f\xfb\x90{\xc3_y\x01\x00\
\xacU>\xbfm9\x8fR.h[\xcec,\xb9\x9f\
m9\x0f\x96\x96gt\x0b\xbd\xbb\xfe\xf1\xf5\xfd\x85\xe8\
\xa5\xbe\xaf\xc3\xa5\xfe\xcb\xc5\xfe\xdd\xf5\xee\xf5\xe13\xf9\
\x9f.\xf8\x97\x7f~\xbeL\xb9\xe4\xaf /\xbc\x1e\xc7\
\x0b\x00`\xad\xf2\xf9m\xcby\x94rA\xdbr\x1ec\
\xc9\xfdl\xcby\xb0\xb4<\xa3\x92\xce\xa7\xc3g\xff\xf3\
\x99\xe7a^\x00\x00k\x95\xcfo[\xce\xa3\x94\x0b\xda\
\x96\xf3\x18K\xeeg[\xce\x83\xa5\xe5\x19\x95t>\xb9\
\xe4=\x9e\x17\x00\xc0Z\xe5\xf3\xdb\x96\xf3(\xe5\x82\xb6\
\xe5<\xc6\x92\xfb\xd9\x96\xf3`iyF%\x9dK\x97\
o\xf2yg\x9e\x17\x00\xc0Z\xe5\xf3\xdb\x96\xf3(\xe5\
\x82\xb6\xe5<\xc6\x92\xfb\xd9\x96\xf3`iyF%\x8d\
\x9f_\xfb\xd7\xf3\x02\x00X\xab|~\xdbr\x1e\xa5\x5c\
\xd0\xb6\x9c\xc7Xr?\xdbr\x1e,-\xcf\xa8\xa4\xf1\
\xf3\x83\xffz^\x00\x00k\x95\xcfo[\xce\xa3\x94\x0b\
\xda\x96\xf3\x18K\xeeg[\xce\x83\xa5\xe5\x19\x954v\
w/v\xbf\xe6s\xce\xb7y\x01\x00\xacU>\xbfm\
9\x8fR.h[\xcec,\xb9\x9fm9\x0f\x96\x96\
gT\xd2\xb8\x1d\xbe\xf4\xfff\x7fq\x91\xcf9\xdf\xe6\
\x05\x00\xb0V\xf9\xfc\xb6\xe5<J\xb9\xa0m9\x8f\xb1\
\xe4~\xb6\xe5<XZ\x9eQI\xe3\xe6R\xf7t^\
\x00\x00k\x95\xcfo[\xce\xa3\x94\x0b\xda\x96\xf3\x18K\
\xeeg[\xce\x83\xa5\xe5\x19\x954l\xaf\xf3\xf9\xe6\xf1\
\xbc\x00\x00\xd6*\x9f\xdf\xb6\x9cG)\x17\xb4-\xe71\
\x96\xdc\xcf\xb6\x9c\x07K\xcb3*i\xc0^\xfc\xf0{\
>\xdbt\xbc\x00\x00\xd6*\x9f\xdf\xb6\x9cG)\x17\xb4\
-\xe71\x96\xdc\xcf\xb6\x9c\x07K\xcb3*i\xac\xfc\
\xca\xbf\xe3\xf0\x02\x00X\xab|~\xdbr\x1e\xa5\x5c\xd0\
\xb6\x9c\xc7Xr?\xdbr\x1e,-\xcf\xa8\xa4\xa1\xfa\
\xe0\x22w\x1c^\x00\x00k\x95\xcfo[\xce\xa3\x94\x0b\
\xda\x96\xf3\x18K\xeeg[\xce\x83\xa5\xe5\x19\x954N\
\xb7\xfb\xcbW\xf9L\xf34^\x00\x00k\x95\xcfo[\
\xce\xa3\x94\x0b\xda\x96\xf3\x18K\xeeg[\xce\x83\xa5\xe5\
\x19\x954L\xaf\xf3y\xe6\xe9\xbc\x00\x00\xd6*\x9f\xdf\
\xb6\x9cG)\x17\xb4-\xe71\x96\xdc\xcf\xb6\x9c\x07K\
\xcb3*i\x88^\xe7\xb3\xcc\xf7\xf1\x02\x00X\xab|\
~\xdbr\x1e\xa5\x5c\xd0\xb6\x9c\xc7Xr?\xdbr\x1e\
,-\xcf\xa8\xa4uw{u\xf9[>\xc7|?/\
\x00\x80\xb5\xca\xe7\xb7-\xe7Q\xca\x05m\xcby\x8c%\
\xf7\xb3-\xe7\xc1\xd2\xf2\x8cJZq~\xdd\xdf\xb3\xf1\
\x02\x00X\xab|~\xdbr\x1e\xa5\x5c\xd0\xb6\x9c\xc7X\
r?\xdbr\x1e,-\xcf\xa8\xa4uv\x7fA\xfd\x9f\
\x9b\xfd\xc5E>\xc3\x1c\x87\x17\x00\xc0Z\xe5\xf3\xdb\x96\
\xf3(\xe5\x82\xb6\xe5<\xc6\x92\xfb\xd9\x96\xf3`iy\
F%\xad/\x97\xff\xe7\xe7\x05\x00\xb0V\xf9\xfc\xb6\xe5\
<J\xb9\xa0m9\x8f\xb1\xe4~\xb6\xe5<XZ\x9e\
QI+\xeb\xea\xf2O\x97\xff\xe7\xe7\x05\x00\xb0V\xf9\
\xfc\xb6\xe5<J\xb9\xa0m9\x8f\xb1\xe4~\xb6\xe5<\
XZ\x9eQI\xeb\xc9\x0f\xfc;\x1d/\x00\x80\xb5\xca\
\xe7\xb7-\xe7Q\xca\x05m\xcby\x8c%\xf7\xb3-\xe7\
\xc1\xd2\xf2\x8cJZK\x97o\xf2y\xe5\xf9x\x01\x00\
\xacU>\xbfm9\x8fR.h[\xcec,\xb9\x9f\
m9\x0f\x96\x96gT\xd2*z\x9d\xcf*\xcf\xcb\x0b\
\x00`\xad\xf2\xf9m\xcby\x94rA\xdbr\x1ec\xc9\
\xfdl\xcby\xb0\xb4<\xa3\x92\x16\xed\xffo\xef\x8e\x8e\
\xe3\xb8\xd2l\xe1\x8e\x09j\xa2\xfb\x1d\x82\xa2\xdfe\x82\
L\x90\x07\xbf<\x18y z0\xf2@\xe3\x81\xda\x83\
1\xa1\xc7\x03\x86HF\xcc#M\xb8?\x12\x22\xbb\xc9\
]H\x227PY\x99\xa7r\xad\x88\x1dso\x8b\xb5\
Q8'\x0f\xc9\xf3\x11\x04?\xbc\xfd\xee\xe6\xa7<\xa7\
\xac\xcf\x00\x00\xd8\xab<\xbfm\xb2\x8fR.h\x9b\xec\
c,\xb9\x9fm\xb2\x0f\xb6\x96\xcf\xa8\x88l\x93\xf7w\
\xaf\xde\xb8\x94m\xc7\x00\x00\xd8\xab<\xbfm\xb2\x8fR\
.h\x9b\xecc,\xb9\x9fm\xb2\x0f\xb6\x96\xcf\xa8\x88\
l\x10\xdf\xe9\x7fs\x06\x00\xc0^\xe5\xf9m\x93}\x94\
rA\xdbd\x1fc\xc9\xfdl\x93}\xb0\xb5|FE\
\xe4\xb2y\x7f\xf7\xea\xe7<\x97\x5c\x9e\x01\x00\xb0Wy\
~\xdbd\x1f\xa5\x5c\xd06\xd9\xc7Xr?\xdbd\x1f\
l-\x9fQ\x11\xb9L\xa6/\xf9\x7f\xff\xf7o\xbe\xcf\
3\xc96\x0c\x00\x80\xbd\xca\xf3\xdb&\xfb(\xe5\x82\xb6\
\xc9>\xc6\x92\xfb\xd9&\xfb`k\xf9\x8c\x8a\xc8%r\
\xf3\xab/\xf9\xdf\x17\x03\x00`\xaf\xf2\xfc\xb6\xc9>J\
\xb9\xa0m\xb2\x8f\xb1\xe4~\xb6\xc9>\xd8Z>\xa3\x22\
\xb2^\xa6?\xf5\x7fw\xfb\xd7\x1f\xf2\x1c\xb2=\x03\x00\
`\xaf\xf2\xfc\xb6\xc9>J\xb9\xa0m\xb2\x8f\xb1\xe4~\
\xb6\xc9>\xd8Z>\xa3\x22\xb2V\xfc\xa9\xff\x9e\x19\x00\
\x00{\x95\xe7\xb7M\xf6Q\xca\x05m\x93}\x8c%\xf7\
\xb3M\xf6\xc1\xd6\xf2\x19\x15\x913\xe7\xdb\x9b\xff\xf1\xa7\
\xfe\xfbg\x00\x00\xecU\x9e\xdf6\xd9G)\x17\xb4M\
\xf61\x96\xdc\xcf6\xd9\x07[\xcbgTD\xce\x96\x0f\
o\xbf\xbb\xf9)\xcf\x1c\xfbd\x00\x00\xecU\x9e\xdf6\
\xd9G)\x17\xb4M\xf61\x96\xdc\xcf6\xd9\x07[\xcb\
gTD^\x9c\x0f\xf7y\xed\xcb\xfd\xc7b\x00\x00\xec\
U\x9e\xdf6\xd9G)\x17\xb4M\xf61\x96\xdc\xcf6\
\xd9\x07[\xcbgTD\x9e\x1d\x17\xff\x81\x19\x00\x00{\
\x95\xe7\xb7M\xf6Q\xca\x05m\x93}\x8c%\xf7\xb3M\
\xf6\xc1\xd6\xf2\x19\x15\x91:.\xfeW\xc0\x00\x00\xd8\xab\
<\xbfm\xb2\x8fR.h\x9b\xecc,\xb9\x9fm\xb2\
\x0f\xb6\x96\xcf\xa8\x88,\x8e\x8b\xff\x151\x00\x00\xf6*\
\xcfo\x9b\xec\xa3\x94\x0b\xda&\xfb\x18K\xeeg\x9b\xec\
\x83\xad\xe53*\x22O\xe4\xdbW\xff|\x7f\xf7\xeag\
\x17\xff\xebb\x00\x00\xecU\x9e\xdf6\xd9G)\x17\xb4\
M\xf61\x96\xdc\xcf6\xd9\x07[\xcbgTDf\xe2\
\x9f\xf3\xbbj\x06\x00\xc0^\xe5\xf9m\x93}\x94rA\
\xdbd\x1fc\xc9\xfdl\x93}\xb0\xb5|FE\xe4\xb3\
L\x97~_\xe6\x7f\x08\x06\x00\xc0^\xe5\xf9m\x93}\
\x94rA\xdbd\x1fc\xc9\xfdl\x93}\xb0\xb5|F\
E\xe4\xcf\xbf\xdb\xefO\xfb\x8f\xc5\x00\x00\xd8\xab<\xbf\
m\xb2\x8fR.h\x9b\xecc,\xb9\x9fm\xb2\x0f\xb6\
\x96\xcf\xa8\xc8\x11\xf3\xf1\xf2\xe7\xd2\x7f`\x06\x00\xc0^\
\xe5\xf9m\x93}\x94rA\xdbd\x1fc\xc9\xfdl\x93\
}\xb0\xb5|FE\x0e\x92\x0f\xd3\x97\xf7O\xdf\xcc\xcf\
E\x88\x89\x01\x00\xb0Wy~\xdbd\x1f\xa5\x5c\xd06\
\xd9\xc7Xr?\xdbd\x1fl-\x9fQ\x91\xab\xcd\xfd\
\x85\xff\x8f\xbbW\xbfN\x7f\xca\xef\xef\xf4\x93\x0c\x00\x80\
\xbd\xca\xf3\xdb&\xfb(\xe5\x82\xb6\xc9>\xc6\x92\xfb\xd9\
&\xfb`k\xf9\x8c\x8a\x5cI>\xbc\xbb\xfb\xcb\xef\xd3\
\x9f\xf0\xbb\xf0\xb3\x84\x01\x00\xb0Wy~\xdbd\x1f\xa5\
\x5c\xd06\xd9\xc7Xr?\xdbd\x1fl-\x9fQ\x91\
\xd1\xf2\xe7\xc5\xed/\xbf\xffq\xf7\xea\xf5\xdb\xdb\x9b\x1f\
]lx\x0e\x03\x00`\xaf\xf2\xfc\xb6\xc9>J\xb9\xa0\
m\xb2\x8f\xb1\xe4~\xb6\xc9>\xd8Z>\xa3\x22{\xcc\
\xc3\xe5\xec\xdbW\xff|\x7f\xf7\xea\xb7\x8f\x17\xfd\x9f\xde\
\xdf~\xf3\xbd?\xd9\xe7\x5c\x0c\x00\x80\xbd\xca\xf3\xdb&\
\xfb(\xe5\x82\xb6\xc9>\xc6\x92\xfb\xd9&\xfb`k\xf9\
\x8c\x8a\x5c*\xd3\x85\xeb\xcf\x8b\xfd\xcd\xff|\xfcr\xfd\
\x87\xcb\xfd\xf4e\xfb\x9f.\xf8.)\x5c\x8a\x01\x00\xb0\
Wy~\xdbd\x1f\xa5\x5c\xd06\xd9\xc7Xr?\xdb\
d\x1fl-\x9f\xd1#\xe4\xd37\x82\x93\xcbd\xbah\
|\x8a?\xb1g\xaf\x0c\x00\x80\xbd\xca\xf3\xdb&\xfb(\
\xe5\x82\xb6\xc9>\xc6\x92\xfb\xd9&\xfb`k\xf9\x8c\x1e\
!o\xbf\xbb\xf9)\xd7\x0186\x03\x00`\xaf\xf2\xfc\
\xb6\xc9>J\xb9\xa0m\xb2\x8f\xb1\xe4~\xb6\xc9>\xd8\
Z>\xa3G\x88\x01\x00\x90\x0c\x00\x80\xbd\xca\xf3\xdb&\
\xfb(\xe5\x82\xb6\xc9>\xc6\x92\xfb\xd9&\xfb`k\xf9\
\x8c\x1e!\x06\x00@2\x00\x00\xf6*\xcfo\x9b\xec\xa3\
\x94\x0b\xda&\xfb\x18K\xeeg\x9b\xec\x83\xad\xe53z\
\x84\x18\x00\x00\xc9\x00\x00\xd8\xab<\xbfm\xb2\x8fR.\
h\x9b\xecc,\xb9\x9fm\xb2\x0f\xb6\x96\xcf\xe8\x11b\
\x00\x00$\x03\x00`\xaf\xf2\xfc\xb6\xc9>J\xb9\xa0m\
\xb2\x8f\xb1\xe4~\xb6\xc9>\xd8Z>\xa3G\x88\x01\x00\
\x90\x0c\x00\x80\xbd\xca\xf3\xdb&\xfb(\xe5\x82\xb6\xc9>\
\xc6\x92\xfb\xd9&\xfb`k\xf9\x8c\x1e!\x06\x00@2\
\x00\x00\xf6*\xcfo\x9b\xec\xa3\x94\x0b\xda&\xfb\x18K\
\xeeg\x9b\xec\x83\xad\xe53z\x84\x18\x00\x00\xc9\x00\x00\
\xd8\xab<\xbfm\xb2\x8fR.h\x9b\xecc,\xb9\x9f\
m\xb2\x0f\xb6\x96\xcf\xe8\x11b\x00\x00$\x03\x00`\xaf\
\xf2\xfc\xb6\xc9>J\xb9\xa0m\xb2\x8f\xb1\xe4~\xb6\xc9\
>\xd8Z>\xa3G\x88\x01\x00\x90\x0c\x00\x80\xbd\xca\xf3\
\xdb&\xfb(\xe5\x82\xb6\xc9>\xc6\x92\xfb\xd9&\xfb`\
k\xf9\x8c\x1e!\x06\x00@2\x00\x00\xf6*\xcfo\x9b\
\xec\xa3\x94\x0b\xda&\xfb\x18K\xeeg\x9b\xec\x83\xad\xe5\
3z\x84\x18\x00\x00\xc9\x00\x00\xd8\xab<\xbfm\xb2\x8f\
R.h\x9b\xecc,\xb9\x9fm\xb2\x0f\xb6\x96\xcf\xe8\
\x11b\x00\x00$\x03\x00`\xaf\xf2\xfc\xb6\xc9>J\xb9\
\xa0m\xb2\x8f\xb1\xe4~\xb6\xc9>\xd8Z>\xa3G\x88\
\x01\x00\x90\x0c\x00\x80\xbd\xca\xf3\xdb&\xfb(\xe5\x82\xb6\
\xc9>\xc6\x92\xfb\xd9&\xfb`k\xf9\x8c\x1e!\x06\x00\
@2\x00\x00\xf6*\xcfo\x9b\xec\xa3\x94\x0b\xda&\xfb\
\x18K\xeeg\x9b\xec\x83\xad\xe53z\x84\x18\x00\x00\xc9\
\x00\x00\xd8\xab<\xbfm\xb2\x8fR.h\x9b\xecc,\
\xb9\x9fm\xb2\x0f\xb6\x96\xcf\xe8\x11b\x00\x00$\x03\x00\
`\xaf\xf2\xfc\xb6\xc9>J\xb9\xa0m\xb2\x8f\xb1\xe4~\
\xb6\xc9>\xd8Z>\xa3G\x88\x01\x00\x90\x0c\x00\x80\xbd\
\xca\xf3\xdb&\xfb(\xe5\x82\xb6\xc9>\xc6\x92\xfb\xd9&\
\xfb`k\xf9\x8c\x1e!\x06\x00@2\x00\x00\xf6*\xcf\
o\x9b\xec\xa3\x94\x0b\xda&\xfb\x18K\xeeg\x9b\xec\x83\
\xad\xe53z\x84\x18\x00\x00\xc9\x00\x00\xd8\xab<\xbfm\
\xb2\x8fR.h\x9b\xecc,\xb9\x9fm\xb2\x0f\xb6\x96\
\xcf\xe8\x11b\x00\x00$\x03\x00`\xaf\xf2\xfc\xb6\xc9>\
J\xb9\xa0m\xb2\x8f\xb1\xe4~\xb6\xc9>\xd8Z>\xa3\
G\x88\x01\x00\x90\x0c\x00\x80\xbd\xca\xf3\xdb&\xfb(\xe5\
\x82\xb6\xc9>\xc6\x92\xfb\xd9&\xfb`k\xf9\x8c\x1e!\
\x06\x00@2\x00\x00\xf6*\xcfo\x9b\xec\xa3\x94\x0b\xda\
&\xfb\x18K\xeeg\x9b\xec\x83\xad\xe53z\x84\x18\x00\
\x00\xc9\x00\x00\xd8\xab<\xbfm\xb2\x8fR.h\x9b\xec\
c,\xb9\x9fm\xb2\x0f\xb6\x96\xcf\xe8\x11b\x00\x00$\
\x03\x00`\xaf\xf2\xfc\xb6\xc9>J\xb9\xa0m\xb2\x8f\xb1\
\xe4~\xb6\xc9>\xd8Z>\xa3G\x88\x01\x00\x90\x0c\x00\
\x80\xbd\xca\xf3\xdb&\xfb(\xe5\x82\xb6\xc9>\xc6\x92\xfb\
\xd9&\xfb`k\xf9\x8c\x1e!\x06\x00@2\x00\x00\xf6\
*\xcfo\x9b\xec\xa3\x94\x0b\xda&\xfb\x18K\xeeg\x9b\
\xec\x83\xad\xe53z\x84\x18\x00\x00\xc9\x00\x00\xd8\xab<\
\xbfm\xb2\x8fR.h\x9b\xecc,\xb9\x9fm\xb2\x0f\
\xb6\x96\xcf\xe8\x11b\x00\x00$\x03\x00`\xaf\xf2\xfc\xb6\
\xc9>J\xb9\xa0m\xb2\x8f\xb1\xe4~\xb6\xc9>\xd8Z\
>\xa3G\x88\x01\x00\x90\x0c\x00\x80\xbd\xca\xf3\xdb&\xfb\
(\xe5\x82\xb6\xc9>\xc6\x92\xfb\xd9&\xfb`k\xf9\x8c\
\x1e!\x06\x00@2\x00\x00\xf6*\xcfo\x9b\xec\xa3\x94\
\x0b\xda&\xfb\x18K\xeeg\x9b\xec\x83\xad\xe53z\x84\
\x18\x00\x00\xc9\x00\x00\xd8\xab<\xbfm\xb2\x8fR.h\
\x9b\xecc,\xb9\x9fm\xb2\x0f\xb6\x96\xcf\xe8\x11b\x00\
\x00$\x03\x00`\xaf\xf2\xfc\xb6\xc9>J\xb9\xa0m\xb2\
\x8f\xb1\xe4~\xb6\xc9>\xd8Z>\xa3G\x88\x01\x00\x90\
\x0c\x00\x80\xbd\xca\xf3\xdb&\xfb(\xe5\x82\xb6\xc9>\xc6\
\x92\xfb\xd9&\xfb`k\xf9\x8c\x1e!\x06\x00@2\x00\
\x00\xf6*\xcfo\x9b\xec\xa3\x94\x0b\xda&\xfb\x18K\xee\
g\x9b\xec\x83\xad\xe53z\x84\x18\x00\x00\xc9\x00\x00\xd8\
\xab<\xbfm\xb2\x8fR.h\x9b\xecc,\xb9\x9fm\
\xb2\x0f\xb6\x96\xcf\xe8\x11b\x00\x00$\x03\x00`\xaf\xf2\
\xfc\xb6\xc9>J\xb9\xa0m\xb2\x8f\xb1\xe4~\xb6\xc9>\
\xd8Z>\xa3G\x88\x01\x00\x90\x0c\x00\x80\xbd\xca\xf3\xdb\
&\xfb(\xe5\x82\xb6\xc9>\xc6\x92\xfb\xd9&\xfb`k\
\xf9\x8c\x1e!\x06\x00@2\x00\x00\xf6*\xcfo\x9b\xec\
\xa3\x94\x0b\xda&\xfb\x18K\xeeg\x9b\xec\x83\xad\xe53\
z\x84\x18\x00\x00\xc9\x00\x00\xd8\xab<\xbfm\xb2\x8fR\
.h\x9b\xecc,\xb9\x9fm\xb2\x0f\xb6\x96\xcf\xe8\x11\
b\x00\x00$\x03\x00`\xaf\xf2\xfc\xb6\xc9>J\xb9\xa0\
m\xb2\x8f\xb1\xe4~\xb6\xc9>\xd8Z>\xa3G\x88\x01\
\x00\x90\x0c\x00\x80\xbd\xca\xf3\xdb&\xfb(\xe5\x82\xb6\xc9\
>\xc6\x92\xfb\xd9&\xfb`k\xf9\x8c\x1e!\x06\x00@\
2\x00\x00\xf6*\xcfo\x9b\xec\xa3\x94\x0b\xda&\xfb\x18\
K\xeeg\x9b\xec\x83\xad\xe53z\x84\x18\x00\x00\xc9\x00\
\x00\xd8\xab<\xbfm\xb2\x8fR.h\x9b\xecc,\xb9\
\x9fm\xb2\x0f\xb6\x96\xcf\xe8\x11b\x00\x00$\x03\x00`\
\xaf\xf2\xfc\xb6\xc9>J\xb9\xa0m\xb2\x8f\xb1\xe4~\xb6\
\xc9>\xd8Z>\xa3G\x88\x01\x00\x90\x0c\x00\x80\xbd\xca\
\xf3\xdb&\xfb(\xe5\x82\xb6\xc9>\xc6\x92\xfb\xd9&\xfb\
`k\xf9\x8c\x1e!\x06\x00@2\x00\x00\xf6*\xcfo\
\x9b\xec\xa3\x94\x0b\xda&\xfb\x18K\xeeg\x9b\xec\x83\xad\
\xe53z\x84\x18\x00\x00\xc9\x00\x00\xd8\xab<\xbfm\xb2\
\x8fR.h\x9b\xecc,\xb9\x9fm\xb2\x0f\xb6\x96\xcf\
\xe8\x11b\x00\x00$\x03\x00`\xaf\xf2\xfc\xb6\xc9>J\
\xb9\xa0m\xb2\x8f\xb1\xe4~\xb6\xc9>\xd8Z>\xa3G\
\x88\x01\x00\x90\x0c\x00\x80\xbd\xca\xf3\xdb&\xfb(\xe5\x82\
\xb6\xc9>\xc6\x92\xfb\xd9&\xfb`k\xf9\x8c\x1e!\x06\
\x00@2\x00\x00\xf6*\xcfo\x9b\xec\xa3\x94\x0b\xda&\
\xfb\x18K\xeeg\x9b\xec\x83\xad\xe53z\x84\x18\x00\x00\
\xc9\x00\x00\xd8\xab<\xbfm\xb2\x8fR.h\x9b\xecc\
,\xb9\x9fm\xb2\x0f\xb6\x96\xcf\xe8\x11b\x00\x00$\x03\
\x00`\xaf\xf2\xfc\xb6\xc9>J\xb9\xa0m\xb2\x8f\xb1\xe4\
~\xb6\xc9>\xd8Z>\xa3G\x88\x01\x00\x90\x0c\x00\x80\
\xbd\xca\xf3\xdb&\xfb(\xe5\x82\xb6\xc9>\xc6\x92\xfb\xd9\
&\xfb`k\xf9\x8c\x1e!\x06\x00@2\x00\x00\xf6*\
\xcfo\x9b\xec\xa3\x94\x0b\xda&\xfb\x18K\xeeg\x9b\xec\
\x83\xad\xe53z\x84\x18\x00\x00\xc9\x00\x00\xd8\xab<\xbf\
m\xb2\x8fR.h\x9b\xecc,\xb9\x9fm\xb2\x0f\xb6\
\x96\xcf\xe8\x11b\x00\x00$\x03\x00`\xaf\xf2\xfc\xb6\xc9\
>J\xb9\xa0m\xb2\x8f\xb1\xe4~\xb6\xc9>\xd8Z>\
\xa3G\x88\x01\x00\x90\x0c\x00\x80\xbd\xca\xf3\xdb&\xfb(\
\xe5\x82\xb6\xc9>\xc6\x92\xfb\xd9&\xfb`k\xf9\x8c\x1e\
!\x06\x00@2\x00\x00\xf6*\xcfo\x9b\xec\xa3\x94\x0b\
\xda&\xfb\x18K\xeeg\x9b\xec\x83\xad\xe53z\x84\x18\
\x00\x00\xc9\x00\x00\xd8\xab<\xbfm\xb2\x8fR.h\x9b\
\xecc,\xb9\x9fm\xb2\x0f\xb6\x96\xcf\xe8\x11b\x00\x00\
$\x03\x00`\xaf\xf2\xfc\xb6\xc9>J\xb9\xa0m\xb2\x8f\
\xb1\xe4~\xb6\xc9>\xd8Z>\xa3G\x88\x01\x00\x90\x0c\
\x00\x80\xbd\xca\xf3\xdb&\xfb(\xe5\x82\xb6\xc9>\xc6\x92\
\xfb\xd9&\xfb`k\xf9\x8c\x1e!\x06\x00@2\x00\x00\
\xf6*\xcfo\x9b\xec\xa3\x94\x0b\xda&\xfb\x18K\xeeg\
\x9b\xec\x83\xad\xe53z\x84\x18\x00\x00\xc9\x00\x00\xd8\xab\
<\xbfm\xb2\x8fR.h\x9b\xecc,\xb9\x9fm\xb2\
\x0f\xb6\x96\xcf\xe8\x11b\x00\x00$\x03\x00`\xaf\xf2\xfc\
\xb6\xc9>J\xb9\xa0m\xb2\x8f\xb1\xe4~\xb6\xc9>\xd8\
Z>\xa3G\x88\x01\x00\x90\x0c\x00\x80\xbd\xca\xf3\xdb&\
\xfb(\xe5\x82\xb6\xc9>\xc6\x92\xfb\xd9&\xfb`k\xf9\
\x8c\x1e!\x06\x00@2\x00\x00\xf6*\xcfo\x9b\xec\xa3\
\x94\x0b\xda&\xfb\x18K\xeeg\x9b\xec\x83\xad\xe53z\
\x84\x18\x00\x00\xc9\x00\x00\xd8\xab<\xbfm\xb2\x8fR.\
h\x9b\xecc,\xb9\x9fm\xb2\x0f\xb6\x96\xcf\xe8\x11b\
\x00\x00$\x03\x00`\xaf\xf2\xfc\xb6\xc9>J\xb9\xa0m\
\xb2\x8f\xb1\xe4~\xb6\xc9>\xd8Z>\xa3G\x88\x01\x00\
\x90\x0c\x00\x80\xbd\xca\xf3\xdb&\xfb(\xe5\x82\xb6\xc9>\
\xc6\x92\xfb\xd9&\xfb`k\xf9\x8c\x1e!\x06\x00@2\
\x00\x00\xf6*\xcfo\x9b\xec\xa3\x94\x0b\xda&\xfb\x18K\
\xeeg\x9b\xec\x83\xad\xe53z\x84\x18\x00\x00\xc9\x00\x00\
\xd8\xab<\xbfm\xb2\x8fR.h\x9b\xecc,\xb9\x9f\
m\xb2\x0f\xb6\x96\xcf\xe8\x11b\x00\x00$\x03\x00`\xaf\
\xf2\xfc\xb6\xc9>J\xb9\xa0m\xb2\x8f\xb1\xe4~\xb6\xc9\
>\xd8Z>\xa3G\x88\x01\x00\x90\x0c\x00\x80\xbd\xca\xf3\
\xdb&\xfb(\xe5\x82\xb6\xc9>\xc6\x92\xfb\xd9&\xfb`\
k\xf9\x8c\x1e!\x06\x00@2\x00\x00\xf6*\xcfo\x9b\
\xec\xa3\x94\x0b\xda&\xfb\x18K\xeeg\x9b\xec\x83\xad\xe5\
3z\x84\x18\x00\x00\xc9\x00\x00\xd8\xab<\xbfm\xb2\x8f\
R.h\x9b\xecc,\xb9\x9fm\xb2\x0f\xb6\x96\xcf\xe8\
\x11b\x00\x00$\x03\x00`\xaf\xf2\xfc\xb6\xc9>J\xb9\
\xa0m\xb2\x8f\xb1\xe4~\xb6\xc9>\xd8Z>\xa3G\x88\
\x01\x00\x90\x0c\x00\x80\xbd\xca\xf3\xdb&\xfb(\xe5\x82\xb6\
\xc9>\xc6\x92\xfb\xd9&\xfb`k\xf9\x8c\x1e!\x06\x00\
@2\x00\x00\xf6*\xcfo\x9b\xec\xa3\x94\x0b\xda&\xfb\
\x18K\xeeg\x9b\xec\x83\xad\xe53z\x84\x18\x00\x00\xc9\
\x00\x00\xd8\xab<\xbfm\xb2\x8fR.h\x9b\xecc,\
\xb9\x9fm\xb2\x0f\xb6\x96\xcf\xe8\x11b\x00\x00$\x03\x00\
`\xaf\xf2\xfc\xb6\xc9>J\xb9\xa0m\xb2\x8f\xb1\xe4~\
\xb6\xc9>\xd8Z>\xa3G\x88\x01\x00\x90\x0c\x00\x80\xbd\
\xca\xf3\xdb&\xfb(\xe5\x82\xb6\xc9>\xc6\x92\xfb\xd9&\
\xfb`k\xf9\x8c\x1e!\x06\x00@2\x00\x00\xf6*\xcf\
o\x9b\xec\xa3\x94\x0b\xda&\xfb\x18K\xeeg\x9b\xec\x83\
\xad\xe53z\x84\x18\x00\x00\xc9\x00\x00\xd8\xab<\xbfm\
\xb2\x8fR.h\x9b\xecc,\xb9\x9fm\xb2\x0f\xb6\x96\
\xcf\xe8\x11b\x00\x00$\x03\x00`\xaf\xf2\xfc\xb6\xc9>\
J\xb9\xa0m\xb2\x8f\xb1\xe4~\xb6\xc9>\xd8Z>\xa3\
G\x88\x01\x00\x90\x0c\x00\x80\xbd\xca\xf3\xdb&\xfb(\xe5\
\x82\xb6\xc9>\xc6\x92\xfb\xd9&\xfb`k\xf9\x8c\x1e!\
\x06\x00@2\x00\x00\xf6*\xcfo\x9b\xec\xa3\x94\x0b\xda\
&\xfb\x18K\xeeg\x9b\xec\x83\xad\xe53z\x84\x18\x00\
\x00\xc9\x00\x00\xd8\xab<\xbfm\xb2\x8fR.h\x9b\xec\
c,\xb9\x9fm\xb2\x0f\xb6\x96\xcf\xe8\x11b\x00\x00$\
\x03\x00`\xaf\xf2\xfc\xb6\xc9>J\xb9\xa0m\xb2\x8f\xb1\
\xe4~\xb6\xc9>\xd8Z>\xa3G\x88\x01\x00\x90\x0c\x00\
\x80\xbd\xca\xf3\xdb&\xfb(\xe5\x82\xb6\xc9>\xc6\x92\xfb\
\xd9&\xfb`k\xf9\x8c\x1e!\x06\x00@2\x00\x00\xf6\
*\xcfo\x9b\xec\xa3\x94\x0b\xda&\xfb\x18K\xeeg\x9b\
\xec\x83\xad\xe53z\x84\x18\x00\x00\xc9\x00\x00\xd8\xab<\
\xbfm\xb2\x8fR.h\x9b\xecc,\xb9\x9fm\xb2\x0f\
\xb6\x96\xcf\xe8\x11b\x00\x00$\x03\x00`\xaf\xf2\xfc\xb6\
\xc9>J\xb9\xa0m\xb2\x8f\xb1\xe4~\xb6\xc9>\xd8Z\
>\xa3G\x88\x01\x00\x90\x0c\x00\x80\xbd\xca\xf3\xdb&\xfb\
(\xe5\x82\xb6\xc9>\xc6\x92\xfb\xd9&\xfb`k\xf9\x8c\
\x1e!\x06\x00@2\x00\x00\xf6*\xcfo\x9b\xec\xa3\x94\
\x0b\xda&\xfb\x18K\xeeg\x9b\xec\x83\xad\xe53z\x84\
\x18\x00\x00\xc9\x00\x00\xd8\xab<\xbfm\xb2\x8fR.h\
\x9b\xecc,\xb9\x9fm\xb2\x0f\xb6\x96\xcf\xe8\x11b\x00\
\x00$\x03\x00`\xaf\xf2\xfc\xb6\xc9>J\xb9\xa0m\xb2\
\x8f\xb1\xe4~\xb6\xc9>\xd8Z>\xa3G\x88\x01\x00\x90\
\x0c\x00\x80\xbd\xca\xf3\xdb&\xfb(\xe5\x82\xb6\xc9>\xc6\
\x92\xfb\xd9&\xfb`k\xf9\x8c\x1e!\x06\x00@2\x00\
\x00\xf6*\xcfo\x9b\xec\xa3\x94\x0b\xda&\xfb\x18K\xee\
g\x9b\xec\x83\xad\xe53z\x84\x18\x00\x00\xc9\x00\x00\xd8\
\xab<\xbfm\xb2\x8fR.h\x9b\xecc,\xb9\x9fm\
\xb2\x0f\xb6\x96\xcf\xe8\x11b\x00\x00$\x03\x00`\xaf\xf2\
\xfc\xb6\xc9>J\xb9\xa0m\xb2\x8f\xb1\xe4~\xb6\xc9>\
\xd8Z>\xa3G\x88\x01\x00\x90\x0c\x00\x80\xbd\xca\xf3\xdb\
&\xfb(\xe5\x82\xb6\xc9>\xc6\x92\xfb\xd9&\xfb`k\
\xf9\x8c\x1e!\x06\x00@2\x00\x00\xf6*\xcfo\x9b\xec\
\xa3\x94\x0b\xda&\xfb\x18K\xeeg\x9b\xec\x83\xad\xe53\
z\x84\x18\x00\x00\xc9\x00\x00\xd8\xab<\xbfm\xb2\x8fR\
.h\x9b\xecc,\xb9\x9fm\xb2\x0f\xb6\x96\xcf\xe8\x11\
b\x00\x00$\x03\x00`\xaf\xf2\xfc\xb6\xc9>J\xb9\xa0\
m\xb2\x8f\xb1\xe4~\xb6\xc9>\xd8Z>\xa3G\x88\x01\
\x00\x90\x0c\x00\x80\xbd\xca\xf3\xdb&\xfb(\xe5\x82\xb6\xc9\
>\xc6\x92\xfb\xd9&\xfb`k\xf9\x8c\x1e!\x06\x00@\
2\x00\x00\xf6*\xcfo\x9b\xec\xa3\x94\x0b\xda&\xfb\x18\
K\xeeg\x9b\xec\x83\xad\xe53z\x84\x18\x00\x00\xc9\x00\
\x00\xd8\xab<\xbfm\xb2\x8fR.h\x9b\xecc,\xb9\
\x9fm\xb2\x0f\xb6\x96\xcf\xe8\x11b\x00\x00$\x03\x00`\
\xaf\xf2\xfc\xb6\xc9>J\xb9\xa0m\xb2\x8f\xb1\xe4~\xb6\
\xc9>\xd8Z>\xa3G\x88\x01\x00\x90\x0c\x00\x80\xbd\xca\
\xf3\xdb&\xfb(\xe5\x82\xb6\xc9>\xc6\x92\xfb\xd9&\xfb\
`k\xf9\x8c\x1e!\x06\x00@2\x00\x00\xf6*\xcfo\
\x9b\xec\xa3\x94\x0b\xda&\xfb\x18K\xeeg\x9b\xec\x83\xad\
\xe53z\x84\x18\x00\x00\xc9\x00\x00\xd8\xab<\xbfm\xb2\
\x8fR.h\x9b\xecc,\xb9\x9fm\xb2\x0f\xb6\x96\xcf\
\xe8\x11b\x00\x00$\x03\x00`\xaf\xf2\xfc\xb6\xc9>J\
\xb9\xa0m\xb2\x8f\xb1\xe4~\xb6\xc9>\xd8Z>\xa3G\
\x88\x01\x00\x90\x0c\x00\x80\xbd\xca\xf3\xdb&\xfb(\xe5\x82\
\xb6\xc9>\xc6\x92\xfb\xd9&\xfb`k\xf9\x8c\x1e!\x06\
\x00@2\x00\x00\xf6*\xcfo\x9b\xec\xa3\x94\x0b\xda&\
\xfb\x18K\xeeg\x9b\xec\x83\xad\xe53z\x84\x18\x00\x00\
\xc9\x00\x00\xd8\xab<\xbfm\xb2\x8fR.h\x9b\xecc\
,\xb9\x9fm\xb2\x0f\xb6\x96\xcf\xe8\x11b\x00\x00$\x03\
\x00`\xaf\xf2\xfc\xb6\xc9>J\xb9\xa0m\xb2\x8f\xb1\xe4\
~\xb6\xc9>\xd8Z>\xa3G\x88\x01\x00\x90\x0c\x00\x80\
\xbd\xca\xf3\xdb&\xfb(\xe5\x82\xb6\xc9>\xc6\x92\xfb\xd9\
&\xfb`k\xf9\x8c\x1e!\x06\x00@2\x00\x00\xf6*\
\xcfo\x9b\xec\xa3\x94\x0b\xda&\xfb\x18K\xeeg\x9b\xec\
\x83\xad\xe53z\x84\x18\x00\x00\xc9\x00\x00\xd8\xab<\xbf\
m\xb2\x8fR.h\x9b\xecc,\xb9\x9fm\xb2\x0f\xb6\
\x96\xcf\xe8\x11b\x00\x00$\x03\x00`\xaf\xf2\xfc\xb6\xc9\
>J\xb9\xa0m\xb2\x8f\xb1\xe4~\xb6\xc9>\xd8Z>\
\xa3G\x88\x01\x00\x90\x0c\x00\x80\xbd\xca\xf3\xdb&\xfb(\
\xe5\x82\xb6\xc9>\xc6\x92\xfb\xd9&\xfb`k\xf9\x8c\x1e\
!\x06\x00@2\x00\x00\xf6*\xcfo\x9b\xec\xa3\x94\x0b\
\xda&\xfb\x18K\xeeg\x9b\xec\x83\xad\xe53z\x84\x18\
\x00\x00\xc9\x00\x00\xd8\xab<\xbfm\xb2\x8fR.h\x9b\
\xecc,\xb9\x9fm\xb2\x0f\xb6\x96\xcf\xe8\x11b\x00\x00\
$\x03\x00`\xaf\xf2\xfc\xb6\xc9>J\xb9\xa0m\xb2\x8f\
\xb1\xe4~\xb6\xc9>\xd8Z>\xa3G\x88\x01\x00\x90\x0c\
\x00\x80\xbd\xca\xf3\xdb&\xfb(\xe5\x82\xb6\xc9>\xc6\x92\
\xfb\xd9&\xfb\x00\x00\x00\xe6\xe4}\xa2M\xf6Q\xca\x05\
m\x93}\x8c%\xf7\xb3M\xf6\x01\x00\x00\xcc\xc9\xfbD\
\x9b\xec\xa3\x94\x0b\xda&\xfb\x18K\xeeg\x9b\xec\x03\x00\
\x00\x98\x93\xf7\x896\xd9G)\x17\xb4M\xf61\x96\xdc\
\xcf6\xd9\x07\x00\x000'\xef\x13m\xb2\x8fR.h\
\x9b\xecc,\xb9\x9fm\xb2\x0f\x00\x00`N\xde'\xda\
d\x1f\xa5\x5c\xd06\xd9\xc7Xr?\xdbd\x1f\x00\x00\
\xc0\x9c\xbcO\xb4\xc9>J\xb9\xa0m\xb2\x8f\xb1\xe4~\
\xb6\xc9>\x00\x00\x809y\x9fh\x93}\x94rA\xdb\
d\x1fc\xc9\xfdl\x93}\x00\x00\x00s\xf2>\xd1&\
\xfb(\xe5\x82\xb6\xc9>\xc6\x92\xfb\xd9&\xfb\x00\x00\x00\
\xe6\xe4}\xa2M\xf6Q\xca\x05m\x93}\x8c%\xf7\xb3\
M\xf6\x01\x00\x00\xcc\xc9\xfbD\x9b\xec\xa3\x94\x0b\xda&\
\xfb\x18K\xeeg\x9b\xec\x03\x00\x00\x98\x93\xf7\x896\xd9\
G)\x17\xb4M\xf61\x96\xdc\xcf6\xd9\x07\x00\x000\
'\xef\x13m\xb2\x8fR.h\x9b\xecc,\xb9\x9fm\
\xb2\x0f\x00\x00`N\xde'\xdad\x1f\xa5\x5c\xd06\xd9\
\xc7Xr?\xdbd\x1f\x00\x00\xc0\x9c\xbcO\xb4\xc9>\
J\xb9\xa0m\xb2\x8f\xb1\xe4~\xb6\xc9>\x00\x00\x809\
y\x9fh\x93}\x94rA\xdbd\x1fc\xc9\xfdl\x93\
}\x00\x00\x00s\xf2>\xd1&\xfb(\xe5\x82\xb6\xc9>\
\xc6\x92\xfb\xd9&\xfb\x00\x00\x00\xe6\xe4}\xa2M\xf6Q\
\xca\x05m\x93}\x8c%\xf7\xb3M\xf6\x01\x00\x00\xcc\xc9\
\xfbD\x9b\xec\xa3\x94\x0b\xda&\xfb\x18K\xeeg\x9b\xec\
\x03\x00\x00\x98\x93\xf7\x896\xd9G)\x17\xb4M\xf61\
\x96\xdc\xcf6\xd9\x07\x00\x000'\xef\x13m\xb2\x8fR\
.h\x9b\xecc,\xb9\x9fm\xb2\x0f\x00\x00`N\xde\
'\xdad\x1f\xa5\x5c\xd06\xd9\xc7Xr?\xdbd\x1f\
\x00\x00\xc0\x9c\xbcO\xb4\xc9>J\xb9\xa0m\xb2\x8f\xb1\
\xe4~\xb6\xc9>\x00\x00\x809y\x9fh\x93}\x94r\
A\xdbd\x1fc\xc9\xfdl\x93}\x00\x00\x00s\xf2>\
\xd1&\xfb(\xe5\x82\xb6\xc9>\xc6\x92\xfb\xd9&\xfb\x00\
\x00\x00\xe6\xe4}\xa2M\xf6Q\xca\x05m\x93}\x8c%\
\xf7\xb3M\xf6\x01\x00\x00\xcc\xc9\xfbD\x9b\xec\xa3\x94\x0b\
\xda&\xfb\x18K\xeeg\x9b\xec\x03\x00\x00\x98\x93\xf7\x89\
6\xd9G)\x17\xb4M\xf61\x96\xdc\xcf6\xd9\x07\x00\
\x000'\xef\x13m\xb2\x8fR.h\x9b\xecc,\xb9\
\x9fm\xb2\x0f\x00\x00`N\xde'\xdad\x1f\xa5\x5c\xd0\
6\xd9\xc7Xr?\xdbd\x1f\x00\x00\xc0\x9c\xbcO\xb4\
\xc9>J\xb9\xa0m\xb2\x8f\xb1\xe4~\xb6\xc9>\x00\x00\
\x809y\x9fh\x93}\x94rA\xdbd\x1fc\xc9\xfd\
l\x93}\x00\x00\x00s\xf2>\xd1&\xfb(\xe5\x82\xb6\
\xc9>\xc6\x92\xfb\xd9&\xfb\x00\x00\x00\xe6\xe4}\xa2M\
\xf6Q\xca\x05m\x93}\x8c%\xf7\xb3M\xf6\x01\x00\x00\
\xcc\xc9\xfbD\x9b\xec\xa3\x94\x0b\xda&\xfb\x18K\xeeg\
\x9b\xec\x03\x00\x00\x98\x93\xf7\x896\xd9G)\x17\xb4M\
\xf61\x96\xdc\xcf6\xd9\x07\x00\x000'\xef\x13m\xb2\
\x8fR.h\x9b\xecc,\xb9\x9fm\xb2\x0f\x00\x00`\
N\xde'\xdad\x1f\xa5\x5c\xd06\xd9\xc7Xr?\xdb\
d\x1f\x00\x00\xc0\x9c\xbcO\xb4\xc9>J\xb9\xa0m\xb2\
\x8f\xb1\xe4~\xb6\xc9>\x00\x00\x809y\x9fh\x93}\
\x94rA\xdbd\x1fc\xc9\xfdl\x93}\x00\x00\x00s\
\xf2>\xd1&\xfb(\xe5\x82\xb6\xc9>\xc6\x92\xfb\xd9&\
\xfb\x00\x00\x00\xe6\xe4}\xa2M\xf6Q\xca\x05m\x93}\
\x8c%\xf7\xb3M\xf6\x01\x00\x00\xcc\xc9\xfbD\x9b\xec\xa3\
\x94\x0b\xda&\xfb\x18K\xeeg\x9b\xec\x03\x00\x00\x98\x93\
\xf7\x896\xd9G)\x17\xb4M\xf61\x96\xdc\xcf6\xd9\
\x07\x00\x000'\xef\x13m\xb2\x8fR.h\x9b\xecc\
,\xb9\x9fm\xb2\x0f\x00\x00`N\xde'\xdad\x1f\xa5\
\x5c\xd06\xd9\xc7Xr?\xdbd\x1f\x00\x00\xc0\x9c\xbc\
O\xb4\xc9>J\xb9\xa0m\xb2\x8f\xb1\xe4~\xb6\xc9>\
\x00\x00\x809y\x9fh\x93}\x94rA\xdbd\x1fc\
\xc9\xfdl\x93}\x00\x00\x00s\xf2>\xd1&\xfb(\xe5\
\x82\xb6\xc9>\xc6\x92\xfb\xd9&\xfb\x00\x00\x00\xe6\xe4}\
\xa2M\xf6Q\xca\x05m\x93}\x8c%\xf7\xb3M\xf6\x01\
\x00\x00\xcc\xc9\xfbD\x9b\xec\xa3\x94\x0b\xda&\xfb\x18K\
\xeeg\x9b\xec\x03\x00\x00\x98\x93\xf7\x896\xd9G)\x17\
\xb4M\xf61\x96\xdc\xcf6\xd9\x07\x00\x000'\xef\x13\
m\xb2\x8fR.h\x9b\xecc,\xb9\x9fm\xb2\x0f\x00\
\x00`N\xde'\xdad\x1f\xa5\x5c\xd06\xd9\xc7Xr\
?\xdbd\x1f\x00\x00\xc0\x9c\xbcO\xb4\xc9>J\xb9\xa0\
m\xb2\x8f\xb1\xe4~\xb6\xc9>\x00\x00\x809y\x9fh\
\x93}\x94rA\xdbd\x1fc\xc9\xfdl\x93}\x00\x00\
\x00s\xf2>\xd1&\xfb(\xe5\x82\xb6\xc9>\xc6\x92\xfb\
\xd9&\xfb\x00\x00\x00\xe6\xe4}\xa2M\xf6Q\xca\x05m\
\x93}\x8c%\xf7\xb3M\xf6\x01\x00\x00\xcc\xc9\xfbD\x9b\
\xec\xa3\x94\x0b\xda&\xfb\x18K\xeeg\x9b\xec\x03\x00\x00\
\x98\x93\xf7\x896\xd9G)\x17\xb4M\xf61\x96\xdc\xcf\
6\xd9\x07\x00\x000'\xef\x13m\xb2\x8fR.h\x9b\
\xecc,\xb9\x9fm\xb2\x0f\x00\x00`N\xde'\xdad\
\x1f\xa5\x5c\xd06\xd9\xc7Xr?\xdbd\x1f\x00\x00\xc0\
\x9c\xbcO\xb4\xc9>J\xb9\xa0m\xb2\x8f\xb1\xe4~\xb6\
\xc9>\x00\x00\x809y\x9fh\x93}\x94rA\xdbd\
\x1fc\xc9\xfdl\x93}\x00\x00\x00s\xf2>\xd1&\xfb\
(\xe5\x82\xb6\xc9>\xc6\x92\xfb\xd9&\xfb\x00\x00\x00\xe6\
\xe4}\xa2M\xf6Q\xca\x05m\x93}\x8c%\xf7\xb3M\
\xf6\x01\x00\x00\xcc\xc9\xfbD\x9b\xec\xa3\x94\x0b\xda&\xfb\
\x18K\xeeg\x9b\xec\x03\x00\x00\x98\x93\xf7\x896\xd9G\
)\x17\xb4M\xf61\x96\xdc\xcf6\xd9\x07\x00\x000'\
\xef\x13m\xb2\x8fR.h\x9b\xecc,\xb9\x9fm\xb2\
\x0f\x00\x00`N\xde'\xdad\x1f\xa5\x5c\xd06\xd9\xc7\
Xr?\xdbd\x1f\x00\x00\xc0\x9c\xbcO\xb4\xc9>J\
\xb9\xa0m\xb2\x8f\xb1\xe4~\xb6\xc9>\x00\x00\x809y\
\x9fh\x93}\x94rA\xdbd\x1fc\xc9\xfdl\x93}\
\x00\x00\x00s\xf2>\xd1&\xfb(\xe5\x82\xb6\xc9>\xc6\
\x92\xfb\xd9&\xfb\x00\x00\x00\xe6\xe4}\xa2M\xf6Q\xca\
\x05m\x93}\x8c%\xf7\xb3M\xf6\x01\x00\x00\xcc\xc9\xfb\
D\x9b\xec\xa3\x94\x0b\xda&\xfb\x18K\xeeg\x9b\xec\x03\
\x00\x00\x98\x93\xf7\x896\xd9G)\x17\xb4M\xf61\x96\
\xdc\xcf6\xd9\x07\x00\x000'\xef\x13m\xb2\x8fR.\
h\x9b\xecc,\xb9\x9fm\xb2\x0f\x00\x00`N\xde'\
\xdad\x1f\xa5\x5c\xd06\xd9\xc7Xr?\xdbd\x1f\x00\
\x00\xc0\x9c\xbcO\xb4\xc9>J\xb9\xa0m\xb2\x8f\xb1\xe4\
~\xb6\xc9>\x00\x00\x809y\x9fh\x93}\x94rA\
\xdbd\x1fc\xc9\xfdl\x93}\x00\x00\x00s\xf2>\xd1\
&\xfb(\xe5\x82\xb6\xc9>\xc6\x92\xfb\xd9&\xfb\x00\x00\
\x00\xe6\xe4}\xa2M\xf6Q\xca\x05m\x93}\x8c%\xf7\
\xb3M\xf6\x01\x00\x00\xcc\xc9\xfbD\x9b\xec\xa3\x94\x0b\xda\
&\xfb\x18K\xeeg\x9b\xec\x03\x00\x00\x98\x93\xf7\x896\
\xd9G)\x17\xb4M\xf61\x96\xdc\xcf6\xd9\x07\x00\x00\
0'\xef\x13m\xb2\x8fR.h\x9b\xecc,\xb9\x9f\
m\xb2\x0f\x00\x00`N\xde'\xdad\x1f\xa5\x5c\xd06\
\xd9\xc7Xr?\xdbd\x1f\x00\x00\xc0\x9c\xbcO\xb4\xc9\
>J\xb9\xa0m\xb2\x8f\xb1\xe4~\xb6\xc9>\x00\xc6\xf7\
\xe6\xf6\x9bo\xde\xdc\xfe\xf5\x87\xf7w\xaf~\xfe\xe3\xee\
\xe6\xd7\xfb\xff\xfb\xdb\xbb\xbb\x9b\xdf\xdf}{\xf3?o\
\xbf\xbb\xf9)\x7f\xfc\x9c\xfb\x9e\xef\xa7\x8e\xe9\xf5S\xcf\
\xf4\xda\xa9;\x7f\xdc\xd6\xa6\xf7\x94\xef\xf3\xffn\xbf\xb9\
\xcd\x1f\x07\xc0\xcb\xe5}\xa2M\xf6Q\xca\x05m\x93}\
\x8c%\xf7\xb3M\xf6\x010\xa6O\x97\xe0\xe9\x92\x7f\xff\
\xf3\xfb\x87\xfc\xf9\xfeS\xfe\xb8{\xf5:_\xfb\x98\xb7\
w\xaf\xfe+_;\xe5\xfec\xbcy{{\xf3c\xfe\
\xf8\xad\xdc\xbf\xa7\xff\xfc\xca\xe7\xfbK\xfex\x00^\xe6\
\x91\x9fk\xabd\x1f\xa5\x5c\xd06\xd9\xc7Xr?\xdb\
d\x1f\x00\xe3\xb9\xff\xf9\xfc\x97w\xf3\x97\xe0/\xb2d\
\x00\xf0\xfe\xee\xe6\xb7|]\xa6\x1d\x02\xbc\xb9\xfd\xdb\xf7\
on\xbf\xf9\xe1ki\xff\xd4\xfe\xdd\x9f\x9f\xf7\xc9{\
\x8b\x18\x02\x00\x9c\xd1#?\xcfV\xc9>J\xb9\xa0m\
\xb2\x8f\xb1\xe4~\xb6\xc9>\x00\xc6q\x7fi\xbe}{\
\xf7\xea\x7f\xf3\xe7\xf6\xaf\xe5\xa9\x01\xc0\xf4\xe5\xf3\xf9\x9a\
\x99|h\xfe:\xc0\xc7\xafL\xc8\x8e/R\xfe\xf5\x84\
\xdb|\xfd\x5c\xde\xdf\xfe\xed\xfb|=\x00\xcf\x93?\xc7\
\xb6\xc9>J\xb9\xa0m\xb2\x8f\xb1\xe4~\xb6\xc9>\x00\
\xc6\xf0\xf1\xf2\xff&\x7f^\x7f*O\x0d\x00\x96\x5c\xd4\
?\xa5\xb9\xb0/\xe9m\xfa\xee?\x8f_\xf3\xf5s\x99\
\xbe/@\xbe\x1e\x80\xe7\xc9\x9fc\xdbd\x1f\xa5\x5c\xd0\
6\xd9\xc7Xr?\xdbd\x1f\x00cx\xce\xe5\x7f\xca\
\x93\x03\x80\x85\x7f\x95\xe0\xcf\xae\xe5\x17\xebs\x0f\x00\x96\
\xf4\xfd+\xf7?6_\x0f\xc0\xf3\x9c\xfc\x1c[&\xfb\
(\xe5\x82\xb6\xc9>\xc6\x92\xfb\xd9&\xfb\x80}\x9a.\
F\xd3w8?g\xa6\x8b\xe0\x947\xb77?~\xfc\
;\xd8\x8b\xbf\x9c\x9bm\x15_\xa6\x7f\x92\x05\x03\x80\x93\
\xd7\xcc\xe5\xfdw\xaf~\xcb\xd7\xcfYra7\x00\x00\
\xd8\xbf\x93\x9fc\xcbd\x1f\xa5\x5c\xd06\xd9\xc7Xr\
?\xdbd\x1f\xb0O\x7f|\xfb\xea\xbf\xf3\xfc\xae\x92\xfb\
\x8b\xd2\xf4\xa7\xba\xed7c\xe3\xb2\x9e\xf9\xa7\xff\x1f\xde\
~\xfb\xea\xcd\xfb\xbbW?g\xdf\xe7\xa6\x1f\xf3\xc8k\
\x1f\xcdS\xc3\x84\xcf-\xb9\xb07\x03\x80\xfb\x1f\xfb\x8f\
|\xfd\x5c\xde~\xfb\x97\x7f\xe4\xeb\x01x\x9e\xfc9\xb6\
M\xf6Q\xca\x05m\x93}\x8c%\xf7\xb3M\xf6\x01\xfb\
t\xb1\x01\xc0\xe7)\xff\xcdx.\xe3~O~<\xd9\
\xab\xb9\xdc\xef\xe1t\xe1o\x06:\xcd\xdf\xadoz\xcf\
=\x00\xf8c\xfa'\x0f\x1f\xe9x,M/\x00_\x97\
?\xc7\xb6\xc9>J\xb9\xa0m\xb2\x8f\xb1\xe4~\xb6\xc9\
>`\x9f6\x19\x00|\xca\xfd\xc5\xad\xb9\xe8\xb1\xae\xb7\
\xdf\xde,}\x16^\xe7k\x97\xf8\xf8\xdd\xf5\x9f\xfc>\
\x00\xcd\x97\xffO\xce=\x00\x98\xfe\xca\xca\x92\xafVx\
\x7f\xf7\xeaM\xbe\x16\x80\xe7\xcb\x9fg\xdbd\x1f\xa5\x5c\
\xd06\xd9\xc7Xr?\xdbd\x1f\xb0O\x9b\x0e\x00\xfe\
\x9d_\xf2}qy\xf7\x17\xda\x7f>\xb27_\xe4\xa5\
\x97\xde\xf7\xb7\xdf|\xff\xeekC\x80\xfb\xcb|\xfb=\
#\xce=\x00\x98<\xfcK\x08_\x19\x02L\xeb`x\
\x05p^\xf9sm\x9b\xec\xa3\x94\x0b\xda&\xfb\x18K\
\xeeg\x9b\xec\x03\xf6i'\x03\x80)\x86\x00\x1b{d\
ON\xd2^\xa4\x1f\xf3\xf1r==w\xff\x1a\x04|\
\xbcl\xbf\xce\x1f\xbb\xc4\x1a\x03\x80\xc9\xa7\xf7\x19\x83\x80\
\xe9=\xbfn\x87\x14\x00<-\x7f\xeen\x93}\x94r\
A\xdbd\x1fc\xc9\xfdl\x93}\xc0>\xedh\x000\
\xc5\x10`#\x1f\xbf<?\xf7\xe3$\xf7?\xee\xfb|\
\xedKL\x17\xe9\x97^\xa6\xd7\x1a\x00|\xee\x1c\xef\x13\
\x80\xaf\xcb\x9f\xbb\xdbd\x1f\xa5\x5c\xd06\xd9\xc7Xr\
?\xdbd\x1f\xb0O\x0b\x07\x00\x0f\xdf\xe5}i\xa6\x1f\
\xffH\xc7\xb2\xdc~\xf3C\xbeG\xd6\xf7\xe6\xf6\xaf?\
\x9c\xec\xc5#\xc9\xd7\xed\xc1%\x06\x00\x00\xac/\x7f\xee\
n\x93}\x94rA\xdbd\x1fc\xc9\xfdl\x93}\xc0\
>-\x19\x004\xff$\xdb'\xd3\x9f\x96\xbe\xbb\xbfT\
>\xf2%\xd4_\xcd\xf4w\xab\xfdI\xeb\xe5\x19\x00\x00\
\xb0\xb5\xfc\xb9\xbbM\xf6Q\xca\x05m\x93}\x8c%\xf7\
\xb3M\xf6\x01\xfb\xb4\xd6\x00 \xdd\xf7\xbc\xce\xde\xb9\x9c\
\xe3\xe3\xd11\x00\x00`k\xf9sw\x9b\xec\xa3\x94\x0b\
\xda&\xfb\x18K\xeeg\x9b\xec\x03\xf6\xe9R\x03\x80\xc9\
\xdb\xdb\x9b\x9f\xb2{&\x1f|\x15\xc0e\x19\x00\x00\xb0\
\xb5\xfc\xb9\xbbM\xf6Q\xca\x05m\x93}\x8c%\xf7\xb3\
M\xf6\x01\xfbt\xc9\x01\xc0\xe4\xbe\xef\xd7\xec\x7f,K\
/l\xd37\xaf{*\xf9\x9a\xf4\xe6\xf6o\xdf\xbf\xbf\
{\xf5\xf3}~{ww\xf3\xfb\xc7\x7f\x8a\xee\xac\xdf\
\xec\xee\x93\xe9cM\x83\x90?\xeen~}\xf8x\xd3\
\xe55\xf2\xf1\xbf\xfd|\xff\x1e~Xc\x102u\xe6\
\x1a\xdd\xbf\xa7\x1fs\x0f\x1eK\xbe.\x93\x1f+\xe5\x8f\
\x9fI\xf59\xaf1\x00\x98\xde\xc3#\xef+S\xbd\xcf\
stN\xff\xfdk\xcf\xcf\xf4\xbfM\xe7\xf5\xcdJ\xcf\
\xceK\xfc\xf9\xf9\xff\xf5\x87\x7f\x9d\xb5|\xf6\xef\xcf\xde\
\xf4yM{5\x9d\x93|\xfdc\xce\xb1\xa6\xc0~\xe4\
\xcf\xddm\xb2\x8fR.h\x1b?\xe1\x8e-\xf7\xb3M\
\xf6\x01\xfbt\xe9\x01\xc0\xf4k\xc3\xbb\x05\xdf$\xf0\xfd\
w\xaf~\xcb\xd7\xa6\xe97\xf7\xf9\xba\xc7\x92\xaf\x9b|\
|\x1f\xbf\xbc\x9b{/g\xfcf\x84\x1f/=\xbf\xcd\
~\xac\xa7r\x7f9\xfa\xf3Rt\x9e_W\xa7\xfd<\
\xf9\x18g\xca\xff\xdd~}\x08\xb0\xc6e}\x8d\xce5\
\xce\xc5\x92u\x7f\xec\xb9\x9f\xf6}z\xffK>\xcf\x93\
||v\xb2\xf3\x92\xdeL\xc3\xa5g\xbc\xf7\xe9\xfb\x81\
L\x03\x81\xaf=S\xcf]S`\x9f\xf2\xfc\xb6\xc9>\
J\xb9\xa0u\xbe}\xf5\xcfs\xfdf\x85\xcb;\xd9\xcf\
2\xd9\x07\xec\xd3\x1a\x17\x9d\xa7\xfc\xb1\xe0\xab\x00\xa6\xdf\
\xfc\xe7\xeb\xd2s\x07\x00\xf7\xff\xdb\x7f\xbe{\xea2~\
\x86\x01\xc0}\xcf/o\xef\x96\x7f\x03\xc4\x05\xf9\xf0\xfe\
\xbb\x9b\xdf\xbev!Zb\xc9\xa5\xe9\xb9y\xea\xbd-\
\xb9\x08\xb6\x17\xd65:\xd78\x17K\xd6=/\xab\xd3\
\xfb>\xc734\x9d\xa7v\x0d^\xea\xdd\x92s\xb60\
s\xcf\xfds\xd6\x14\xd8\xaf<\xbfm\xb2\x8fR.\xe8\
\xb3b\x080\xac\x93\xbd,\x93}\xc0>\xadq\xd1y\
\xca\xd2\xef\x05\xf0\xd4\xaf\x1f\xed\x00`\xea{\x7fw\xf3\
[\xfe\xf7G\xf3\x82\x01\xc0\xf4'\xfe\xe7\xb8\xb4}%\
\xd3\xa5\xea\x97\xfc\xb8K-\xb94=7\x8f]\xd2>\
\xb7\xc6e}\x8d\xce5\xce\xc5\x92u\xfftY}\xf8\
\x0a\x95\x05\x9fW\x9d\xfb\xce\xa7\xf6\xe8\xa5\xde\xff\xfd\x9b\
\xef\xef\x9f\xff\xff=\xf9\xd8/\xcc\x9f_\x11\xf0\xea\xe7\
\xcf?V\xb3\xa6\xc0\xfe\xe5\xf9m\x93}\x94rA\x9f\
\x1dC\x80!\x9d\xecc\x99\xec\x03\xf6i\x8d\x8b\xceS\
\xde\xdf~\xf3}~\x8c\xc7\xf2\xd4E\xa5\x19\x00<|\
\x19us)y\xc6\x00\xe0\xe3\xc7\xf8\xaf\x93\xae\x952\
]\x88\x9eZ\xa3\xc7,\xb94=7O\xbd\x9f%\x97\
\xda\xf6\xb2\xbeF\xe7\x1a\xe7b\xc9\xbaO\x97\xd5\xe9\xb9\
^s\x804=7\xef\x17\xfe\x1d\xfb\xd6\xbb?\xff\xd4\
\xff\xe4c\x9e3\xd3W\x03|\xfa}\xe5\xd25\xcd\xf7\
\x09\xecS\x9e\xdf6\xd9G)\x17\xf4E1\x04\x18\xce\
\xc9\x1e\x96\xc9>`\x9f\xd6\xb8\xe8<e\xe9\xc5\xfd\xa9\
K\xf8\xd2\x9e\xe9\xc7\xbe\xfb\xee\xe6\xf7\xfc\xdf\xbf\x9a'\
>v\xfaxi[>`8S\x9es\x99[ri\
zn\x0c\x00\xe6-Z\xf7\xe9\xef\xec\xafx\xf9\xff,\
\x1f\xda\xe7\xe6)[\x0c\xbf\x96\xac\xa9\x01\x00\x8c#\xcf\
o\x9b\xec\xa3\x94\x0b\xfa\xe2\x18\x02\x0c\xe5d\xff\xcad\
\x1f\xb0Ok\x5ct\x9e\xb2\xf4\xe2\xfe\xd4%|q\xcf\
s\xfeT\xf2\x89\x8f\xfd\xb9\xb5\xff\xc4vI\xde\x7fw\
\xf3\xff\xe5\xfb\x9a\xb3\xe4\xd2\xf4\xdc\x18\x00\xcc[s\xdd\
\x9f\x93\xe7~\x05\xc9c.y\xf9\xffW\xee\x7f_9\
}\x93\xc0\x93\xff=b\x00\x00\xe3\xc8\xf3\xdb&\xfb(\
\xe5\x82\x9e%\x86\x00\xc38\xd9\xbb2\xd9\x07\xec\xd3\x1a\
\x17\x9d\xa7,\xfd7\xe7\xdf<\xf1O\xf1\x15\x03\x80\xfe\
\x1b\x91-\x1c\x00\xec\xe1\xf2\xff1\x8b\xffDw\xcd\x8b\
\xe8S\x17\xca5.\xebkt\xaeq.\xd6\x5c\xf7g\
\xe7~\xed\xf2}\xb6\xde\xfd\xf9\xafi\x9cv_&O\
\x9em\x03\x00\x18G\x9e\xdf6\xd9Gi\xba\xac\xe7\xa2\
\x9e%\x86\x00C8\xd9\xb72\xd9\x07\xec\xd3\x1a\x17\x9d\
\xa7<\xfc\x93f\x8f|\x9c\xccS\xbfV\x14\x03\x80>\
\x0b\x07\x00\xf5_-\xb8\xcf\xdbo\x1f\xbe\x99\xd9\xaf\xd3\
7C\x9c\xbe\x1f\xc2ti\x9e\xf2n\xfa\xe6\x81\xb77\
?\xde\xff\xf7\xff\x9e~L\xbe\xee\xa9,\xfd\x13\xdd\x87\
o\xd2v\xff\xb1?\xcf\xf4~\xb2\xef\xb1\xe4\xeb2O\
\xed\xd9\x1a\x97\xf55:\xd78\x17/\x1e\x00\xfc\xf9y\
\xbe\x9e\x9e\x91O\xcf\xccg\xcf\xcdO\xd3s\xf3n\xc1\
\x8583\xf5\xe5{]j\xe9Y~$\x1f\xa6\x7f\x1a\
sz\xdf\x9f\x9f\x81\xe9\xff=\xbd\x9f\x87\xf3\xf1\x8c3\
\xf0X\x0c\x00`\x1cy~\xdbd\x1f\xa5\xe9\x17qC\
\x80\xe3:\xd9\xb32\xd9\x07\xec\xd3\x1a\x17\x9d\xa7\xdc_\
\x1a\xfe\x91\x1f\xe3\x91\xfc3_\x97\xce4\x00\xf8\xf0\xe7\
\xafu\x7f\xf9}\xba\x90\xfc+\x0b\xfe4\xfd]\xfb'\
\x9f\xd3\x05\xee\xfe\xb2\x96=s\xa6\x1f[\xff:\xfc\xcc\
?\xd1]\xfaU\x19\xf9\xba\xd6\x1a\x97\xf55:\xd78\
\x17\xcf\x1e\x00\x14\xcf\xcd\xc73Q}\x9c%\xff\xe4\xe6\
c\x9e\xf3\xd5/\x9f\xfe9\xc2\xa5\xbf\x07|\x18n\xbc\
p\x10`\x00\x00\xe3\xc8\xf3\xdb&\xfbx\x06C\x80\xe3\
:\xd9\xaf2\xd9\x07\xec\xd3\x1a\x17\x9d\xafYzi_\
\xf2\x9b\xf6\xa5]\x8f\xe4\xc3\xc3\x9fx/\xbcT=\xe6\
\xe3\xc7^\xfa\xa7\xad\xd3\x9fv\xfe\x9c\x1dKM\xaf-\
>V}\xd9\x9d\x18\x00|i\x8ds\xf1\xcc\x01\xc0\xeb\
\xecY\xe2\xe1r\xde\x5c\x9c\x17~\xc5\xcb\xe7\xde~{\
\xf3\xe4\x1a}\x99\x9b_\x9f\xfb\xfb\xbe\x8fg\xe0\x91\xce\
\xa7\xb3\xe4\xe7\x12`\x1f\xf2\xfc\xb6\xc9>\x9e\xc9\x10\xe0\
\x98N\xf6\xaaL\xf6\x01\xfb\xb4\xc6E\xe7k\x96^\x1a\
\x96|Y\xf2\xb3\x06\x00\xdf\x9e\xe7\xdfA_\xfay\xbc\
\x9b.\xff\x7f\xff\xfa\xf72X\xe2\xe1K\xa3\x97_\xe8\
>\xb4\xbf\xb6\x1a\x00|i\x8ds\xf1\x8c\x01\xc0\xeb\xec\
hTC\x80\xf2+G\xda\xb3\xd7\xae\xffc\xca3\xf0\
\xaf\x18\x00\xc08\xf2\xfc\xb6\xc9>^\xc0\x10\xe0xN\
\xf6\xa9L\xf6\x01\xfb\xb4\xc6Eg\xce\xbb\x85_2\xbf\
\xf4K\x92\xebK\xc8\xfd\xa5=;\x9e\xa3\xfa\xb8/\xf8\
*\x834]\x80\xde-\xfcJ\x80v\xcf\x0c\x00\xbe\xb4\
\xc6\xb9h\x06\x00\xe7\xba\xb4>\xfc5\x92G\xfa\x1fI\
54*\x06`\xf5\xda\x7fMs\x06>\xe5\x5ck\x09\
\xac/\xcfo\x9b\xec\xe3\x85\x0c\x01\x8e\xe5d\x8f\xcad\
\x1f\xb0Ok\x5ct\xd2\xc3\x85y\xc1%\xedS\x96^\
\x18\x9a\x8b\xf8\xd2\xa1\xc2\x12\xc5\xe5\xe7u\xbe\xf6\xa5\x8a\
/\x85\xfe\x90\xaf\xfd\x1a\x03\x80/\xadq.\x8a\x01\xc0\
\x87s|\x95\xca'K\xd6\xe7!\x0b\xff\x1a\xc0\xc3\xef\
\x07\xf3\xb5\xf3y\x9d\xaf\x7f\xa9\xe2\x0c<\xc4\x00\x00\xc6\
\x91\xe7\xb7M\xf6q\x06\x86\x00\xc7q\xb2?e\xb2\x0f\
\xd8\xa75.:\xd3\xc5\xfc\xcd\xed\xdf\xbe\x7f\xf8\x8d\xfa\
\xd2\xcb\xc7\xc74\x17\xf5f\x00\xd0^\x00\xbff\xc97\
>k>\x8f\xd6\xe25]x\xa1\x9b\x18\x00|i\x8d\
s\xb1t\x00p\xee\x0b\xeb\xd2\xaf\x02\xf8c\xe1\xf7\xa9\
\x98\xd62_\xfbXvq\x06\xa6\xf7q\xe6\xf5\x04\xd6\
\x93\xe7\xb7M\xf6q&\x86\x00\xc7p\xb27e\xb2\x0f\
\xd8\xa7%\x17\x9d\x8b\xa6\xf8\x92\xf9\xa5\x03\x80s^D\
\xee/??f\xffci/\x9c\x8d\xe5\x17\xba\x9b_\
\xf3\xb5s\x0c\x00\xbe\xb4\xe4\x5c\xac5\x00h\x067K\
-\xf9\xbb\xf3K/\xcao\x97\xfd+\x1e\xf5\x9a7\x96\
\x9e\x81)K?/`{y~\xdbd\x1fgd\x08\
p\xfdN\xf6\xa5L\xf6\x01\xfb\xb4\xe4\xa2s\xc1\xbc\xce\
\xf7\xf75\x8b\x07\x00g\xbc\x00\xfc1\xfd\xeb\x01\x8f|\
\x8c/>\xde\x19\x07\x0es\x96\x5cz\x9b\xf7a\x00\xf0\
\xa5%\xe7b\xad\x01@\xbe\xee\x1c\x96|>o\xbf\xfd\
\xcb?\xf2u\x8fy\xb7\xe0\xef\xe07\xcf\xdes-\xd9\
\xf7\x87\xf7r\xc6\xf3\x0f\xac+\xcfo\x9b\xec\xe3\xcc\x0c\
\x01\xae\xdb\xc9\x9e\x94\xc9>`\x9f\x96\x5c\x0c.\x94\xd7\
\xf9\xde\x9e\xb2t\x00\xb0\xf4K\x9b\x97\xb8\xbf\xd8<\xf9\
\xeb\xde%.\x1c\xd3\xe7\x94\x1f\xf7\xb1,\xfd\xb5\xd4\x00\
\xe0KK\xce\xc5*\x03\x80o\xbb\xef\xc6\xbf\xd4\xa2\xe7\
e\xc1\xc7\xfe\xf8M\xf8N_\x1bi\xd7\xe69\xde\xde\
.\xfc\xab\x08\x178\x8f\xc0y\xe4\xf9m\x93}\xac\xc0\
\x10\xe0z\x9d\xecG\x99\xec\x03\xf6i\xc9Eg\xe5|\
h/g\x9f,\x1d\x00\x9c\xf3K\xaaO\xba\x1f\xc9s\
?\x9f\xc6\xd2\x8b\xd8\x92\x7fNqb\x00\xf0\xa5%\xe7\
\xa2\xbd\xe4.\x19\x00,\xfdS\xf8\xd6\xa2\xbf\xba\xb2`\
\x00\xb0\xf499\xe7\x99\x9b\xf3\xf0{\xd0\xfc\xb8\x8f\xc4\
\x00\x00\xc6\x91\xe7\xb7M\xf6\xb1\x12C\x80\xebt\xb2\x17\
e\xb2\x0f\xd8\xa7%\x17\x9d\xd5r\x7f\xe1x\xc9w;\
_:\x00x\xc9\xc7\xf8\xdc\xd2\x8fw\x89\xcb\xcf\xe4\xe4\
\xe3>\x92\xa5_\xfd\xb0\xf4b\x97\xafk\xadqY_\
\xa3s\xc9\xb9Xc\x00\xb0\xd6eu\xd1\xfe.\x18\x00\
,\xfaJ\x82\xbb\x97?'K\x9d\xf3{\x1b\x00\xdb\xcb\
\xf3\xdb&\xfbX\x91!\xc0\xf59\xd9\x872\xd9\x07\xec\
\xd3\x92\x8b\xce\xd93]\xd8\x8ao\xf67g\xe9\x85\xfc\
\x5c\xbf\x86,\xbaD\x9d\xf1\xe3=e\xc9\xe5g\xe9%\
u\xe9\xe7\x96\xafk\xadqY_\xa3s\xc9\xb9X\xba\
\xb6\x9f\x5c\xc9\x00\xe0\xe9\xcf\xe1\x02\x7f\xff\xff\x93%\xfb\
\xb4\xd6\x9a\x02\xe7\x97\xe7\xb7M\xf6\xb12C\x80\xebr\
\xb2\x07e\xb2\x0f\xd8\xa7%\xbf\x81>C>\xbc\xbb\xfb\
\xcb\xef\xd3?\x0bx\xce\x9f\xcb\x97\x0e\x00\xf2u\xcf\xb5\
\xe8\x12u\xc6\x8f\xf7\x94%\x17\xdf\xa5\x97\x9fK}n\
K\xdes{Y_\xa3s\xc9\xb98\xe8\x00\xe0\xc9o\
\x82\xb9\xa4\xe7\x5c\x96\xbc\x9f\xb5\xd6\x148\xbf<\xbfm\
\xb2\x8f\x0b0\x04\xb8\x1e'\xeb_&\xfb\x80}Zr\
\xd1\x99~C?]^\x96d\xfa\xc6\x5c\x9f2\xfd=\
\xf55\x7f\xde\xbe\xf4\x00`\xe97\x1d\xcb\xd7\xade\xc9\
\xc5w\xe9\xe5g\xd1\x05\xf1\xee\xe5\x9f\xdb\x92\xf7\xdc^\
\xd6\xd7\xe8\x5cr.\x0e9\x00X\xb0.Kz\xcee\
\xcb5\x05\xce/\xcfo\x9b\xec\xe3B\x0c\x01\xae\xc3\xc9\
\xda\x97\xc9>`\x9f\x96\xfc\x86\xbe\xbd\xe8\x5c\x8a\x01\xc0\
\xd3\x17\xdf\xa5\x97\x9fE\x17\xc4\xbb\x97\x7fnK\xdes\
{Y_\xa3s\x8ds\xb1\xe5eu\xd1\xfe.\xb8\xb8\
/Y\x97%=\xe7\xb2\xe5\x9a\x02\xe7\x97\xe7\xb7M\xf6\
qA\x86\x00\xe3;Y\xf72\xd9\x07\xec\xd3\x92\xdf\xd0\
\xb7\x17\x9dK\xb9\xf8\x00`\xc9wR?\xe3\xc7{\xca\
\x92\x8b\xef\xd2\xcb\xcf\xa2\x0b\xe2\xdd\xcb?\xb7%\xef\xb9\
\xbd\xac\xaf\xd1\xb9\xc6\xb9\xd8\xf2\xb2\xbah\x7f\x17\x5c\xdc\
\xffX\xf2%\xf7\x97\xfc\x1e\x00K\xde\xcfJk\x0a\x9c\
_\x9e\xdf6\xd9\xc7\x85\x19\x02\x8c\xedd\xcd\xcbd\x1f\
\xb0Ok\x5ct.\xe5\xd2\x03\x80\xa5\xff\xf4\xde\xa5~\
}\xf2M\x00\xff\xb4F\xe7\x1a\xe7\xe2J\x06\x00O~\
\x0e\xf7\xf9\x90\xaf[\xcb\xfd\xbe\xfe\xe3\x91\x8f\xffE\xd6\
ZS\xe0\xfc\xf2\xfc\xb6\xc9>6`\x080\xae\x93\xf5\
.\x93}\xc0>\xadq\xd1\xb9\x94K\x0f\x00\x96~\xbc\
\xfb\x1f\xf7}\xbe\xf6\xdc\x1e~}}\xe4cg\x96^\
|\x17]\x10\xef^\xbe\x96k\x5c\xd6\xd7\xe8\x5c\xe3\x5c\
,\xb9<\xafuY]\xb4\xbf\x0b\x06\x00K\xff\x1a\xcc\
\xb9\xfe\xe9\xcd\xa7\xbc\xbf{\xfa\xf7\x98k\xad)p~\
y~\xdbd\x1f\x1b1\x04\x18\xd3\xc9Z\x97\xc9>`\
\x9f\xd6\xb8\xe8\x5c\xca\xd2\x0by\xbe\xee%\xde=\xfc\x8b\
\x06\xa7\x1f\xe3\xf3\xb4\x97\xcd\xe7Xt\xa1\x9br\xfb\xcd\
\x0f\xf9\xda\xc7,\xed\xcb\xd7\xb5\xd6\xb8\xac\xaf\xd1\xb9\xc6\
\xb9\xb8\x86\x01\xc0\xd2\xaf\x82i\xd7\xfb9\x96\x9e\xff\xb5\
\xd6\x148\xbf<\xbfm\xb2\x8f\x0d\x19\x02\x8c\xe7d\x9d\
\xcbd\x1f\xb0Ok\x5ct.e\xe9\x05 _\xf7\x12\
{\xf9\x13\xc7%\x7f\xf7y\xca\xd2_\x1f\x17]\x10\xef\
^\xbe\x96k\x5c\xd6\xd7\xe8\x5c\xe3\x5c\x5c\xc3\x00`\xe9\
W\x9e\xac\xf5y|n\xda\xd3\xfc\xb8\x8f\xe5\x12\xef\x05\
8\x8f<\xbfm\xb2\x8f\x8d\x19\x02\x8c\xe5d\x8d\xcbd\
\x1f\xb0Ok\x5ct.e\x8b\x01\xc0\xc2\x8b\xf7\xea\x7f\
\x07\xfa\xed\xdd\xd3\x7f\xff\xff>\xff\xcc\xd7\xcdYtA\
\xbc{\xf9Z\xaeqY_\xa3s\x8dsq\x0d\x03\x80\
\xc9\x92!\xd8}>\xac\xfd\xfb\xb2%\xfb>e\xad5\
\x05\xce/\xcfo\x9b\xecc\x07\x0c\x01\xc6q\xb2\xbee\
\xb2\x0f\xd8\xa75.:\x97\xb2\xc5\x00\xe0\xdd\x92\x8b\xd4\
\x94\x85_z\xff\x1cK\xff\xe4\xf3\x8f\xbb\x9b_\xf3\xb5\
s\x16]\x10\xef^\xbe\x96K.m\xede}\x8d\xce\
5\xce\xc5\xb5\x0c\x00\x16\x0e\xc1\xea\xf5i,=\xfbS\
\xd6ZS\xe0\xfc\xf2\xfc\xb6\xc9>v\xc2\x10`\x0c'\
k[&\xfb\x80}Z\xe3\xa2s)K/\x01\xf9\xba\
\x97\xf8\xf8%\xd0O~\x1f\x80\xa5\x97\xa9\xe7X\xf8\xa7\
\xff\xd57b[tA\xbc{\xf9Z\xaeqY_\xa3\
s\x8dsq-\x03\x80\xc5C\xb0\xfbs\xd2<\x83\x8d\
\xa5g`\xcaZk\x0a\x9c_\x9e\xdf6\xd9\xc7\x8e\x18\
\x02\xec\xdf\xc9\xba\x96\xc9>`\x9f\xd6\xb8\xe8\x5c\xca\x16\
\x03\x80I\xf1'\xa0?\xe7k_\xea\xfe\xe2\xf3_\xf9\
q\x1e\xcd\xc2\xcb\xdc'\x8b.\x88w/_\xcb5.\
\xebkt\xaeq.\xaee\x000y\xb7d\x08Vv\
.u\xdf\xfb\xcb\xc9\xc7\xf9J\xd6ZS\xe0\xfc\xf2\xfc\
\xb6\xc9>v\xc6\x10`\xdfN\xd6\xb4L\xf6\x01\xfb\xb4\
\xc6E\xe7R\xb6\x1a\x004\x7f\x02\xfa\xfe\xf6o\xdf\xe7\
\xeb\x9f\xeb\xbe\xef?\x1f\xf9\x18\x8f\xa6\xbd\xf0.\xba \
\xde\xbd|-\xd7\xb8\xac\xaf\xd1\xb9\xc6\xb9\xb8\xa6\x01\xc0\
\x92\xcf\xe5\xb3\xfc\x92\xaf\x7f\xae\xf7\x7f_\xf6\xaf\x10|\
\x9e\xb5\xd6\x148\xbf<\xbfm\xb2\x8f\x1d2\x04\xd8\xaf\
\x93\xf5,\x93}\xc0>\xadq\xd1\xb9\x94\xad\x06\x00\x93\
%\x97\xce)\xef\xef^\xbd9\xc7\x97A\xbf+.\xff\
\xd3\xc7\xcc\xd7?e\xd1\x05\xf1\xee\xe5k\xb9d\xdd\xda\
\xcb\xfa\x1a\x9dk\x9c\x8b%\x97\xe6\xb5.\xab\x8b\xf6\xb7\
\x18\x00,\xfe\xab0\xff\xce\x8b\x87\x00\x1f?\x87\xe6c\
>d\xad5\x05\xce/\xcfo\x9b\xecc\xa7\x0c\x01\xf6\
\xe9d-\xcbd\x1f\xb0Ok\x5ct.e\xcb\x01\xc0\
\xc7\x8f\xbd\xf42\xf2\xa1\xbd\x80~2\xfd\x1a\xb6\xf8\xcb\
\xfe?\xe69\x03\x87E\x17\xc4\xbb\x97\xaf\xe5\x1a\x97\xf5\
5:\xd78\x17\xd74\x00\x98\xbc\xbf{\xf5\xf3I\xc7\
W\xf2\xfe\xbb\x9b\xdf\x9e\xf3lN\xde\x95_\xf6\xff\xe5\
\xc7]gM\x81\xf3\xcb\xf3\xdb&\xfb\xd81C\x80\xfd\
9Y\xc72\xd9\x07\xec\xd3\x1a\x17\x9dK\xd9r\x000\
i/@\xd3\x05\xeb\xcd\xc2\x7f\x1d\xe0\xe3\x9f\xb0\xfe\xf2\
n\xf9\x90\xe1S^g\xd7\x12\x8b.\x88w/_\xcb\
5.\xebkt\xaeq.\xaem\x000Y\xb2\xf6\x9f\
g\xfa\xea\x94\xfb\xff\xfb\xcb\x92A\xc0\xc3\xf0\xeb~\xdf\
\x9ao\xf8\xf7X\xd6ZS\xe0\xfc\xf2\xfc\xb6\xc9>v\
\xce\x10`_N\xd6\xb0L\xf6\x01\xfb\xb4\xc6E\xe7R\
\xb6\x1e\x00L\xda\x0b\xd0\x94\xe9\x124\xfd\x13}on\
o~\x9c\x06\x02\xff\xce\xcd\x8f\x0fC\x85?;\xdb\x8b\
\xff\xff{\xfb\xed\xab\xff\xcd\xf7\xb7\xd4\xa2\x0b\xe2\xdd\xcb\
\xd7r\xc9z\xb5\x97\xf55:\xd78\x17\xd78\x00(\
\xbf\x12\xe6\xe4\xe3M\xcf\xfbcg\xe0>\xbf=\xbb7\
\xb2\xd6\x9a\x02\xe7\x97\xe7\xb7M\xf61\x00C\x80\xfd8\
Y\xbf2\xd9\x07\xec\xd3\x1a\x17\x9dK\xd9\xc3\x00`z\
\x0f\xf7\x17\xef7\xf91/\x9d\x97~\xaf\x81E\x17\xc4\
\xbb\x97\xaf\xe5\x1a\x97\xf55:\xd78\x17\xd78\x00\x98\
\xbc\xbd\xbd\xf9\xe9\xa4\xebB\xf9\xf8\x15\x05'\xff\xfb\x17\
?f\xa55\x05\xce/\xcfo\x9b\xecc\x10\x86\x00\xfb\
p\xb2ve\xb2\x0f\xd8\xa75.:\x97\xb2\x87\x01\xc0\
d\xeb!\xc0K/\xff\x93E\x17\xc4\xbb\x97\xaf\xe5\x1a\
\x97\xf55:\xd78\x17\xd7:\x00\x98\xbc[\xf0\xb9\xad\
\x90\xd7[\xae)p~y~\xdbd\x1f\x031\x04\xd8\
\xde\xc9\xba\x95\xc9>`\x9f\xd6\xb8\xe8\x5c\xca^\x06\x00\
\x93\xcd\x86\x00\xdf>|_\x81\x17\xff\x9a\xb6\xe8\x82x\
\xf7\xf2\xb5\x5c\xe3\xb2\xbeF\xe7\x1a\xe7b\xcb\xcb\xea\xa2\
\xfd}\xc1\x00`\xf2n\xc1\xe7w\xc6\xbc\x9e>\xe6\x96\
k\x0a\x9c_\x9e\xdf6\xd9\xc7`\x0c\x01\xb6u\xb2f\
e\xb2\x0f\xd8\xa75.:\x97\xb2\xa7\x01\xc0d\xfau\
\xe5\xed\x82\xf5<_n~\xcd\xf7\xf0\x5c\x8b.\x88w\
/_\xcb5.\xebkt\xaeq.\xb6\xbc\xac.\xda\
\xdf\x17\x0e\x00&ooo~|w\xa6\xbf\xbb?\x97\
\xe9{\x04|\xfax[\xae)p~y~\xdbd\x1f\
\x032\x04\xd8\xce\xc9z\x95\xc9>`\x9f\xd6\xb8\xe8\x5c\
\xca\xde\x06\x00\x9fL\x7f'z\xd5\xaf\x06\x98.\xbc\xf7\
\x17\xba\xfc\xb8/\xb1\xe8\x82x\xf7\xf2\xb5\x5c\xe3\xb2\xbe\
F\xe7\x1a\xe7b\xcb\xcb\xea\xa2\xfd=\xc3\x00`\xf2p\
.\x17\xecI\x9b\xe9\xaf\xba\xbc\xff\xfb7\xdf\x7f\xfe\xb1\
\xb6\x5cS\xe0\xfc\xf2\xfc\xb6\xc9>\x06e\x08\xb0\x8d\x93\
\xb5*\x93}\xc0>\xadq\xd1\xb9\x94\xbd\x0e\x00>9\
\xfb `\x85\x8b\xff'\x8b.\x88w/_\xcb%\x17\
\xc3\xf6\xb2\xbeF\xe7\x1a\xe7b\xcb\xcb\xea\xa2\xfd=\xd3\
\x00\xe0\x933>\xff\xd3W\x14\xbc\xce\xfe\xc9\x96k\x0a\
\x9c_\x9e\xdf6\xd9\xc7\xc0\x0c\x01.\xefd\x9d\xcad\
\x1f\xb0Ok\x5ct.e\xef\x03\x80O\xa6/\x8b\xfe\
\xf8W\x03\xea/\x8d\xfex\x81z\xbd\xd6\xc5\xff\x93E\
\x17\xc4\xbb\x97\xaf\xe5\x1a\x97\xf55:\xd78\x17[^\
V\x17\xed\xef\x99\x07\x00\x9fL\xcf\xee\xb3\x9e\xffo\xff\
\xf5\xcf\x04\xce\xfe\x1em\xcb5\x05\xce/\xcfo\x9b\xec\
cp\x86\x00\x97u\xb2Fe\xb2\x0f\x80\xff\xf8\x8f\xf7\
\xb7\xdf|?\x0d\x04\xa6\x8b\xcb\xc3\xbfu>]^?\
f\xfa\xff\xdf\xff\xef\xbfN\x97\x9e\xe9\xc7\xf8u\x89k\
3\x0d\x03\xa6\xe7\xfb\xe3s\xfe\xef\xe7\xff\xee/\xbfO\
\xff\xff\xf6\xd97\x00\x80\xeb\x92\xe7\xb7M\xf6q\x05\x0c\
\x01.\xe7d}\xcad\x1f\x00\xc09\x19\x00\xc0u\xc9\
\xf3\xdb&\xfb\xb8\x12\x86\x00\x97q\xb26e\xb2\x0f\x00\
\xe0\x9c\x96\xfcU\x0d\x03\x00\x18G\x9e\xdf6\xd9\xc7\x15\
1\x04X\xdf\xc9\xba\x94\xc9>\x00\x80sZ\xf2\xfd\x1f\
\xda\xef\xd5\x00l'\xcfo\x9b\xec\xe3\xca\x18\x02\xac\xeb\
dM\xcad\x1f\x00\xc09\xbd\xbd{\xfa_\x19\xf8\xe3\
\xee\xd5\xcf\xf9:`\x9f\xf2\xfc\xb6\xc9>\xae\x90!\xc0\
zN\xd6\xa3L\xf6\x01\x00\x9c\xcb\xd2\x7f\x05\xe4\xdd\xed\
7?\xe4k\x81}:9\xbfe\xb2\x8f+e\x08\xb0\
\x8e\x93\xb5(\x93}\x00\xc0ux\xfb\xdd\xc3?m\xf9\
\xe6kyww\xf3{\xbe\xee\x9c\xa6\x7f\xda1\x7f\xef\
\xf1X\x8e\xfa\xfb8\x18Q\x9e\xdf6\xd9\xc7\x153\x04\
8\xbf\x93u(\x93}\x00\xc0u\x98\xfe9\xbf\xfcu\
\xff\xb1\xfc\xdf\xed7\xb7\xf9\xdasY\xf2\xe5\xff\xd3\xf7\
\x08\xc8\xd7\x01\xfbur\x86\xcbd\x1fW\xce\x10\xe0\xbc\
N\xd6\xa0L\xf6\x01\x00\xd7\xe1\xe1\xf7\x5c\x8f\xfc\xda\x7f\
\x9au\xbe\x0a`\xe9\x9f\xfeO?._\x0b\xecW\x9e\
\xe16\xd9\xc7\x01\x18\x02\x9c\xcf\xc9\xe7_&\xfb\x00\x80\
\xeb\xb1\xe4;\xf0\x7f\xcc/\xf9\xda\x97\xf8\xf8w\xff?\
<\xf2qN\xb2\xe6W \x00\xe7\x97g\xb8M\xf6q\
\x10\x86\x00\xe7q\xf2\xb9\x97\xc9>\x00\xe0zL\xdf]\
?\x7f\xed\xffJ\xce2\x04\x98.\xff\x8b\xbe\xf4\xff>\
\xef\xbf{\xf5[\xbe\x1e\xd8\xb7<\xc7m\xb2\x8f\x031\
\x04x\xb9\x93\xcf\xbbL\xf6\x01\x00\xd7\xe3\xe3_\x03X\
\xf4'\xf1S\xde\x7fw\xf3\xdbK\xfeD\xfe\xcd\xed_\
\x7fXz\xf9\x9f\xf2\x92\x8f\x05l#\xcfq\x9b\xec\xe3\
`\x0c\x01^\xe6\xe4s.\x93}\x00\xc0uy\xdf}\
\x15\xc0\xff\xbb\xff\xf1o\xde\xde\xfd\xf5\xbf\x9a\xcb\xf9\xfd\
\xef\xb7\xbe\x7f\xfb\xed\xcd\x7fg\xd7\xd7s\xf3k\xf6\x00\
\xfbwz\x96\xbbd\x1f\x07d\x08\xf0|'\x9fo\x99\
\xec\x03\x00\xaeO\xf1\xbd\x00\xbe\xcc\xfd\xeb\xfe\xb8\xbf\xa8\
\xbf\xb9\xbd\xf9\xf1\xfe\xf7S?\xbc\xb9\xfd\xdb\xf7\xd3\x97\
\xf8O\xff\xf7\xed\xed\xcdO\xd3\x7f{N\xf74d\xb8\
\xe6\xdf\x9f\xc15\xcb\xf3\xdc&\xfb8(C\x80\xe79\
\xf9\x5c\xcbd\x1f\x00p}\x1e\xfe^\xfe\xb7\xcb\xbf4\
\x7f\xe5|h\xbe\xba\x00\xd8\x97G\xcet\x95\xec\xe3\xc0\
\x0c\x01z'\x9fg\x99\xec\x03\x00\xae\xd3^\x86\x00o\
oo~\xcc\xf7\x06\x8c#\xcft\x9b\xec\xe3\xe0\x0c\x01\
:'\x9fc\x99\xec\x03\x00\xae\xd7\xc6C\x80\x0f.\xff\
0\xbeG\xcev\x95\xec\x03C\x80\xc2\xc9\xe7W&\xfb\
\x00\x80\xeb\xf6q\x08P~\xc3\xbe\x97e\xfa;\xff\xef\
\xff\xfe\xcd\xf7\xf9^\x80\xf1\xe4\xf9n\x93}\xf0\xc0\x10\
`\x99\x93\xcf\xadL\xf6\x01\x00\xc70}\x13\xbf\xcb|\
5\xc0\xf4M\x04\xaf\xe3\xf7]\x80\xfb\x07+2\x04x\
\xda\xc9\xe7U&\xfb\x00\x80cYk\x10\xf0\xfe\xbbW\
\xbf\xf9f\x7fp}\xf2\xac\xb7\xc9>\xf8\x82!\xc0\xd7\
\x9d|Ne\xb2\x0f\x008\xa6w\xb7\x7f\xfd\xe1\xe1\xaf\
\x06\xbc\xe4\xf7]\x7f\xfe\x93\x80\xafG\xff\xfd\x150\xef\
\xe4\xdc\x97\xc9>8a\x080\xef\xe4\xf3)\x93}\x00\
\x00\x0f\xbf\xf7\xba\xfd\xeb\x0f\xef\xef^\xfd\xfc\xc7\xdd\xab\
_\xdf\xdd\xfd\xe5\xf7\x87\xcb\xfdg\xb9\xffo\xbfM\xff\
m\xfa1\xd3\x8f\x1d\xf9\xf7S\xc0ry\x9fh\x93}\
\xf0(C\x80\xc7\x9d|.e\xb2\x0f\x00\x00`N\xde\
'\xdad\x1f\xcc2\x048u\xf2y\x94\xc9>\x00\x00\
\x809y\x9fh\x93}\xf0U\x86\x00_:\xf9\x1c\xca\
d\x1f\x00\x00\xc0\x9c\xbcO\xb4\xc9>x\x92!\xc0\xbf\
\x9d\xbc\xff2\xd9\x07\x00\x000'\xef\x13m\xb2\x0f\x16\
1\x04\xf8\xd3\xc9{/\x93}\x00\x00\x00s\xf2>\xd1\
&\xfb`1C\x00\x07\x10\x00\x00\xb8\x9c\xbcO\xb4\xc9\
>\xa8\x1c}\x08p\xf2\x9e\xcbd\x1f\x00\x00\xc0\x9c\xbc\
O\xb4\xc9>\xa8\x1dy\x08p\xf2~\xcbd\x1f\x00\x00\
\xc0\x9c\xbcO\xb4\xc9>x\x96\xa3\x0e\x01N\xdek\x99\
\xec\x03\x00\x00\x98\x93\xf7\x896\xd9\x07\xcfv\xc4!\xc0\
\xc9\xfb,\x93}\x00\x00\x00s\xf2>\xd1&\xfb\xe0E\
\x8e6\x048y\x8fe\xb2\x0f\x00\x00`N\xde'\xda\
d\x1f\xbc\xd8\x91\x86\x00'\xef\xafL\xf6\x01\x00\x00\xcc\
\xc9\xfbD\x9b\xec\x83\xb38\xca\x10\xe0\xe4\xbd\x95\xc9>\
\x00\x00\x809y\x9fh\x93}p6G\x18\x02\x9c\xbc\
\xaf2\xd9\x07\x00\x000'\xef\x13m\xb2\x0f\xce\xea\xda\
\x87\x00'\xef\xa9L\xf6\x01\x00\x00\xcc\xc9\xfbD\x9b\xec\
\x83\xb3\xbb\xe6!\xc0\xc9\xfb)\x93}\x00\x00\x00s\xf2\
>\xd1&\xfb`\x15\xd7:\x048y/e\xb2\x0f\x00\
\x00`N\xde'\xdad\x1f\xac\xe6\x1a\x87\x00'\xef\xa3\
L\xf6\x01\x00\x00\xcc\xc9\xfbD\x9b\xec\x83U]\xdb\x10\
\xe0\xe4=\x94\xc9>\x00\x00\x809y\x9fh\x93}\xb0\
\xbak\x1a\x02\x9c|\xfc2\xd9\x07\x00\x000'\xef\x13\
m\xb2\x0f.\xe2Z\x86\x00'\x1f\xbbL\xf6\x01\x00\x00\
\xcc\xc9\xfbD\x9b\xec\x83\x8b\xb9\x86!\xc0\xc9\xc7-\x93\
}\x00\x00\x00s\xf2>\xd1&\xfb\xe0\xa2F\x1f\x02\x9c\
|\xcc2\xd9\x07\x00\x000'\xef\x13m\xb2\x0f.n\
\xe4!\xc0\xc9\xc7+\x93}\x00\x00\x00s\xf2>\xd1&\
\xfb`\x13\xa3\x0e\x01N>V\x99\xec\x03\x00\x00\x98\x93\
\xf7\x896\xd9\x07\x9b\x19q\x08p\xf2q\xcad\x1f\x00\
\x00\xc0\x9c\xbcO\xb4\xc9>\xd8\xd4hC\x80\x93\x8fQ\
&\xfb\x00\x00\x00\xe6\xe4}\xa2M\xf6\xc1\xe6F\x1a\x02\
\x9c\xf4\x97\xc9>\x00\x00\x809y\x9fh\x93}\xb0\x0b\
\xa3\x0c\x01N\xba\xcbd\x1f\x00\x00\xc0\x9c\xbcO\xb4\xc9\
>\xd8\x8d\x11\x86\x00'\xbde\xb2\x0f\x00\x00`N\xde\
'\xdad\x1f\xec\xca\xde\x87\x00'\x9de\xb2\x0f\x00\x00\
`N\xde'\xdad\x1f\xec\xce\x9e\x87\x00'}e\xb2\
\x0f\x00\x00`N\xde'\xdad\x1f\xec\xd2^\x87\x00'\
]e\xb2\x0f\x00\x00`N\xde'\xdad\x1f\xec\xd6\x1e\
\x87\x00'=e\xb2\x0f\x00\x00`N\xde'\xdad\x1f\
\xec\xda\xde\x86\x00'\x1de\xb2\x0f\x00\x00`N\xde'\
\xdad\x1f\xec\xde\x9e\x86\x00'\xaf/\x93}\x00\x00\x00\
s\xf2>\xd1&\xfb`\x08{\x19\x02\x9c\xbc\xb6L\xf6\
\x01\x00\x00\xcc\xc9\xfbD\x9b\xec\x83a\xeca\x08p\xf2\
\xba2\xd9\x07\x00\x000'\xef\x13m\xb2\x0f\x86\xb2\xf5\
\x10\xe0\xe45e\xb2\x0f\x00\x00`N\xde'\xdad\x1f\
\x0cg\xcb!\xc0\xc9\x8f/\x93}\x00\x00\x00s\xf2>\
\xd1&\xfb`H[\x0d\x01N~l\x99\xec\x03\x00\x00\
\x98\x93\xf7\x896\xd9\x07\xc3\xdab\x08p\xf2\xe3\xcad\
\x1f\x00\x00\xc0\x9c\xbcO\xb4\xc9>\x18\xda\xa5\x87\x00'\
?\xa6\xcc\xe7]\x00\x00\x00_\x93\xf7\x896\xd9\x07\xc3\
\xbb\xe4\x10\xe0\xe4\xbf\x97\xf9\xfc}\x03\x00\x00|M\xde\
'\xdad\x1f\x5c\x85K\x0d\x01N\xfe[\x99|\xdf\x00\
\x00\x00s\xf2>\xd1&\xfb\xe0j\x5cb\x08p\xf2\xbf\
\x97\xc9\xf7\x0c\x00\x000'\xef\x13m\xb2\x0f\xae\xca\xda\
C\x80\x93\xff\xadL\xbe_\x00\x00\x809y\x9fh\x93\
}puV\x1d\x02\xbc0\xf9^\x01\x00\x00\xe6\xe4}\
\xa2M\xf6\xc1U\xda\xeb\x10 \xdf'\x00\x00\xc0\x9c\xbc\
O\xb4\xc9>\xb8Z{\x1c\x02\xe4{\x04\x00\x00\x98\x93\
\xf7\x896\xd9\x07WmoC\x80|\x7f\x00\x00\x00s\
\xf2>\xd1&\xfb\xe0\xea\xedi\x08\x90\xef\x0d\x00\x00`\
N\xde'\xdad\x1f\x1c\xc2^\x86\x00\xf9\xbe\x00\x00\x00\
\xe6\xe4}\xa2M\xf6\xc1a\xeca\x08\x90\xef\x09\x00\x00\
`N\xde'\xdad\x1f\x1c\xca\xd6C\x80|?\x00\x00\
\x00s\xf2>\xd1&\xfb\xe0p\xb6\x1c\x02\xe4{\x01\x00\
\x00\x98\x93\xf7\x896\xd9\x07\x87\xb4\xd5\x10 \xdf\x07\x00\
\x00\xc0\x9c\xbcO\xb4\xc9>8\xac-\x86\x00\xf9\x1e\x00\
\x00\x00\xe6\xe4}\xa2M\xf6\xc1\xa1m1\x04\x10\x11\x11\
\x11\x11\x11\xb9D\xf2\xfe\x03\x87g\x08 \x22\x22\x22\x22\
\x22\xd7\x98\xbc\xfb\x00\xffa\x08 \x22\x22\x22\x22\x22\xd7\
\x97\xbc\xf7\x00\x1f\x19\x02\x88\x88\x88\x88\x88\xc85%\xef\
<\xc0g\x0c\x01DDDDD\xe4Z\x92\xf7\x1d \
\x18\x02\x88\x88\x88\x88\x88\xc85$\xef:\xc0#\x0c\x01\
DDDDDd\xf4\xe4=\x07\x98a\x08 \x22\x22\
\x22\x22\x22#'\xef8\xc0W\x18\x02\x88\x88\x88\x88\x88\
\xc8\xa8\xc9\xfb\x0d\xf0\x04C\x00\x11\x11\x11\x11\x11\x191\
y\xb7\x01\x160\x04\x10\x11\x11\x11\x11\x91\xd1\x92\xf7\x1a\
`!C\x00\x11\x11\x11\x11\x11\x19)y\xa7\x01\x0a\x86\
\x00\x22\x22\x22\x22\x222J\xf2>\x03\x94\x0c\x01DD\
DDDd\x84\xe4]\x06x\x06C\x00\x11\x11\x11\x11\
\x11\xd9{\xf2\x1e\x03<\x93!\x80\x88\x88\x88\x88\x88\xec\
9y\x87\x01\x00\x00\x00\x00\x00\x00\x00\x00\x00\x00\x00\x00\
\x00\x00\x00\x00\x00\x00\x00\x00\x00\x00\x00\x00\x00\x00\x00\x00\
\x00\x00\x00\x00\x00\x00\x00\x00\x00\x00\x00\x00\x00\x00\x00\x00\
\x00\x00\x00\x00\x00\x00\x00\x00\x00\x00\x00\x00\x00\x00\x00\x00\
\x00\x00\x00\x00\x00\x00\x00\x00\x00\x00\x00\x00\x00\x00\x00\x00\
\x00\x00\x00\x00\x00\x00\x00\x00\x00\x00\x00\x00\x00\x00\x00\x00\
\x00\x00\x00\x00\x00\x00\x00\x00\x00\x00\x00\x00\x00\x00\x00\x00\
\x00\x00\x00\x00\x00\x00\x00\x00\x00\x00\x00\x00\x00\x00\x00\x00\
\x00\x00\x00\x00\x00\x00\x00\x00\x00\x00\x00\x00\x00\x00\x00\x00\
\x00\x00\x00\x00\x00\x00\x00\x00\x00\x00\x00\x00\x00\x00\x00\x00\
\x00\x00\xc6\xf7\xff\x03Tk\x954\xada\xde\x1a\x00\x00\
\x00\x00IEND\xaeB`\x82\
\x00\x00\x05\xab\
\x89\
PNG\x0d\x0a\x1a\x0a\x00\x00\x00\x0dIHDR\x00\
\x00\x00d\x00\x00\x00d\x08\x06\x00\x00\x00p\xe2\x95T\
\x00\x00\x05rIDATx^\xed\x9dI\x88\x1cU\
\x1c\xc6\xc7}\xc1}\x05\x11\x14E\xc5\x0d\x11AOB\
\xbb\x1c\xec\xe9z\xcb\xbf\xc6\xbe\x9a\xa0ap\x01EP\
<\x880\x1aA\x0c\xb8\x11<xQ\xa2\x075\x07\x97\
\x83\x82zqC\x8d\x07\xf5\x22\x88\x88\x8ab\x0c\x12\xe3\
\x0ej4\xfa\x7f\xdd]C\xe7\xab\xaa\xe9\xdazf2\
\xf5\xfd\xe0\xa3\xc3\xd4{\xd5o\xbeo\xea\xd5\xfbwW\
Uff\x08!\x84\x10B\x08!\x84\x10B\x08!\x84\
\x10BH.\xfd~\xffh\xe7\xdce\xb1\xb5V\xac\xed\
\xd7P\xac\xfb\xb9\xdc{\x7f:\xbe\x07)\x80\x06\xd0\xf3\
Q\xf4\x86\xeao5\xf3\xbfFe\xccW\xce\x98\xc7\xe2\
^\xef\x0c|_\x02\x88\xc8\xf1\xe2\xdck)\x13\xa7 \
o\xcc?!\x18=\x0a\x0f\xc3q\x10Eg\xa5S$\
\x8a\xbe@\xe3\xa6.c>\x9d\x8b\xa2\xb3p<\xad\xa6\
\xdb\xed\x1e\xa2\xc6lK\x99\xb5L\xd2\xa3\xe5G\x9d\x1e\
\xaf\xc2q\xb5\x16\x0d\xe3\x0e4i\x05\xb4[\xa7\xcb[\
ql\xadC\xe7\xf0\x835\x90\x9d\x19\x06\xad\x88tA\
\xb1\xb9\xd3\xe9\x1c\x88\xe3l\x0dj\xc25h\xcaJ\xcb\
[\xfbz\xaf\xd7;\x16\xc7\xda\x0a\xf4/r#\x1a\xb2\
*d\xccg\xad<\xd9\xeb/\xfed\xca\x8c\xd5\xa3]\
\xad;\xd9\xeb/\xbd5\xc3\x88U\xa3Qqz#\x8e\
{\xcd\x22\xab<\x90E\x19\xf3\x93\xbe\xeeZ6\x19\xf3\
\x8d\xae\xfa\xde\x0b\x8b\x0c\xfd\xf7\x95j\xd5~\xe8\xddT\
\x90}%\x90\x15\x96\xb3\xf6}\xef\xfd\xa5\xe8_\xe3\x08\
\x03)\xa3?\xf5\xa8\xb9\x0e=l\x14a \xa5\xe4\x8d\
\xf9W\xa70\x87>6\x860\x90*\xfa\xc5Z{2\
z\xd9\x08\xc2@*\xc9;\xf78z\xd9\x08\xc2@*\
I\xa7\xae\xdf\xd6w:\x87\xa2\x9f\xb5\x11\x06RY\xb1\
sW\xa3\x9f\xb5\x11\x06RYz\x94\xcc\xa3\x9f\xb5\x11\
\x06RYZ4\xde\x83~\xd6F\x18Hei \x0b\
\xe8gm\x84\x81T\xd6>\x11\x88\x8f\xa2\xed\xfa\xfa\xaa\
j\x8b\x0e\xf8\x89\xb5,\xe7\x9cA?k#\xcd\x04\xb2\
C\xab\xd7\xfbE\xe4l\xdc?)\x89\xd4\x0bd\xb7j\
S\xbf\xdf?\x02\xf7K*\x22U\x031f\xe7T\xd6\
\xe1m\xa7J z\x9e\xf8Y\xa2\xe8\x22\xdc\x17i\x80\
\xb2\x81\x84O;\xbd\xf7\x1d\xdc\x0fi\x88\xb2\x81\xa8\x1e\
\xc2}d\xa1\xe7\x95\xe3\xe6\xac\xbdX\xc3\xbb\xa4-\xd2\
U\xd7\x85\xfaz\x0czQ\x8a2\x81\x84\xa9*\x5c\x11\
\x8f\xfbH\x08\x97\xee\xe8\xb9\xe5^\x09\xab\xae\x8c\xfem\
\xd0`\x061\xe6\x95xv\xf64\xf4\xa7\x10R\x22\x10\
\xd5&\xec\x9f\x10\xaef\xd7\xb5\xf9\x97\x19}Z)\xef\
\xdc\xd7\xe1\xe2u\xf4i\x22R<\x90=y\xd7I\x85\
+\xd8\xc3m\x06\x19}Z-\xfd\x03\xdd\x88^MD\
\x0a\x06\xe2\xac}\x17\xfb&\x88swc{ji\xcf\
r\x91\x82\x81h\xcd\xb1\x01\xfb\x06\xe6\xe7\xe7\x0f\x92\x16\
\x9f3&\xe8\x1d\xf4k\x22R,\x90?\xba\xdd\xeeQ\
\xd87\x10\x0fow\xc3\xf6T\x901\x0f\xa0_\x13\x91\
b\x81<\x83\xfd\x12t\xdb\x0b\x19\xed)UX\x06\xa3\
_\x13\x91\x02\x81\xe4}D2\xb8\x05.\x5c\xab\x94\xd1\
\xa7\xed\xf2\xd6~\x88~\x15B&\x04\xa2;\xfeVW\
Q\x07`\xbf\x80n\xbb\x0d\xdbS#9w\x0b\xfaU\
\x08\x99\x1c\xc8}\xd8'A\x0b\xa0\x8f\xb0=5(\x0e\
\xff2\xc6\x9c\x80~\x15B&\x04\xa2\xe7\xecs\xb0O\
@z\xbd\x0b\xb0-\xb5\xa8\xad\xe8WaB\xe7\x8c\x1d\
&z\x1b\xdb'\xe8\x0a\xe2\xe1\x8c\xf6\x94\x1d\x14\x84=\
\xf4\xab0\xb2D z\xe8\xdd\x80\xed\x03\xe1\x1e@-\
z\xbe\xc7\xf6\xd4@;j\xdd#)\xf9\x81\xe4\xd6\x1e\
\x1a\x94\xcfhO\x0d\x95\xfby_!$'\x10\xef\xdc\
\xd3\xd86A\x97\xc1/b{j\xa8J\xb5\xc78\x92\
\x13\xc8\xe8\xae\xa1\x14\xa1\xf6\x08\xab\x88T{*x\xb6\
\x0d\xfd*\x8dd\x04\x12>:^XX\xd8\x1f\xdb\x06\
X{\xe4+6\xe6f\xf4\xab4\x92\x11H\xf8\x92\x09\
\xdb%\xe8\xf6\x8fS\xed\xa9A\xedQ\xe9\xfb\x0fD\xd2\
\x81\xec\xf1\xde\x9f\x89\xed\x02a~\xc4\x81P\x8bz\x1e\
\xfd\xaa\x84` \xc6\xbc\x85m\x12t\xbaz$c \
\x94j\xce\xb9Y\xf4\xab\x12\x82\x81X{=\xb6\x09\x84\
\xef=4\x90\x1fp \xd4@\xf5j\x8fqd,\x10\
\xad0\x7f\xb7\xd6\x1e\x89m\x02\xba\xd4\x95\x8c\x81Pv\
\xe0\xdb\x83\xe8Wed\xef#d\x0bnO\xd0m/\
\xe1@\xa8\xa1\xf4\xdcz\x1e\xfaU\x19\xd9\xfb\x08\xb9\x02\
\xb7\x07t\xf5p\xd2T\x9e\xbf\xb8\x16\xd4D\xed1\x8e\
\x8c\x02Y\xaa\xf6\x10\xe7nO\x0d\x84\x1aH\xcf\xab7\
\xa1_\xb5\x90Q \xf1\x127\x9f\xe8\x9b~\x82\x03\xa1\
\x1a\xac=\xc6\x91a \xb9\xb5G\xb8\x1c\x14\x07B\x0d\
\xa5\x81<\x87~\xd5F\x86\x81\xbc\x89?O\x90(z\
\x14\x07B\x0d\xa5\x81t\xd1\xaf\xda\xe8r\xf6)\xdd\xf1\
z\xfcy <\x8f\x91\xb5G\x8e\x8c\xf9.\xefZ\x83\
Z\xe8\xce\xef\xcc\xbb\x03\x8a\xb5G\xbe\x1a\xad=\xc6\xc9\
\xfb\x12*\xa0\xd3\xd5\xcb8\x10j$\x91s\xd1\xaf\xa9\
\xd2\xefvOd\xed\x91\xad8\x8a>@\xbf\xa6\x8eN\
W\xd7\xe2@\xa8\xa1\x1a\xaf=\x8a\xa0o\xbc\x0e\x07B\
\xd9p2\xff\xb5\xf6]RU\x983\xe6\xfc\xd4`\xa8\
\x10\xc8]\xe8\xd5\xb2\xe1\xa2\xe8\xd9\xd4\x80Z,]Y\
m\x9eY\xae\xa7\x93fa\x8c9<\x5c}2x\xce\
`\xc6\x00\xdb\x22=g|>\xf5\x87_\x96!\x8e\xe3\
S\xc3s=$\xfd_\x19\xadi\x85o\x01\xc3GJ\
S)\x00\x09!\x84\x10B\x08!\x84\x10B\x08!\x84\
\x10B\xd6(\xff\x03|\x95\xbc;\xc9\x9c\xc1\xf2\x00\x00\
\x00\x00IEND\xaeB`\x82\
\x00\x00\x05\xfa\
\x89\
PNG\x0d\x0a\x1a\x0a\x00\x00\x00\x0dIHDR\x00\
\x00\x00d\x00\x00\x00d\x08\x06\x00\x00\x00p\xe2\x95T\
\x00\x00\x05\xc1IDATx^\xed\x9d[\x88#E\
\x14\x86g\x1co+\x8bx\x01\x11\x15\x05}\xf1\x86\xe2\
\xfd.\x01E\xc8\xa4\xab+\xdd\xd9\xa0.\x8a\x820 \
^\xf1\xc1\x0b\x0a\x8e(\x22\x88\xfa\xbc\xe8\x93(>\xc9\
.*\x22\xa2\x88\x82>\xf8\xe0\x83,\xba\x82\x0a\xa3\xa0\
\xcb\x8a\x17\xd4\xd5\x91qG\xff\x13\x935\xf3wg6\
\x9d\xae\xea\xae\x0c\xe7\x83\x9f\x1dvr\xaaN\xd5\xdfu\
K\xba333\x8a\xa2(\x8a\xa2(\x8a\xa2(\x8a\xa2\
(\x8a\xa2\xd4J\xb3\xd9<2\x8d\xa2\xf3\xdb\xc6t\xa0\
\x85$\x8e\xefK\x8cy@~n\xc7\xf1M\xd6\xda\xab\
\xba\xf3\xf3\xc7s\x9c\xe2\x08c\xcc\x11\xa9\xb5\xd7\xa3\xd3\
\x9f\x87v\xc1\x80\x7f\xc6\x11\xcc\xd9\x83\x7f_M\x8d\xb9\
\xab\x1bE'r\xb9JA\xda\xed\xf6\xc56\x8e_\xc2\
\x95\xff\x1bwvQ\xa1\x8c}0\xf3=\xfc|C\xa3\
\xd18\x98\xebR\xd6A\xa6\x9c~\xe7e:\xd6\x85\xd2\
8\xfeZ\xa6\xb7n\xb7;\xc7u\x07O'\x8e\xcf\xc1\
\x90\xbf\x19\x8dh\xa1\x01\x9b\xf9\xf7.\x89\xe3\xf8\x04t\
\xd4\xcb\xe8\xb4U\xeeD\x1fB]\x9f\xa0]Wp\x1e\
A\x82\xe9\xe2(\x1bEoP\x03~\xc4\x5c\xbe\x85_\
\xeb\x02\x8c\x88\x08u\xfc\xc0\x9d\xe6[2\x95\xc1\x94\xc7\
\x83\x9f\xc6\x90\xec\x9b\x9c|_+I\x14]\xc6\xaf/\
\xc1lb\xedSIE\xa3b\x1d}\x90$\xc9\xb1\x9c\
\x5c\x10`t\x5c\x90\x93\xf0\xb0vp\xcc$,,,\
\x1c\xd2\xb6\xf6\xc5\x9c\xf2\xeb\x911\x9fa7v2\xe7\
Y;\x18\xc6\xb7e\x92]\x9b\xf87\x1cS\x14\xacG\
\x87bmz-Sv\x01\xc9t\x83\xad\xed\xb7\xd8\x89\
}\x8eQ\xfb\xa9,\xd6\xf8\xffe~]\x11\xa1\xbc\xa5\
4MO\xe2|k\x05S\xc8\x1d\x9c(%\xbd\x87c\
\x8a0\xa9\x19}\x03\xde\x85\xee\x91Q|k\xa3qx\
N\xd9s\xf8\xddi\xb2\x11)\xb1e\xde\x89r\x8e\xe1\
\xb2k\xc3\xa7!\x93\x98\xd1\xebTk\x9f\x9e\xe4\xca\x95\
C%\xf2\xbd\x1d\xfa\x8a\xcb]W\xd6\xbe\xb3\xb8\xb8x\
\x10\x97W\x0b\xbe\x0c\x99\xc4\x0c\xec\xf4^\x91\xed0\x97\
U\x94f\xb3y\x18\xf2~\x08\xe6\xfe\xc1u\x8c\x12^\
\xff\x08\x97S\x0b>\x0c)j\x86\x8c\x0al\xb1\xb7r\
9eIZ\xad\xb3e\xf1\xe6\xfaFhE\xa6F.\
\xa3r\x5c\x1b\x22f n\x07\x973J\xbd\xf3\x8e1\
\x97r9\xae\x903\x16Ly\x9f\xeb\xcd\x95\xb5\x1f!\
d\x96\xcb\xa8\x14\x97\x86\x14\x1e\x19Q\xf4]\xc7\x98\xd3\
\xb9\x1c\xd7 \xafM\x89\x9c=rr`\xf9\x18\xa9\x85\
peH\xa8f\x0ch\xb5ZG\xa3\xde/8\x8f\x1c\
\xed\x9c\xa9s\x94\xb80$t3\x06t\xe2\xf8\xbcd\
\x9c\xb3\x8b1\x11\xc7VFYC\x8a\xae\x19\xd0nk\
\xed\x99\x5cNU\xc8{Y99\xad\x11\xa6\xad\xed\x1c\
W\x19e\x0c\x99\x96\x911L\xef\xac\x82<87\xd2\
\xb2l\x068\xb6\x12&5d\x1a\xcd\x18\x806\xdd\xcf\
\xf9\xb1j[\xdc'1d\xda\xa6)\xa6\xbf\xc0\xaf\xbb\
\x96`j\xdb\xc6q\x95P\xd4\x90i\x1e\x19\xc3 \xb7\
\xd79\xd7a\xc9\x9b\x98\x1cS\x09E\x0c\x99\xf6\x911\
\x0c.\xaa{s\xf2\xfd\xbf\xdd\xc6\xec\x93\xb7`8\xce\
;\xe3\x1a\xb2QF\xc6\x00\xb9\xa9\x82sf\xd5\x92\xff\
8\x86l43\x84\xde[*9\xb9S;\xae\xe38\
\xef\x1c\xc8\x10\xe8\xa7\x8df\xc6\x00\xe4\xbb\x97\xf3_\xd3\
\x16c:\x1c\xe3\x9d1\x0c\x19[\xd3d\x86\x80\x9cw\
s\x1bH\xb7p\x8cw\x1c\x1a\x12\xec\x02>\x8a\xc4\x98\
\x9fs\xda\xb1_\x18!7r\x8cw\x5c\x182m#\
C\xc0\xba8\x97\xc8]59\xed\x19\x08\x17\x98\xe18\
\xef\x945d\x1a\xcd\x10\xd2V\xebTn\x0b\x0b\x86\x5c\
\xceq\xde)c\xc8\xb4\x9a!`\xba\xb2\xdc\x9e\x8c\x92\
\xe48\x8e\xf3N\x09CV\xb0%\xbe3\xb5\xf6\xda2\
\x82\xa1g\xc9\xf4\xc1y\xf9\x06\x86<\x9b\xd3\xa6\xfd\xc2\
\xc5\xf6\x0b\xc7TB\x09C\x9c\x09\xc6.U\xfc\x19\xc4\
l\x12E_r\x1e\x94\xd3\xdb\x1cT\x09!\x18\x22\xc2\
\x8e\xe6o\x1c\xd6\x1a\x9c\x9f\x0f\xe4\xa6k\xae?#k\
\x1f\xe6\xb8J\x08\xc5\x10Q\x1aE\x1fr~>\xc0T\
\xb9\x9d\xebf\xe10|\x11\xc7UBH\x86@+\xbe\
\xefL\xc7\xce\xe9\x92\xe4@7{c:\x9b\xa9\xebs\
u\x5c-[3\x09\xd5\xa7e\x9fw\x10\x8a\xd9X\x1b\
>\xce\xa9w\x8d\xe4c^\x8e\xad\x8c\xfe\x833\x7fq\
RuH\x9eQ\xe1\xfc\x5c\x82\x8d\xc3\x13\x5cg\x8e\x96\
]\xdc=Y\x0aY\xc0r\x12\xabV\xc6\xfc\x8a}\xff\
\x19\x9c\x9b+0\x13l\x91\xcf82\xf5\x920:^\
\xe0\xd8Z\x90\xc7\x12\xdaEoRv#9\xcf\xbc\xe5\
\xf3}0\x9c)\xae\xb1q\xfcgN\xdd\xac\xbd\xe9\xfc\
\xfc)\x1c_+8\xa4m\x96\xcf\x9c\xab\x92\xefE\x5c\
\xcc\x90\x8e\xce\xe9\xfc\x8cpa<\xca\xf1\x8aC\x8a\x98\
\x91\xfc\xf7\x9c\xc8&.Cq\x04\xd6\x82\xab\xc7}\x80\
\xa77\x9dE\xd1\xb9\x5c\x86\xe2\x88\x82#cU\x9e\xc0\
\xe22\x14G\x14\x19\x19=Y\xfb \x97\xa18\xa2\xe0\
\xc8\x10=\xc3e(\x8e(:2\xb0\xa3z\x8e\xcbP\
\x1c\xa1f\x04\x84\x9a\x11\x10jF@\xa8\x19\x01\xa1f\
\x04\x84\x9a\x11\x10jF@\xa8\x19\x01!f@\xbfs\
\xa7\x8f\x92\x9a\xe1\x115# \xd4\x8c\x80P3\x02B\
\xcd\x08\x085# \xd4\x8c\x80P3\x02B\xcd\x08\x08\
5# \xd4\x8c\x80P3\x02B\xcd\x08\x085# \
\xd4\x8c\x80H\xa2\xe8\xcav\x81\xaf\xfe\x96\xc7\x96\xb9\x0c\
\xc5\x11\xf2\xc5\x936\x8e\xbf\xcft\xfa(\xa9\x19~\x91\
\xa7\x972\x9d>Jj\x86\x7f\x12\xf9c\x90\xdc\xf1y\
R3\xaa\x01kG;\xd3\xf9,5\xa3:\xfa\x7f\xcf\
c)c\x82\x9aQ\x1f\x9d8\xbe0ga_\x85\x19\
\x8f\xf1k\x95\x8a\x90\x87<\x13k\xef\xc6Yd\x1b\xf4\
\xa4|9>\xbfFQ\x14EQ\x14EQ\x14EQ\
\x14\xc5=\xff\x02\x5cq\x9d\xbf\xd95M!\x00\x00\x00\
\x00IEND\xaeB`\x82\
\x00\x00\x09\x98\
\x89\
PNG\x0d\x0a\x1a\x0a\x00\x00\x00\x0dIHDR\x00\
\x00\x00d\x00\x00\x00d\x08\x06\x00\x00\x00p\xe2\x95T\
\x00\x00\x09_IDATx^\xed]{\xa8eU\
\x19\xbf\xd3\xd3\xde\x94\x12\x15\xf4\xd4J\xb3\x22\x10,\x22\
\xe2J55\xf7\xee\xb5\xd6^g8\x91b\xcdh0\
\x08=\xc8AE\xa8l\xa2\xa4\xd0\x0c\x22*z@\x18\
ea\xfd\xa1\x8e\xd2\x83\x8aP\xecAV\x9aS\xa9\xf4\
G\x94\x85\xa6\xcd4VfMM\xfd\xbe}\xf7q\xd6\
\xf9\xadu\xf7\xd9\xf7\xec\xb5\x1f\xe7\xde\xf5\x83\x1fs\xe7\
\xec\xef[\xdf\xb7\xbeu\xf6^\xdfz\xecu\x96\x96\x12\
\x12\x12\x12\x12\x12\x12\x12\x12\x12\x12\x12\x12\xa6`\x8d\xb9\
\xd4j}u\x14\xa2,.?ac\xd8f\x95:\x84\
`\xfe/\x12\x0fK\x99l$\xa1&\xb4\xd6'\x05\x82\
\xda\x88R&\xdbI\xa8\x89\x5c\xa97s@\x9bR\xca\
d;\x095\x81\xc7\xd5G8\xa0\x8d\x892\xd9NB\
M\xa0\x13\xfe\xb6\x17\xd0\xa6D\x99l'\xa1&r\xad\
\xff\xec\x05\xb4)\x95\xba\x9f\xed$\xd4\xc08\xcb\x9e\xe3\
\x053\x12\xa5l\xb6\x970\x03\xe8|s\x0ed,J\
\xd9l/a\x06\xf0h\xf9 \x072\x1aQ6\xdbK\
\xa8\xc66\xa3\xf57\xbd@\xc6\xe2Z\xc7\x9e\x06\x88\xb3\
\x80A\xdb\x93\xd0\x91\xbf\x13\x8d\xf1\x1b/\x88\xb1\xa9\xd4\
\x1d#\xa5\xde\xb5c\xc7\x8e'\xb3\x1f\x9b\x02\xab\xab\xab\
O\x1d\x8f\xc7O\xe4\xcf\xeb@)\xf5x4\xc4E\x92\
\x01y\x81k\x9b\xb0)\xb6\xc5\x07\xf6\xab\x0e\xa4\xceR\
w\xfe\xbcw\x98,\xfb*:\xcb\x07\xed\xdaD\xdeh\
\xf7\xf2\xf2q,\x13\x02d\xc7\x08\xca\x1f\xbd@u\xcd\
5\x1f\xc6\xec_\x08R7\xc8\x8e\xc0\xab\xa5\xceRw\
\x96\xe9\x156\xcb^\x03\xe7\x8eR%\x0f\xe7\xc6|i\
\xa71+{\xf6\xecy4\xeb\x8cF\xa3gBf\xbf\
\x17\x98\xfe\xb9_|c\x7f\xa5\x0eR\x17\x5c\xbf\x12<\
L:G%\x06\xac\xd3\x0b\xf6\xed\xdb\xf7\x08|K~\
\x1a\xa8\x98\xcb\x83\xd28\xc6\x18\xb5\xbc\xbc\xfc\xa8<\xcf\
\x97\xf3,\xfbS@n\x10\x94\x01)\x82\xffF\xa9\x9b\
\x04\xda(\xf5\x09\xd4\xf1^\x96\x9b\xd2Q\xea\xe7x|\
=\x92\xe3\xd39\xe0\xc8\xdb\xd9\xb9\x19\xbc\x07:\xff\x09\
|>(\x96>\xde\xc3\x9fWQb\xc1\xf1\xe9\x14E\
V4\xe0oz\xd7\x94\xbb\x08w\xc9S8N\x9d\x01\
\xf9\xfc\xe5\xecT\xa2\xbe\x8c\xe3\xd4\x09\xd0\x0f\x9c\x08\xe3\
\x0f\x05\x1c\xda\xd2\xc4]\xf2/k\xed\x8b8^\xad\x03\
\x83\xaa\xeb\xd8\x99\xc45Jl8^\xad\x02\xfd\xc6\xeb\
\xd8\x89D\x8fo\xe2\xb8\xb5\x82\x22m5\xe6\xf6\x80\x03\
\x89.\x95\xfauh\xfc\x15\x1d\xe8\xc8\xdf\xed\x19O\x0c\
\x13\xb1\xe2\xf8E\x05R\xba\xa7\xf52\xdf\xb4\xb8<\xa8\
\x94:\x81\xe3\x18\x0dxT}*`4\xb1\x82\x123\
\x8ec\x14\x18c^\x02\x03G\xd8`b5e\xc4\xbf\
S\xeb\x97s<\x1b\xa3\x95\x1d [\x84\xb9\xd6\xdf\xe3\
x6\xc2\xc8\x18\xcbF\x127F\x89!\xc7un\xd8\
,\xfb>\x1b\x18\x00\x8f\x8c\xb2\xecf\xa3\xf5\x97\x91h\
|\x5cX\xfcm\xcc\x0f\xe5Z@\xbe_\x22\x86\x1c\xd7\
\xb9Q\xac](u\x8bg\xa4\x07\xe2\xf6\xbf\x15A\x7f\
\x9bd|\xec\xe7\x04\xd6\xda\xe3E\x06\xf2\xb7\xb1~\x1f\
\x94\xe5\x89\xf1\xca\xca3\xd8\xcfF\xd8\xbe}\xfb\x13l\
\xbf\x0bJ\xf7\x8d\x94z\xab\xacQ\xb0o\xeb\xa1X\xcf\
\xd0zW\xaf\xa9z\x96]+\xb1c\xdf\xa2@\x16`\
FZ\x7f\xd23\xda2ef\x00\xf9\xfc\xf3\xd9\x9f\xba\
\x18\xad\xae\xbe\xa0\xa7\xd9\x85\xcf\xc9\xcc\x06\xfb\x13\x1d\xf8\
\xc6]\x80\xdb\xf0\xbf\x01\x07\xa2S\x02\x19cg\x88\xac\
S\xa0\xbc\x03\x5c~\x1b,c\xb3\x97}h\x1508\
*75x\x0eE\xa3\xec\x08\xc9\xf3\x13\xd9\xf6\xbc@\
Y\xcfke\xbf\xf04eI\xe2-l\xbb\x13\xe0\x99\
\xfe\xaaYk\xcdM\x88\xe0\x9d\xcd6\x9b\xc2J\x9f\x12\
\xb0\x15\x85\xd2W\xf5\xbd\xd9ag\x96\xbd\x10\x8e<\xe0\
9\xd7\x90\x92Mm\xa4\x03\xaf\x8b\xb2\xa3\x8f\x9f}!\
\x06Cy;K\xb6}\xfe\xd3s\xb0)\x91\xb6\xb2\xa1\
X\xc0]\xbd\xdb\xb3\xd7\x90\x12\x83\xa5!lO\xc5\xb7\
\xe2Y\xec\x5c\x04\x1e\x91\xb1\x04\xdb\x8a\x85b\x9c\xd2\xc2\
\xe01\xb4\x9f\xabs\x18c^\xc9\x8e5\xa5\x8c\xc0\xd9\
Nl\xe0\x1b\xfd#\xb6\xdb\x94H\x1aNg;\x9dc\
d\xcc\xeb\xd9\xb1\xa6\x94)\x10\xb6\x13\x1b\xb0s\x15\xdb\
mJY\xdaf;\x9d\x03\x9d\x99a\xc7\x1a\xd3\x98\xcb\
\xd9Nl i\xf8\x98g\xb7)\x11\x0b\xb6\xd39\xda\
h\x10\x09\x16\xdb\x89\x0d\xd8\xb9\x82\xed6\xe6\x10\x1a\xa4\
\x8dG\x16\xb2\xa0\xaf\xb0\x9d\xd8\x80\x8d\xaf\xb1\xdd\xa6\x1c\
\xc4#+u\xea\xc78\x88N\xbd\x8d\xb4W\x96=\xdb\
\xdc\x1c\xb0\xa9\xd3\xde\xa5\xb6\x06\x86Z\xefbC\xb1\x80\
\xa4\xe1\x9c\x80\xbdF\x1c\xd2\xc0\xf0\xa46\xa6N\xc0\xdb\
\xda\x98:\x91%\x84V\xa6\xe2\x11\x03\x99Fb{\x9d\
B\xfa\x8f6'\x17m\x0bw\x09\xca<7`'\x0a\
\x11\x8b\xbf\x8c\xb4~-\xdb\xec\x04\xe5\xc6\x87\x7f\xb0S\
1)\x15\x8c9a'\x8b\x5c(\xf7>\xb6\x13\x99\x0f\
\xc1\xef3\xd9v\xab\x80\xd1\xbd]-P\x81\x07b\xbc\
\x04S,P)\xf5\xab@\xf9\xd1Y\xc4F\xa9\x0b\xd8\
\x87\xe8\xe8k\x09\x17\xbc\x13w\xca\x8b\xd9\x9f\xba(\xdf\
e\xe9d\xb5p\x8aJ}\xbe\xb5%\xdcb\x93C\x96\
]\xeb\x19\xed\x8ak\x1b\x15vm\xa4\xa3\x97/\x90d\
T\xf2\xe8\xf3\xca\xeb\x8e\xfb\xa3or\x90-,\xb2\x95\
%`\xac{f\xd9/\x8b\xf5\x8c\x8a\xe9y\x19\xc3\x88\
L+\xd9\xd4<T\xea\x96\xa8c\x94!n\x94\x93\xc1\
c9\xda\xbe\xca\x96\x1b\xe5\xe4o\x8c\xf2\x7f,\xd7X\
\x16\xd7\x7f\x82\xc7\xed\xa7q\xc7|\xb4\x0f\xc2\x87=\x1c\
\xd7\xb9\xb1\xa8[I\xcb\xc4\xe33\xb2\xb9\x81\xeb\xb4\xf0\
@+\x7f\x97+<d\xe6Y\xf6W\xfc\xfb\x06\xae\xc7\
\xa6\xc1\x22\xbd\x8e\x80\xc6\xf8\xb7\x9c\x16\xc1u\xd8tX\
\x94\x17vr\xad?\xc0\xbeoJ\x94\xb3\xa4\x079\x00\
\x83\xa2R\x87\xe6=ji!a\x07\xfe\xd2'2\xa9\
\xcf\xb2\xcf\x9b\x1a2\xf2\x94\xb1\x00\x07b(Df\xb5\
\x83}\xde\xf4@\xa7\xb9\x9d\x031\x04\xe2\xee\xf8{\xd5\
\xc1ir\xfa\x1b:\xfb\xd3\x98uG\xd2\xac7\xa1L\
\xbb\xa3\xec\xc7\xb1<CN\x9es\xf5$Qb\x99\xb9\
1\xd0\xa35\xaea?]\xe0\xfay\x01\x1d\xb9\xabv\
\xb3l\x08\xac7U\x86dvZ\x7f\xabjo\xaf\x95\
\xd3\xf3\xa6\xf5\x0e\xb0\xcc\xdc\x90oE.\x07\xad\x04\x9c\
\xeb\x8b\xf9\x8c\xf3\xaa0\xc0\xfd\x06\xeb\x94z\xb56U\
\xb0^\x88U3\xbd\xb6\xcd\x06\x11\xa0\xc0\xcb\xd8\xa1\xbe\
(\x81\xa8zm\xac\x98h\x5c'C\x84\xee\xbdK5\
\x96_Yo\x06\xbd\xf3\x1b\xe53\x92\x89\xdb \xf2\x22\
\x8d\xdd\xe0\xa9kmQ\xe6\xb0\xd8?\x17xf\x9f\xce\
:.q\xfd\x15\xac\xc3`\x9d*\xe2\xf1\xf5\x07>\xeb\
\xc4\xb6\xdd \x02yL\xb033\xd8\xce\x11\x7f\xc6\xbc\
\x97}s!\xd7=\x9di^\xc8:\x0c\xd6\xd9\xa9\xd4\
\xa9\xf2\xb9|1\x91P\xbc\x9f\xaf\xcb\x9e5\xd2o\xbf\
A\x8aC0\xb5\xfe\x19;3E\xa5\xee\x97\xf1\x01x\
F!\xbfv\xbcS\xd4;k\xd6i\x09\x90\xf9\x81+\
\x9f\xd3\x1a\x09\xea\xf0\x1d\xd6ax6\xcb\x06\x99\x80\xe3\
\x80\xc4\xe7=\xeeu\xdbE\x83\x08\xd6;&\x16\xbc\xb2\
\x8bcbsc~\xc7\xe5\xbb\x90\xb4\xd6K@\x8c\xb9\
x\xaa\x0c\xa5\x1e\xacJ\x99\x05l\x97\x1b\x04\x9f\xdd8\
%C\x9d\xbb\xed\xaaA\x04}\x1e\xa4,\xcb\xca\x5c\xae\
\x8b\xf2\xbc\xddc:J\x1d\x921I`?Y\xe5\xec\
0\xdbu\x1b\x04\xff\x1f\x97\xd3\xfd\xae_\x9a\xf4\xbbk\
\x90\xa6G\x8d\xc3\xb9\x0b\xcbe\xda\xa9J\xd7\xa1\x0cT\
\xb9L\x17\xe5\xe2\x95\xabS\x8cW\x02\x0bo\x95\x07X\
\xb2\xddb\xd3\x84\x1c\xa8\xa0\xd4\xef\x03\xd7\x0e\xf1\x80\xd3\
v\xd9 109\x8c\x1f\x95\xb9\xc3\xab\xe0zT\xea\
\x01t\xaa\x8f\xe5\xb2\x5cxK\xb9\xe5\xc1b\xb0\xf5>\
*\xef\x17\xac\xeb\xc2\xb3]A\xee?J\xfd\xc5j\x10\
\x07\xdb\x8aQo\xa0\xa2\x01~\x9d\x95]\x94}\xd5T\
\xfff\x8cy\x99\x5c\xc3\xbf\xaf\xa6\xb2\x8eZk\x9f\xce\
eL\x10\xb0\x1d$\x1eU_X\x0a\x8ck\xec\x027\
\xc8\x12*\xb5\x8f+\x1a\xe4\x8c\x97C\xe58\x0eW\xde\
\x1d\x04\x16\x13\xa5\xb4\x0d\x16\xa9\xeaYT\xc4\xc3\xf0l\
\x13%\xb9\x80?\xe7\xb0\xde\x04v\x91\x1b\xc4\xd6x\x11\
H\xc63\xb3v\xc9\xcb\x99\xf3\xa4#[_\x1f\xfe9\
VN\x7f\xd1 _\xe42&`\xfb\xe0^p,g\
\xda\x97w\x9dwW\xb8\x10Y\xd2_\x9c\x06A\x05\x9f\
\x1d\x08\x00\xf3&\xd6#l\x9b\xe3(\xf4\xbb\xb9\x90\x09\
X\x96\xd3\xdeY\xb0\x8b\xdc \x82Y\xc7`\xe0\xfaE\
\xac\xe3\xc2\xae\xae\xbe\x94uj\xd1\xdaS\xb8,\x01\xcb\
m\xc5\x06\xa9\xee\xd8\xd7\x09\xdc\x04x\x9e\x9f\xef\xe9\xd4\
\xe1:\xc7\xbb\xb2\xdc\x96k\x10[\xf5\xd3\xabY\xf6[\
\x96g\xa0\x7f\xb8\xc1\xd5\xc9e\xf7eh\x13\x9b\x1c\x8a\
\xe6\xc8a\x90{=\x97%`\x1f\xb6^\x83\xf8\x158\
F\x0c\xf6X\xde\x05\x06\xa9\x8fA\x03\xfc\x8d\xf4\x82\xef\
\x9b\xa0Q\xde\xe1\xca\xc9\xcachl\xc3>l\xb9\x06\
\xc9\xd7v\xad\xfb\x8d\xb1\x16\xb43X\xde\x05t\x97=\
\x9d\x95\x95\xe7\xb2\x9c\x00\x81=\xd9\x93\x0d\xbcx\xc32\
[\xaeA\x96\xe4\x07\xee\x03\x8bJ\xb2+14a\xe9\
\x02w\xd0\x87\xa7t\xb4\xbe\x8be\x5c@\xe6nW\x1e\
\x0d\xf2\xa1\x80\xcc\x96o\x10y\x9c\x5cj\x9dqCA\
c.f9\x06d.qu\xe47\x0bY\xc6\x85\xcc\
\xcc\x92\x8dK<\x19\xf2CRs\x96\xa9\x82\x9c/F\
e\x5c\xc12\x09\x09\x09\x09\x09\x09\x09\x09\x09\x09\x09\x09\
]\xe3\xff2aI\x06T\x03\x0er\x00\x00\x00\x00I\
END\xaeB`\x82\
\x00\x00\x05q\
\x89\
PNG\x0d\x0a\x1a\x0a\x00\x00\x00\x0dIHDR\x00\
\x00\x00d\x00\x00\x00d\x08\x06\x00\x00\x00p\xe2\x95T\
\x00\x00\x058IDATx^\xed\x9d\xc9\x8b$E\
\x14\x87k\x04\xd7\x83\x8azp\xc5?\xc1\x8b(\x88\x87\
>\xb8\xd0eF\xbc|\xd9\x96\xcbMGi\x04Q\x14\
G\xf0f+\xcc\xcd\x9b\x88\x0b*\xea\xc1\xc3\x5c\x07\xc5\
e\xc0\xa3\xe2\x02\x1e\x06D\xc4\xa3\xa0\x8e\xa2 \x88\xeb\
\xe8{=\x15m\xf9\xeaMUeNMdd\xc4\xfb\
\xc1G\x0d\x95\x91\xd5\xbf\x88\xaf3\xbb\xaa\xa6\x96\xd1\xc8\
b\xb1X,\x16\x8b\xc5b\xb1X2\xc9d29k\
\x0b\xe0\xd6\xda\xfb\xa7\xd1\xb9W\xd1\xfbC\xa7\x13\xf9\xf3\
-\xd3\xdc\xb3\xb1q\x0e\x098@\xfc@\x0b\xf5O,\
d\x0f\x0b\xc5{\x7fy\xed\xdc'r\xb1b \xbb\x84\
\xd0\xb6\xbb\xe8b\x9f\xbc>\xfb8\xe7.\xa1\xd3\xd3\xd7\
r\xa1b!\xfb\x84\xd0\x91\xfaA\x0d\xf0\xdc\xa84)\
$\xe3=\xb9H1\x91}BX\x08o/J\x0a\x00\
8\xb9@\xb1\x91\x9dB\x82\x90)/\x8dJ\x90\x82\x00\
G\xe4\x02\xc5Fv\x0a\x11B\xf2?R\xea\xba\xbe\xb0\
\xae\xaa?\xe4\x02\xc5F\xf6\x0a\x91B\x98\xac\xa5\xd0\xe9\
\xeaz9\xe1>\x90\xbdB4!S\xf2<}5t\
_W\x99ltd\xaf\x90\x05B\xf2<Rhb\x13\
9\xd1>\x90\xbdB\x16\x09\x99\x92\xd7\x91\x82\xc3\x17\xc2\
\xe4#\x05\xf3\x10\xc2\xe4!\x05\xf3\x11\xc2\x0c_\x0a\xe6\
%\x84\x19\xb6\x14\xccO\x083\x5c)\x98\xa7\x10f\x98\
R0_!\xcc\xf0\xa4`\xdeB\x98aI\xc1\xfc\x85\
0\xc3\x91\x82e\x08a\x86!\x05\xcb\x11\xc2\xa4/\x05\
\xcb\x12\xc2\xa4-\x05\xcb\x13\xc2\xa4+\x05\x13\x11\xc2\xaf\
\x03\x93\xdd8\xb4\xed\xb0\x1c\xbb\x0e\x92}\xea\x1e\x13\x11\
\xd2\x8c\xc7W\xcbn\x9c\xc6\xfb\xc7\xe4\xd8u\x91\xa4\x14\
LD\xc8\x16\xc0Xv\xe3\xf0\x91C\xdb\xdf\x96\xe3\xd7\
ErR0\x11!t$\xbc(\xbb\xcdd\x1fV\xd5\
\x8d\x0d\xc0\xfd\xb5s\xdb\xeb\x06\x00\xae\x92?\xb0\xb7`\
\x22Bha~\x99\x8c\xc7\x97\xca~\xc5\x05\x13\x11\xc2\
\xd0Q\xf2\xb2\xecW\x5c0!!\x0c\x9fBd\xc7\xa2\
\x82\x89\x09!\x8e\xd3\x91\xb2#{\x16\x13LO\xc8\x09\
\x00\x8ely\x7f\xad\xec\x9b}0U!\xffq\xb4\xf6\
\xfe\x99\xc6\xb9\x87\xe8tv\x07\x9e\xe8{Zh\x9a\xe6\
J\xb9>\xd13-#\x17\xa1T&r}\xa2\x87K\
(\xc5J\xc5\x84$\x86\x09I\x0c\x13\x92\x18&$@\
\xf7\xa0\xfeJ\xe0}*&\x84\x9f\xc3\xa2\xcb\xfd\xce\xb9\
\xf3677\xcfn\x00\xee\xc4\xc8o\xc9\x9e\xc1\x84\x90\
\x90\xfbd\xa7\x1e\xdf\xb3R\xb6\x10>M\xf1\x91!;\
\x8d\xf8\xe9v\xe7~\x92\xe3#P\xb8\x10\xef\xbf\x97}\
Bh\xfbQ9>\x02&D\xf6\x09A\x13\x12\x1f\x13\
\xa2\x84K(\xc5\xa2`B\x94p\x09\xa5X\x14L\x88\
\x12.\xa1\x14\x8b\x82\x09Q\xc2%\x94bQ0!J\
\xb8\x84R,\x0ak\x10\xf2'\xf1<\xb1\x7f\xfa\xc9w\
\xa7\xfa\x08\xdf\x84\xc8>!\xb8D\x08=\xa8\xfc\xbb\xae\
\xaa[f\xf7\x99T\xd5\x15t\xfdwrl\x0bL\x88\
\xec\x13\x82K\x84\x10\x87\xe5>\x1c\xba\xfeqe\xec\xaa\
\x98\x10\xd9'\x04\x97\x09\x018(\xf7\xe1\xd0\xb6\x9b\xe7\
\xc6\xae\x8e\x09\x91}Bp\x89\x90\x93\xbdT\xa8\xae\xeb\
\x0d9\xb6\x05&D\xf6\x09A\x13r\xea4U\xf5\x11\
]\xbeN\x0b\xfd\xb9\xdc\xa6aB\x94p\x09\xa5X+\
v\xef\xf18w\xf7\xffn\x17\xe0a9NbB\x94\
p\x09\xa5X[^\x93\xb7\xcb\xa1\x05\x7fG\x19\xbb\x87\
\x09Q\xc2%\x94b\xed\x00\xb8W\xde.\x87\xae\x7fb\
n\xec\x0c&D\x09\x97P\x8a\xb5E\x9d\x08\x09yP\
\x19\xbb\x87\x09Q\xc2%\x94bmQ'bB:\x84\
K(\xc5\xda\xa2N\xc4\x84t\x08\x97P\x8a\xb5E\x9d\
\x88\x09\xe9\x10.\xa1\x14k\x8b:\x11\x13\xd2!\x5cB\
)\xd6\x16u\x22&\xa4C\xb8\x84R\xac-\xeaDL\
H\x87p\x09\xa5X[\xd4\x89\x98\x90\x0e\xe1\x12J\xb1\
\xb6\xa8\x131!\x1d\xc2%\x94bmQ'bB:\
\x84K(\xc5\xda\xf2\x80\xbc]\x0e-\xf8\x93\xca\xd8Y\
~[\xf0)@\xdf*\xe3\xf7 !\xcf\xca}8\x0d\
\xc0\xedrl\x0b\xf2\x10R;\xf7\x96\xbc\xdd\x9d\x9d\x9d\
3H\xc8\xc7r\xec\x1c\xceUr\xdf\x15\xbfB\xe3K\
~\xfb\x82\xdc\xb7\x06xC\x19\xbb*y\x08\xd9\x05\xe0\
\xe0\xf6\xf6\xf6\x99|\x9b\xf4[\x7f.-\xf4\x0bsc\
4\x9c\xfb\x86\x04\xdc\xb0\xd7\xa7\xaa\xae\xa1\xdf\xfe\xaf\xe6\
\xc6\xe9\xbcIR\xce\xe7\xfd\xf8\x17\x00\xf9\xeb\xfe\xbc?\
\xae\x8c[\x95\x8c\x84\x10uU\xfdL\x8b\xf2\xe9\xf4M\
8s\xdb\x17\xc1\x12\xc0\xfb/\xf8\xffV\xe4\xb6E\xd0\
\xf8_\xe9H\xfc\x8c.\x7f\x94\xdb:\xd0\xbf\x90\xa6\xbf\
7\xc7$\x07\xaf\x85\x5c\x9f\xe8\xa1{%\xd7\xc9b\xa5\
\x92\xc4Gy\xd0\xf9\xfe\x82\x04\xdel\xd9;t\xca\xfb\
=\xfc=\xea=$\xe4}Y\xb08\x00\xde\x95\xeb\xd2\
[\xe8\xdcy\xdb\x5c\xc1\xc2\xe0o\xc6\x96\xeb\xd2k\x96\
\xbd !g\xb4\xc7Q\xbd\x07\x11/nq\xff?\x1b\
x\xce\xf4w\xf4\x22\xb9\x1eI\xa4i\x9a\xcb\xa6/v\
\x9b+\x9e#\xf4\xb8\xe7C\x9e\xb3\x5c\x87\xa4\xb2\xfb9\
\xb9\x00\x8fR\xe1cr\x02\x19q\xacq\xee\x91\x93=\
\x8f\x96d\xf8i\x10\xe4W\x92;\xf7\x14V\xd5+\xf4\
\xefC\x83\x86\xe6\xc0\xcf\x107\x007\x85\xa7x,\x16\
\x8b\xc5b\xb1X,\x16\x8b%\x87\xfc\x0bP\x07(\xdf\
\x83{\x90\xd0\x00\x00\x00\x00IEND\xaeB`\x82\
\
\x00\x00\x04_\
\x89\
PNG\x0d\x0a\x1a\x0a\x00\x00\x00\x0dIHDR\x00\
\x00\x00d\x00\x00\x00d\x08\x06\x00\x00\x00p\xe2\x95T\
\x00\x00\x04&IDATx^\xed\x9dIn\xd4@\
\x14\x86;\xec\xb8\x00\x02.\x00\x12\x93\xc4t\x88\xc4\xae\
\xb2\x1d\xb5\xc4\xb4\x00\x8e\x10&\xb1\xeb%a\xc3p\x08\
 \x88k\x01\x81%\x01\x91]\xa8\xdfi7\x9d\xd7N\
\xdan\x97\xcb\xe5\xf2\xffK\x9f\x22%\xb6_\xf9}q\
\xbb\xdc\x93G#\x86a\x18\x86a\x18\x86a\x18\x86a\
\x18\x86\x19h&\x93\xc9\xa9,\x8eo\xa5J\xdd7l\
\xa5q\xfc\x22(\xb0Of\xdf6\x95\xba\x89}\x95\xfb\
\xefM\x94R\xe7\x13\xad\xdfk\xa5\xbe\x9b\x01\x1f\x0c\x81\
$\x8a\xbe\xe98~\x97e\xd99\xd9\x8f.\xb3\x96(\
\xf5\xd2\x0c\xf0\x8f\x1c\xf0P\xc8\x94\xfa\x8d\xa3\x07\xbd\x90\
\xcdq\x9a\xf1x|\xda\x0c\xe8\xb3\x1c\xe0\x80\xd9AO\
d\x9f\x5ceMG\xd1\xc7\x92A\x0d\x9aL\xeb/\xe8\
\x8dlV\xeb\x99>L-\x0c\x88\x18\x0e\x1f\xbe\xdc\x05\
'\xf0\xfcqS\x0e\x84\xe4\xa07NO\xf4\x98M\xc9\
A\x10A\x14\xbd\x95}k%\x98{\x0fij\xdb\x80\
]'\xd7)I\x92\xdc.)NJ\xc0\xc5\xa3\xec\x9f\
\xf5\x98\x93\xf9\x03Y\x98\x94\x93\xc4\xf1]\xd9?\xeb1\
3\x88\xa7\xb20)\xc7\x9c\xdc\x9f\xc8\xfeY\x8f)2\
\x91\x85I9\xe8\x95\xec\x9f\xf5PHu(\xc43(\
\xc43(\xc43(\xc43(\xc43(\xc43(\xc4\
3z-$\x89\xe3\xbdT\xebW\xe6\xe7C\xbcNm\
~\xb7/\x97\xb1\xc8>\x9e\x8dE-\xb3?\xdby\xed\
\xc5e\x1a\xd3[!h\xc8f\x1c_\x9c\xafc\x1av\
\xcd\xfc\xfe\x87\x5c\xb6)\xf96\xcd\xb6\xe7k\xa1v\x1b\
Rz+\x04G\x86\xac\x83\x98F]\xb2)\x05\xdb\xc2\
6e\x1d\xc4\xfc\xfd\xb5\x5c\xbe)}\x16\xf2H\xd6)\
bK\xcaI2\x10\xb3\xccc\xb9NS\xfa+d\xc9\
\xabkM\xa5,\x93\x81\xb4\xf1*h\x7f\x85\x1c\x9ed\
\x8f<\xae\xcb\xac*\xa5\x8a\x0c\xd4\xce\xc7P\xb2~\x13\
\xfa,\xe4 Q\xea\xa7\xd6\xfa\x8a\xac7\x9f\xfc\xe4\x1b\
E\xdf\xe4\xba\xc7\x91\x0b\xdc\xd8\xb8,\xb73\x9f\xba\xdb\
\xacC\xaf\x85\x00\x9bR\xba\x96\x01z/\x04\xd8\x90\xe2\
\x83\x0c\x10\x84\x10\xd0D\x8a/2@0B\xc0*R\
|\x92\x01\x82\x12\x02\xeaH\xf1M\x06\x08N\x08\xa82\
m\xc5\xdf\xab,\xb3\xca\xb4\xb9\x09A\x0a\x01U\x8e\x94\
\x93\xe2\xfa\xc8(\x08V\x08XUJW2@\xd0B\
@])]\xca\x00\xc1\x0b\x01U\xa5t-\x03\x0cC\
H\x85\xd9\x14B!\x0e\xa8*\xa3H\xd7R\x82\x16R\
WF\x91.\xa5\x04+dU\x19E\xba\x92\x12\xaa\x90\
\xdd*\x17}U\x96\xc1\xb6J\xb6\xdf\x1a\xc1\x09\xa9r\
d\x14\xff\xfdUf_\xae\x8f\x94\xa0\x84\xd4\x911[\
\xa7\x82\x14\xa5\xd4\x05WR\x82\x11\xb2\x8a\x8c\xd9\xba\x1e\
I\x09BH\x13\x19\xb3mx\x22\xa5\xf7Bl\xc8\x98\
m\xcb\x03)\xbd\x16bS\xc6l\x9bF\xca\xb2m\xb6\
)\xa5\xb7B\xb4R\x7f7\x95\xba*k\xcd\x07\xd3\xd6\
\x15_\xcfX>m6\xb5S\xbe\x0dh\x8e\x96\xdf(\
\x97V\x90\x821\x94\xac\xd7\x88\xfe\x0aq\xf0V\xd2t\
\x89\x14\x8c\xa1d\x9dF\xf4V\x88\xd9\xe6\xb6\xac\x83X\
\x94Qp\xac\x94\x94o\xb6\xfe\x8fi\xfa\x1eN\xae\xf3\
u\xda\xfa8B\x0a)\xe2|\x95\x9f\xd8\xf9q\x84\xa3\
\xa0!8R\x12G\x1f\xd8A\x0d\xd4\x9a\xd6\xb4.\x03\
\xf4ZH\x88P\x88gP\x88gP\x88gP\x88g\
P\x88gP\x88gP\x88gP\x88g8\x11\xc2/\
\xc1\xacN\xe6\xe4K0\xb5\xbe'\x0b\x93c\xb9#\xfb\
g=\xd3\xbb\xe7\xc8\xc2\xa4\x84$In\xc8\xfeY\x0f\
\xbe>\xbb\xad\x97<\x83\x22\x8e\xbf\x8e\x5c\xdd\xb6b\xfa\
l\xec\xe2 \xc8\x8cD\xa97\xb2o\xad%M\xd33\
\xe6?\xe0\x97\x1c\x049\x04O\xe7\x8f\xd7\xd7\xcf\xca\xbe\
\xb5\x9a\xe9\x1d\xcb\x16\x06Cr\x9e\xc9~\xb9\xc8\x9a)\
\xfc\xa1d0\x83\xa6\xb3[\x1e!\xd3\x9b\x82\xed\xc8A\
\x0d\x15\xf3P\xf5\xa9\xcb\x9b\x82\x15\xc1m\xf3\x9eg\x03\
\xbe\x05R\xfe\x12\xb0\xb9`F/ds:\x0b\xee\xb9\
\x94\x7f\xb1\xe4\x90\xa6\xc4fj\x8b\xd9\x94\xf3\x13x\x9d\
\xe4\xd7)\xe6\x82hzE\xbf\x85\xefS\x0c\x0a\xb3O\
\xd8\xb7,\x8a\xae\x8f|:\x22\x18\x86a\x18\x86a\x18\
\x86a\x18\x86a\x18\xc6q\xfe\x01\xae\xc3\x8a\x14R\x0a\
b\x92\x00\x00\x00\x00IEND\xaeB`\x82\
\x00\x00\x05\xfd\
\x89\
PNG\x0d\x0a\x1a\x0a\x00\x00\x00\x0dIHDR\x00\
\x00\x00d\x00\x00\x00d\x08\x06\x00\x00\x00p\xe2\x95T\
\x00\x00\x05\xc4IDATx^\xed\x9d\xcb\x8b\x1dE\
\x14\xc6\x83\xe2k\xa3Q\xc1\xc7\xda\xd7\xde\xa8\xf8v\x04\
7\x93\xe9\xaa\xea\xeepw&\x13_\x83QQ\x83\xff\
\xc0l}d\x0c\xe2&(ne\xc0\xb5\x12\xdc%q\
\x1d\x06W!\xfe\x05\x12\xc1\xb8J\x16\x8e\x9e\xd3sG\
\x9a\xefV\xbf\xea\xd4\x15\x8c\xdf\x0f\xbe\xdd\x9cs\xfa\xf6\
\xd7UCW\x9d[\xf7\xc0\x01B\x08!\x84\x10B\x08\
!\x84\xfc\x87\xa9\xaa\xea\xde\xd2\xfb\xf7\xca\x10\xbe\xa8\xbd\
?3EU\x08\x9fV\xce\x85\xcd\xcd\xcd\x9b0o\x1f\
\xb3\xd9\xec\x8e\xca\xfbu\xa9\xfb9\xe6\x1c\x92\xc6H\xdd\
c\xc7WVn\xc7\xbc}\xe85\x96\xce\x95z\xcd\x98\
sHzo$\xee]\xb9\xee{0oV\xe4f\xbe\
$\x17\xf9\x9b\xdc\x9c\xbf,\x0a\xde_X[[\xbb\x1b\
\xf3\xc78R\x14\x8fTE\xf1\x0b\xe6\x98*\xb9Q\x97\
\xbd\xf7\x0fc\xfe\x18zmuQ\xfc\x849&\xcb\xb9\
+!\x84\x170\x7f\x16\x9a\x91\x91\xc1\x8c\x96\xb6\xb1\x06\
\x22O\xd8\xcd\xf2\xb4\xfd\x1c\x89M\xd5\x8e\xe6\xc4:H\
\x1d\xc2w\x91\xd84\x89)K\x19):\x04\x17\x8a\x19\
$\xe6\xfe)&\xdf\x87u\xda\xc8S\xfd2\xc6\x99%\
\xa3\x1c\xeb\xb4\x99\x1d>\xfc\x80\xfc\xdd\xeeB\x9cA2\
m\x9e\xc0:fd\xda8\x8d\x85\xac\x92\x1b\xfe\x1c\xd6\
i#\xa6m`\x8cU\x9a\x13\xeb\xb4\x91\xcf\xf9<\xc6\
\x98%\xf7\x0e\xeb\x98\x91y\xff\xcb\x85BF\x95e\xb9\
\x82u\xda\xe4\x1e\x95\x8d$'\xd6i\xa3\xd7\xb4\x10c\
\x94\xde;\xacc\x86\x86\xa4\x8b\x86\xf4\x89\x86t\x8b\x86\
\x18\xa0!\xe9\xa2!}\xa2!\xdd\xa2!\x06hH\xba\
hH\x9fhH\xb7h\x88\x01\x1a\x92.\x1a\xd2\xa7\x1b\
\xc5\x10I\xfc\x09\x16\xb2\xea\x88\xf7O`\x9d6\xa5s\
\xc71&\x83\xd6\xb1N\x9b\xda\xb9'#1&\xd5\xde\
\x7f\x8cu\xcc\xe8N\x1f\x16\xb2\xa8,\x8a\xdfWWW\
o\xc3:m\xaa\xaaz\xb4\xca\xbb\x14\xbe;\xb4I\xa5\
;\x8b\xf2wW#\xb1\xc9\x0a!8\xaccF\xb74\
e\xe8]\xc0b\xa9*\xbd\xff\x00k\xc4\x90\xa7\xebk\
\x8cM\x95n\xafb\xfe\x182\xad\x9d\xc4X\x83\xceM\
\xdd\xb2\x1e\x8dnmJ\x81\xedfsi\xb1\xf0(\xe9\
\xc8\x90\x0f\xfc>\xe6\xeeb6\x9b\xdd*\xa3sKj\
^\xc7\x5c\x13tM\x1e\x80\xcf666n\xc1\xfc]\
\xc8\xd4\xf5ae\x18)z\x8fBQ|+\xff\x93\x0e\
b\xee\xec\xc8\xb0\xbf_\xf7\x8a\xeb\x10^\x99$\x99\x9f\
\xa76\x1b\xec#\xd3\xdb\x9dR\xf3\xd9\x85\x9c\x03\xd2\x18\
\x8d\xc5|c\xd0k\xd5k\xc6\x9cC\xd2{3\xb4\x1b\
J\x08!\x84\x10B\x08\x19O\xd3\xde\xb9\xb7\x00\xf7\x96\
6\x9dM\x91\xc4\xac\xebr\x08\xe6\x1c\xc3|\x8d\xe9u\
\xcc9$\x8d\x19Z3\xebB\xde\xb7\x1e\xd3k\xc6\x9c\
Cj\xee\x8d\xdc\xa31m\xab&\xb4\xf19C\xaf\xed\
\xae.\x87\xe8\x1b8\xe6\x8f\xa1}\xb1\xf2v\xffc$\
\xcf4\x85pvl\x8f\xed|u\xe0\x9b\xca\xbe\x8e\xb6\
3\xb4v\x96L\xf3\x95\x80\x0c]\xe8\xff\xc8\xb9-\xac\
\x11#\x8b\x19\xfb\x12S0\x7f\x8c\x9cm\xb3\xdau\x9f\
\xba:\xd1K\xa5\xd3M\xa4`\xaadh_\x17\x93\xef\
\xc2:m\x96\xb1\x14.S\xc9!\xac\xd3F\xd7\x9e\xf4\
\xda0\xce\x22\xf9\x1cG\xb1\x8e\x19}\xa2\xb1\x90Ur\
\xa1Oc\x9d6u\x08ob\x8cUr\xb3\xdf\xc0:\
mdt<\x831\x19t\x0a\xeb\x98\xe1\x8ea\xba\x96\
\xb2cHC\xd2EC\xfaDC\xbaEC\x0c\xd0\x90\
t\xd1\x90>\xd1\x90n\xd1\x10\x034$]4\xa4O\
4\xa4[4\xc4\x00\x0dI\x17\x0d\xe9\xd3\x8db\x88$\
>\x85\x85\xac\xe2\xe2\xa2\x01y\xb2\x8eE\x0aYtm\
\xa8\xa3Pw\xfa\x22q&\xd5E\xf18\xd6i\xa3[\
\x02\xb9\x97\xdfK\xef_\xc5:f\x9a\xb6J\xef/c\
\xb1Ti\xaf-\xd6\x88!\x0f\xc2Y\x8c5\xe8{\xcc\
\x1f#\xf3V\xc3\xa5\xa1.\xffdt;R\x0a\xecD\
\x8aN\x91n\xe1\x9e\x19\xdb\xf8\xac\xdb\xae9L\x91y\
\xfc\x87)[\xb8\xf3\xae{\xeb\x16\xeeE\xf9\x9f\xf4\x10\
\xe6\xcf\x8a\xb6\xd6\xeb\x11G:\xbf\xe3\xe6\xfe\x90t\xda\
K\xddc\x96\x0fvH\xe2_\xc3\x9cC\xd2\x98\xa1i\
\xaa\x8b\xe6\xf0\xb4\x84&\x07\xbd7b\xe8\x8bK\xfb\x1a\
\x02!\x84\x10B\x08!\xffC\xea\xba~0\xe5K\x9f\
\xf2.\xf1Tj[\xa5\xc4\x1eL\xfd\xd2\xa7\xc6b\xbe\
1h\xfb\xac^3\xe6\x1c\x92\xde\x1b=n\x16\xf3e\
\xa79\xf1y\xef\x90a\xcb\x1b\xecUyY;\x89\xb9\
\xbbh\x1a\x9f\x8b\xe2tiX_jb\x9d\xdb\x1a\xdb\
\xe0\xad\xc8\x8b\xddG\x12\xf3\x07\xe6\x1a\xabr\xef\xab\xe3\
\xdbcO\xf0\x9e\x8c\xbeuf9~{_#M\x99\
w\xa1/\xc6\xa7\xc8\xb9\xaf0\x7f\x8c\xc6\x0c\x8cM\xd7\
\xf9\xa5\xbc\xb1\x97z0\xfdb\xb1d\xe9\x01\x02C\xd3\
\xd7\xfc\xfb\x19\x96\xd1\x88\xda\xd5\xe5\x10\xac\xd3\xa6\xe9\xf2\
7\x8c\x8c\x98\xc4`\x8fu\xccT<|&YK9\
|\x86;\x86\xe9Z\xca\x8e!\x0dI\x17\x0d\xe9\x13\x0d\
\xe9\x16\x0d1@C\xd2EC\xfaDC\xbaEC\x0c\
\xd0\x90t\xd1\x90>\xd1\x90n\xd1\x10\x034$]4\
\xa4O7\x8a!9\xcf\xff\xd8\x17\x7f6\xcf@\xed\xdc\
;\x0b\x85\x0cj6p\x06\x8eR]\xc6\xd3\xaa\x1d\x85\
X\xa7\x8d\x1e\x81;\xdf\x5cZ\x885\xe8m\xacc\xa6\
\xe9\xb1u\xeeJ\xa4X\x92\xf4\x90a\xac\x81\xe8yS\
\x95\xbd\x97\xb8\xad\x8b\x9a\x13\xeb \xf2w\xdb\x91\xd8$\
\x95\xde\xff\xba\xb4]\xc3\xe6\x80\xe0<\xa6\x9c+G\xee\
sk/p\xa6\xae\xfbK\xe5\xc8\xc6\xe7\xf9\x09\xde\xe7\
#9&I\xcd\xd0)\x10\xf3gEG\x8aN_)\
?\xdf\xad\x1b5z0\xfd\xd4-\xcd\xf9\x09\xd3GS\
\x7f\xbe[\xbf\x9f1\xf5+\x01\xcd\x96\xb5<\x0dz\xcd\
\x98sHzo\xf4\xf7o\x9762\x08!\x84\x10B\
\x08!\x84\x10\xf2/\xf17Y\x1b\xe8\xebd\x1d\xe9G\
\x00\x00\x00\x00IEND\xaeB`\x82\
\x00\x00\x05<\
\x89\
PNG\x0d\x0a\x1a\x0a\x00\x00\x00\x0dIHDR\x00\
\x00\x00d\x00\x00\x00d\x08\x06\x00\x00\x00p\xe2\x95T\
\x00\x00\x05\x03IDATx^\xed\x9dK\x88\x1cU\
\x14\x86\xa3\xf1\x01Y\xa8\xd1(\x22\x8a\x0bW\xe2\xd2\xa8\
\x08.\x5cDEE\x8d\x8b\x88\x0a\xba\x90\xa0\x22H\x02\
.\xdc\x06\xb7\x06E0\x88J\x5c\x88\x1bg\xe1\xc6\x07\
\x86\xa0C\x18\x91\x08E\xd7}T;\x93\x8c+A\x14\
\x1f+\x83o\xed\xfc\xa7\xa6+)NUc\x8d\xde\xae\
>\xf7\xd6\xf9\xe1\xa3\xc2\xf4\xed{\xcf\xbd_\xaa\xaa{\
\xba\xbaf\xcb\x16\x8dF\xa3\xd1h4\x1a\x8dF\xa3I\
$EQ\x5c\xe0\x8d\xb9\xb3p\xee\x05l\xdf*\xac]\
\x9a'||\xcd4\xeb\xeb\xeb\x17B\xc0s\xce\xda\x1f\
\xbd\xb5\x93\xbe\xe0uh\x90\xb5\xd1\xe8*,\xce\x17|\
\xb1\xfa\x80\xd7R\x05{\xcf\xc3\x93\xc9\xe4\x1c\xfe\xf3\xe4\
\xb3\xba\xbaz\x99\xcb\xf3\xaf\xf8B\xf5\x05\xaf\xa7\x8as\
n\x19\x8f\x1f\x1a\x9c\x14L\xfc\x08_\xa4>\xe1\xf5T\
\x99\x0a\xa16\xc3\x91\x82\xc3\xc2}|\x81\xfa\x86\xd7T\
\xa5&d\x82\xf3\xda\x1b\x83\x90\x82\xc9\x1e\xe5\x0b\xd47\
\xbc\xa6*u!S\xd2\xdeS\xf2<\xbf\x04\x93\xfc\x83\
/P\xdf\xf0\xba\xaa\xb4\x08!\xd2\x952\xb6\xf6\x96\x96\
\x09\xf7\x0e\xaf\xab\xca\x0c!\xe9\x1e\xbep\xfe\xb8\x9fO\
v\x11\xf0\xba\xaa\xcc\x122%\xbd=\x05\x13\xde\xd32\
\xd1\xde\xe1uU\xf9\x17!\xe9\xed)\xb1\x0b!\x92\x92\
\x92\x82\x10\x22\x19)\xa9\x08!\x92\x90\x92\x92\x10\x22z\
)\xa9\x09!\xa2\x96\x92\xa2\x10\x22Z)\xa9\x0a!\xa2\
\x94\x92\xb2\x10\x22:)\xa9\x0b!\xa2\x922\x04!D\
4R\x86\x22\x84\x88B\xca\x90\x84\x10\xe2\xa5\x0cM\x08\
!Z\x8a\x14!t\x1d\x18\xaf\x8db\xad}\x9f\xb7\x0d\
\x84\xcc_\xddK\x11\xf2\xe5ht-\xaf\x8dB\xd7\x88\
\xf1\xb6\x01\x91'E\x8a\x10\x9f\xe7\xf7\xf2\xda(\xb4\xe7\
\x14y\xfeQ\xa3}8dI\x91\x22\xa40\xe6u^\
[\x15Z0<~[a\xed^\xd4\xfbdh\xbc\xf7\
\xd7\xf01\x17\x16'D\x883\xe6g\xec\x0dW\xf2\xfa\
\x06\x17)BJ\x9c;\xcc\xeb\x1b\x5cD\x09\xb1\xe5\x9e\
\xf2\x14\xafqP\x11(\xe4\x1fl\x0f\x88:\xd1\xf6\x19\
iB*\xf0\xfe\xe3S\xbc\xba\xba\x89\xd7\x9b|\xa4\x0a\
\xa9@}cl\x0f\xe2\xfd\xc8\xb3\xe0!\xaaw^\xe0\
?\xc1\xd5|}z\x0f\x15\xc2\x17a\xa8\xd0Z\xf0\xf5\
\xe9=*\xe4,*D\x18*D\x18*D\x18*D\
\x18*D\x18*D\x18*D\x18*D\x18*D\x18\
*D\x18\xa9\x08\xf1\x85\xb5\x8f\xa0\x9f[\xf1\xef}\xce\
\x98\x9fZ\xda\xd4\xf9\xd3Z\xfb\xa2\xcf\xf3\xdb\xf1\x9c\x1b\
C\xe0\xbd\xdfI5P--\xe3u\xc6E/\xc4\x98\
\xb5,\xcb\xb6\xd5\xfb\x1b\x1bs\x03\xa4\xfc\xd6h{\xf6\
9O\xd4\xdb\x87\x0c\xd5\x021'\x1acv$\x05!\
O\xf3\xfe(\xde\xb9w\x1bmm\xf9\xe1\xd3\xb7\xbcm\
\xe8@\xc83|\xdc\xaeD/\x04\xcf}\x80\xf7Gq\
\xd6\xbe\xcc\xdb\x96\xed\xad\x1d\xf1\xb6\xa1C5\xf1q\xbb\
\x12\xbd\x10p\x90\xf7G\x1f\xbd\xe2\xfc\x90\xb5\xb4\xa5=\
\xe4\xd7\x13Y\xb6\x83?'d0\xc6K|\xdc\xaeD\
/\x04\x93\xff\x1d\xcf\xbf\xbb\xea\x0b2\xce-o\x09\xd8\
\xd2\xb6\xc6\x87\xeb\xc7\x8f_T\xaf!TP\xcb=\xfe\
\x7f\xdc\xb7%z!\xe5$6.JX\xc1+\xa7\xb7\
qNY\xe5\x8f\xb7b\xccwt\x9e\xa1\x8b\xe3B\x80\
=\xf2M\xaaaZKs\xbc\x8e$!$%T\x88\
0T\x880T\x880T\x880\xd2\x11b\xcc\x1a^\
5\xbd\xc7\xefV\xfd_\xc1\x1b\xc8O\xe8j\xf8\xc68\
-\xd0\xbb\x7fl?.khy|3\xa4 \xe4/\
,\xc4c\xbc\xcf\x10\xa1\xaf&\xa0\xff\x95\x961\xcf\x00\
\x19\xaf\xd6\xbf\x0a\x07\x99\x8f\xe3g\x7f\xf3v]IA\
\xc8!\xde_\xc8\xd0\xa5\x9d~\xd6\x1b=c\xdc\xd2\xd2\
\xd2V\xfe\x1c<\xf6Z\xa3mG\xe2\x17b\xcc\x83\xbc\
\xbf\xd0\xc1\x9b>\xdb\x18w\x83Wx[\x0a\xd5\xd4\xd2\
\xb6\x13\xd1\x0b\xc1!b/\xef/tp>\xf9\x86\x8f\
[b\xcc;\xbc-\xc5\xd1W\xd4x\xdb\x8eD/\x04\
\x87\x94|\xd6\xd7\x99C\x04\xb5\xed\xe6c\xd68\xe5\xbd\
\xbf\xae\xde~yy\xf9\xbcY\xbf\xd8\xecB\xf4B\xa6\
\xac\xa0\x8f]\x90s\x05\xb6\xdbC\x80\x85\xbe\x1e\xdb\xe7\
\xd1\xf7/-\xe3\x9d\x01'\xf0\xaf\xd1\xeeQ\x12\x03\xee\
@\x0d\x9f\xf16\x9b\xc1%\x22$\x19T\x880T\x88\
0T\x880T\x880T\x880T\x880T\x880\
T\x880D\x08)\x84\xfcA\x17\x09\xd0Z\xf0\xf5\xe9\
=\x8517\xf3\xc2\x06\x8b\xf7;\xf9\xfa\xf4\x9e,\xcb\
.\xf6\xb3>s\x18\x10t\xd1\xdf\xbc.\xe0\xdbt\xbc\
\x80?\x9b\xb7hp\xfe8\xc2\xd7eaq\x1b\x97`\
6\x8a\x1c\x128t\xdf\xc5\xd7e\xa1\x99\xf3\x8d&e\
\xe3\xdc\x07|=\x16\x9e\xf1x|)\x8a;\xd9(6\
}N\xe2\x08\xb1\x9d\xaf\x87\x88\x8cF\xa3\xcb}\x9e\x1f\
k):U>\x17\x7f\xe3\xcd\xf2>\xb9\xd6\xeeG\xb1\
?\xb4L \x15\xbe\x07\xfb\xe6\xf9\xf1s\xf0\xe0\xe5\xf0\
\xf9\xf4\xb1(\x0a?\x80c\xeca~1[l\xd0\x1c\
h.8<\xed\xa2\xb9\xf1\xf9j4\x1a\x8dF\xa3\xd1\
h4\x1aM\xac9\x0d\x0f`\xd6\x91}\x80\x93\x7f\x00\
\x00\x00\x00IEND\xaeB`\x82\
\x00\x00\x09k\
\x89\
PNG\x0d\x0a\x1a\x0a\x00\x00\x00\x0dIHDR\x00\
\x00\x00d\x00\x00\x00d\x08\x06\x00\x00\x00p\xe2\x95T\
\x00\x00\x092IDATx^\xed\x9dw\xa8\x1cU\
\x14\xc6c\xc1\xde+\xf6\x86\xdd\x88]Q\xb0E\xc5\xde\
\x05\xb1\x80\x1a\x15\xbb\x88\xf5\xa9h, \x82(h\x10\
\xff\xb0\xa1h0D\xb1\x81\x0aB\xfe\x10\x83e\xdd\xb9\
sg7y\xf1\xa9Q#\x1al\xb1\xa5\xc7<\xbf\xb3\
o6\x99\xfd\xe6\xbe\x9d;\xfbffw\xc7\xfb\x83\x8f\
M\xde\xce\x999\xe7\x9e\x99\xdb\xe6\xce\xec\xb8q\x0e\x87\
\xc3\xe1p8\xc6\xf9\xbe\xbf~M\xeb{\x03\xdf\xff\x1c\
\x0a\xb4\xef\xbf\x88\xbf\xed\xc7\xdb9\x0a`v\xa5\xb2E\
\xa0\xd4\x17H\xc40iA\x10\x04'\xf2\xf6\x8e\x1c\x91\
dh\xa5\x94!\x19#Rj\xee\x9c9s\xd6a;\
G\x0e$&#TM\xa9\xe3\xd8\xd6\x911Z\xebM\
\x03\xcf\xabp\xe1\x1b\xa5\xd49l\xef\xc8\x10\xdb+\xa3\
)l\xba\x07\xef\xc3\x91\x11i\x93\x11h\xfd\x06\xef\xc3\
\x91\x11i\x93!\xdbJ\xd5\xc6\xfbqd\xc0\xacY\xb3\
6O\x93\x0c(\x90\x04\xf2~\x1c\x19\x80\x01\xdeV)\
\x93!W\xc7\xbf\xf8\xfc\x12U\xd6k\x180\xde\x81\xf1\
\xc8!\xc3\xc3\xc3\xab\xf3\xbe\x1d\x1d\x80jg:\x17x\
GRj\x1e\xba\xc0/`\x7f\xa7L\x9d:u\x0d>\
\x8e\xc3\x82\xbaR\x07\xc6\x0a6\x03\xe1\x0a\xfa\x1eW\xce\
\x03\xb8\xf0\xb6\xe3c:\xda\x80\xb3\xf9b.\xcc,\x85\
\xc4,\x86&\xa3Z\xdc\x9e\x8f\xed0\x80j\xe6$.\
\xc4<\x14&\xe6Q\x99\xa4d\x1f\x1c\x11\x86\x86\x86\xd6\
\xc6U\xf2#\x17`^\x92\xaa\xec\x7f3\xb2\xaf\xd5j\
ku2.\xc0Y;\x01\x85\xb5\x90\x0b/O\xc9\xf4\
=\xfc\xdd\x80})\x053=ow\x04\xf96\xce\xbe\
%\x12l\xcd\xf7\xe7\xe0\xdf\x97\xf3v\xed\xe8FRp\
\xa5\xccBwy\x7f\xf6\xa5\xaf\x09<\xefX\x047?\
\x16\xecH\xc0\xb7\xf2\xf6\xed\xe8 )\x0b\x91\xfc\xd9\x86\
\xbf[\x0b'\xce\xdf\xb8\xaaOe_\xfa\x12\x04r\x81\
4\x96\x1cdD\xff\xa4\x1dM\xa7M\x0a|\xb8\xd3\xf3\
\xbc\x9d\xf1y\x0bN\x0e\x9f\xbf\xb7\xd42t\x91\xafb\
_\xfa\x0a\x04qm8Z\xe6\xe0Z\xe5y\xa7\xb1m\
\x12i\x92\x02\x1f\x16U\xab\xd5-\x9b\xb6\x18\x18\x1e\x06\
\xfb\xd7\xad|\x8b\xeb\xa6\xa8\x1f}\x03\xaa\x89\x0bm\x03\
\xc6\xb6g\xb0\xbd\x0di\x92b\xea5\xd5\xaa\xd5}\xf0\
\xdd\xfb\xb1m\xdb\x081\xad\xc0\xe7D\xdeWOS\xf7\
\xfd\xe3\x9b\x8dw\x92\xa4:\x9bY\xa9l\xc3\xfb\xb0\xc5\
6)H\xfa\xf9l\xdbDN\x88\x94\xdd\xea\xe5H\xf0\
\xb9\xbc\x9f\x9e\x04\x81\x8d\x87\xfe4\x04a\x14\x12\xf2\x10\
\xef#-\x16IY\x964\x0a\x97\x99dl7\xcd`\
k\x944\xf4=\xbf\xa2\xa5R\xa9\xac\x87d\xd4\xd9\xf9\
\xd1\x84\xba\xfc\xa9\xe1\xe1\xe1\xd5x?\x9d\x10&e\x01\
\x1f#\xd4c\xbc\xbd\x09\xf1\x05\xdb\x0e\xd8V\xb5\xda\xf3\
\xbe\xeadLU\x18\x81\xd6\xcf\xb0\xd3&I=\x0c\xdd\
\xc5\xf6c\x05\x85s0\x12\xe3E\x8e\xf3\x17>'\xa5\
\x9d\xd5E\x15v\x9em\x95\x0bMa\xfb\x9e@\x1aM\
\x83\xb315\x1aE\xa5\xae`\xfb,\x09\xbb\xb8\xe3\xc7\
2'%=?\xe9\x9d\xb1\xffF\xf5Z{\x22\xd3\x0b\
)\x1a\xc5\xdb\xd8\xbeW\x91\x8e\x80U\xf5\xa5\xd4\xbcz\
\xbd\xbe\x19\xdbw\x0di\x98cN\x1a\x84\xed\x1eg\xdb\
^Gf\x128\x0e\x93z&6\xe9\xbd\x04\xa37\xa6\
Q}\x94\xb6.\xef\x15\xe0\xfb\x14C<\x9c\x90%A\
\x10\xec\xc6\xb6\x85#3\xa2\xec\x5cLJ\xfd\x8ejm\
G\xb6\xed\x17\xd0&m\x828\xbf\x8b\xc5E\xc2\xc9\xf9\
\x12\xdb\x16\x8a\x0c\xe8lz#h_.b\xdb~C\
\x06\x8f\x1c\x97AK\x93\xc6;\xb9\x02\x07&\x19\x9cj\
M\x86R\x1fg5\xd6\xe86H\xca\x9b\x1c\x1f\xab\xa6\
\xf5#lW\x08\xe1\x8d\xa6\xb6=+\xe9\xe2\xd6}\xff\
p\xb6\xedWd\xee+\xa9\xd7\x85\xef\x7f\xeb\xcaJ{\
\xe9\x12\xb23,9\xa3\xd8\xae\xdf\xc1\xe8\xfcU\x8e\x93\
\x85\x13\xf5l\xb6\xcb\x1d\x8c\xca_fGXe|\x04\
\xa0\xe6y\x87r\x9c,\x9c\x88\xaf\xb0]\xaeH\xf7\x15\
\x07\xfe\x85\x1d!\x05ei;\x98`\xe4\x919\x8ew\
\xa5d\xca\xa6\xd0j\x0bg\xc9Q\xec\x04K\xee\xce\xb1\
]Y@l7p\xbc,ls\x0c\xdb\xe5\x06z\x12\
\x0f\xb2\x03,Y\xd4\xc0veA\xc6T\x8d99C\
\xdcM\xc9\xc3\xa7l\x97\x1bh\xd8\xdeb\x07Z\xa4\xd4\
 \xdb\x94\x0d\x9d\xb0\xf0\x1b\x03\xc9\xf7\xd8&7p\xc0\
o\xd8\x81\xa8\xe4>\x07\xdb\x94\x0d\xc4\xf94\xc7M\xfa\
\x99mra\xe8\x93O6\xb2\xb8\x5c\xfb{u\x86\x05\
\xa8\x05.\xe5\xb8Y\x95Jec\xb6\xcb\x1c\xdf\xf7\x8f\
\xe0\x03\xb3d\x1b\xb6+\x1b\x88\xf1 \x8e\x9b%\xdb\xb0\
]\xe6\xd8\xcc\xe9\xc8U\xc4veCn\xddr\xdc,\
\xb9\xf3\xc8v\x99\xa3\x13\x1e\x0d\x90\xc9F\xb6)+2\
\xde\xe0\xf8[\x94\xf3\x9d\xd1\x06\xc8\xfau\xb1\x03\xb7\xaa\
\x98\xc6\xac\x07H\x9a\xcbCBnd\x9b\xcc\xc1\x81\x06\
b\x07\x8e\x08g\xcd\x10\xdb\x94\x95@\x9e_4\x94A\
D\x03l\x9398\xc8\xdd\x86\x03\xaf\x94,lf\x9b\
\xb2\x82+\xe0k\x8e?*\x5cAw\xb2M\xe6\xe0@\
7\xf3\x81I?\xb0MY\xc1\xe0\xefWC\xfc\xab\xa4\
\xd45l\x9398\xd0\xc4\xd8\x81#\x92U\x8blS\
V\x10\xefR\x8e\x9f\xca\x22\xff;\xa56\xf7A\x0a\x19\
\x10u\x19\xb9\xcf\xceq\xc7\xd4\xc1\xaa\xfe\xd4\xc8\xea\xc0\
\xd8\x81I\xf2\x183\xdb\x95\x0d\x9b\x19o\xb9w\xc2v\
\x99cuf(u\x09\xdb\x95\x0di\x1fbqG$\
\xb7z\x0b{>1H\xb89\xe5&\x17\xfd\xc6Bl\
\xb6\xc9\x0dT[\x1f\xb0\x03-\xce\xf8~\x95m\xca\x86\
\x8c\xb78\xee\x16\x15\xf9J(8s_\xcc\x81hB\
\x94Z\xd1\xd5\xf5I9\x83\x13r/\x8e\xd9\xa0\xfb\xd9\
.7\xe4\x09)\x83\x03-\xaai}=\xdb\x95\x05\xc4\
w;\xc7\xcb*t\xf9\xd3\x8c\x193\xd6\xc5U\xf07\
;A\xfa\x94\xed\xca\x80,\xdc@\x95<\xd3\x10\xef*\
)5\xaf\xf0\xd7@\x05\x16\x0b\x90\x0b\xb9\x1fP0\xf2\
\x0e`\x8e3&\xad\x9fc\xbb\xdc\x91\x87Tb\x8e\xb0\
\xb4~\x99\xed\xfa\x1d\xc4\xf5v,N\x12\xda\x98\xb3\xd8\
.w\xc2j\xeb7v\x86\xb4\x5c\x1a@\xb6\xedWp\
u\x1c\x99t\xfb\x1a'\xea\xdc\xe9\xd3\xa7\xaf\xc9\xb6\x85\
\x00\xe7\x1e\x8d9\xc4*\xb2\xfb\x97#\xe1\x03\xa1\x9f\xc6\
\xe2\x8b\xeb\x1e\xb6-\x0cY\x9f\x04\x07\x96\x19\x9cj\x95\
R\xa7\xb3m\xbf\x81+\xfd\xb2X\x5c$\x9c\xa0\x8b\xd1\
nn\xc5\xb6\x85\x22\xebX\xd91\x16\x9c\xfcV\xa6\x5c\
\xd8\xb6_\x80\xff\xbb \x8e?8.\x16\xb6{\x96m\
\x0bG\x9c\x953\x83\x9d3h\x1a\xdb\xf6\x03\xd2\x1e \
\xbe\x8f\x0d\xf1\xb0\xe4W\x18v`\xfb\xae\x80~\xf9\x13\
\x06\x07\xe3J\xf9*\xa6^@\xe6\xe5bq\x18$\xb3\
\x17l\xdb5\xe4\x91`\x19\x0c\xb1\x93\xac\xc6\x0ch\x9b\
w\x8e\xf4\x1aA\xc2\xfa\x81\x95B\xcfJ\xdeb\xc1\xf6\
]\xc5j\x5c\xe27\x92\xb2h,7n\xe4\xc9-T\
\x0d{\xcf\xacVw\xe2\xef\xb2\x04\x8d\xf8\xd5\x89]\xdc\
\x91xV\x8c%\x9e\x5c\x09,F\xefa\x10K\xd2^\
)\x8d)\x0b\xa5\xee\x0a\x22o\xa6\xc3\xff\x95\xbc\xfb\x8a\
\xb7\x1d+\xd8\xf7=6\xc9hH\xeb'\xd9\xbeg\x90\
\xd5|:iZ:\x94T_\xf8\x1c\xb0}\xa8\x07\xdb\
>\xcc\xfb\x08\xb5\x10\x1d\x8b\x09\xbc}'\xc8\xfc\x13\xfc\
\x9al8\x86YJ\xe9B\x1f\xcc\xe9\x04\x14\xce~:\
y\xe21\xaai\xf2j$\xdeO\x14TQ[\xcbU\
e\xb0m*\x93\xa4h\x9b\x81\xee*\xcd\x97\x87@y\
\x1f=I\xd8\x9e,7\x04a\x94\xac\x00D\x15v&\
\xef\xa7\x09\xbe?\x9bm\x0c\x1aSRd@\x17$\xac\
\x22iJ\xdaA]\xe4\x13RY\x00\xc7'Z\xd7\xc3\
\xcd@\xb5\xfe\xa0\xae\xd4\xbe\xbc/\x9b\x05\xde\xa1:N\
\x8a4\xcc\x86\xfd\xc5\x14\xf6\x14\xf3_D\x9d\x07\x08\xe0\
&\x0e(I\x8d\xb6E\xeb7\xa2\x8f4\x84m\x93\xdd\
\xab\x92:LJ`\xf7:\xf3\xe5H\xc6\x95l\xdbW\
H\x00\x81\xcd|\x97Y\x81\x0c&\x91\x90]\xe5\xd3\xf0\
\xfdhJ\x9d\x94\xc1\xc1\xc1\x0du\x9b\xd5\xec\x8d\x13\xa2\
\xd7\xde\x8b\xd5)(\xd0SS6\xf4&\xc9\xc2\xe6v\
\xefUd\xa5N\x8a<\xf9e\xd8\x8fh>b8\x9a\
\xb7\xefk\xe4u\xdd\x81\xbc\xb6;\x1el\x9eJ\x9d\x14\
-/~\xf6\xfdZh//\x93y\x07\xda\x93\xb7+\
\x05\xbe\xfcV\xadR/\x18\x0a.O-D!\x9f\xc0\
\xbe$!\x8b\xdcdV\x80\xff^J\xe4\x16\xa7\xcd\xfb\
\xa7\xb2\x92t\xab\xe5'/\xd8\x0fG\x04\xb9Zd \
\xa6\xed\xa6\xee\xc7.\xf4\xa2\xd8\x07\x87\x01$f{\x99\
\xe2N\xd1\xad\xedH\xb8J.\xe6c;\xda0X\xad\
n\x8b\x82\x9b\x94WUV\xf3\xbc\x03\xf8\x98\x0e\x0bd\
\x82\xaf\xee\xfb'\xa3\x8ay\x1eW\xcdO\x5c\xb0\x9d\x08\
W\xe0\x87|\x1cG\x074\xa6\xdcG\x9eG\x91\xa5\x9b\
S\xe4\xf9\xc5\xc6H\xdeP\xe8\xa3\x09\xdb\xab\xe8OU\
82D~\xf8%\x90\xd1\xbb\xa1\xe0M\x92d$\xcd\
$;:Dn\x13K\x01s\xa1\x8f&\x97\x8c\x9c\x09\
\xb4~\x97\x0b}4\xb9d\xe4\x0c\xda\x91\xf1\x5c\xe8\xa3\
\xc9%\xa3\x00d\x0c\xc1\x05o\x92KFA !\xa7\
p\xe1\xb3\x5c2\x0aDV\xda\x07m\x1e4u\xc9\xe8\
\x02r\x1bW\x9b\x17:|\xee\x92\xd1%\xfc\x91\xb7\xb8\
M\x91\xfb*\xa8\xc6>\xc3\xbf\x07z~\x19\x8e\xc3\xe1\
p8\x1c\x05\xf1\x1f\xe0\xa2\x85)\x08\x87S\xeb\x00\x00\
\x00\x00IEND\xaeB`\x82\
\x00\x00\x0b9\
\x89\
PNG\x0d\x0a\x1a\x0a\x00\x00\x00\x0dIHDR\x00\
\x00\x00d\x00\x00\x00d\x08\x06\x00\x00\x00p\xe2\x95T\
\x00\x00\x0b\x00IDATx^\xed]Y\x8c\x1dG\
\x15\x0d\xfb\xfe\xc1\xfe\x03\x88\x84\xcd \x82@\x82\xc0\x07\
\xcb\x07\x04\xb3\x88\xc4(B\x90\x0f\x14G\x96\xf8\x0bk\
\x88\x97 \xf4\x04|\xc0\x10\x10 @\x09\x8b\xc2f,\
\xcc\x07\x11V\x10\xc8\xc0\xf0\x81\x06A\xc6\xf3\xaa\xab\xfb\
ag\x0cq$\x10\x9b1\x81\x10\xc7\x09\x06\x0f\xf7t\
\xf73wNWuW\xf5\xab\x91\x90RG:\xb2<\
}\xeb\xde\xba\xf7\xbe\xae\xaeWu\xbb\xde\x05\x17dd\
dddddddddd\xfc\x1fccc\xe3\
\xc1\xb3\xa2xCY\x147\xd8\xe9\xf4\xdbUQ\x1c\x8c\
\xa1-\x8a\xafI\xdb\xbd\xd6\xdam\xac\xbb\x0fEQ\xbc\
B\xda}\xac\xb4\xf6\x9b\xacs\x88h\x83\xb6\xd2\xef\x97\
\xb3\xde>\x94e\xf9|i\xb7\x0f}f\x9dCDl\
\x10\xa3\xca\x98\xed\x88\x19\xebN\x82jm\xed\x05\x12\x98\
\xa9\x18\xdaX\x94\xd6\x98\xff\x94\xd3\xe9\x97WVV\x1e\
\xc5v4$(O\x15\xf9\x1fr\xfb\xb1\xac\xa6\xd3\x1f\
\x88\x0fOa;\x1a\xe8\x93$\xf1\xabu\x1f\x1d:b\
)\x09]Cr\xd9\xceB@2D\xf9]llQ\
Jg\x7f\xb2\xba\xba\xfa0\xb6\x07\xdc\xbe\xba\xfa$\x09\
\xcaqn\x93\x80\xeb\xb3\xd9\xec\x09l\x0f@_$a\
?u\xb4Y\x8c\xc6\xfc-vT\xf0\x02\xb7\x9c\x04\xc6\
t\x8c\xa4\xe3^\xb6\x09\xc8\xdf\x0f8d\xd3P\x861\
\xb6\x07T\xd6~\xa8#\x9b\x8a\xc6\x1cI2|\xb5\xcf\
\x8c\xae\x81\x86\xeb\xe2\xc4\xa7d\xac\xfcx\x08E\xfe\x8b\
\xc2\xbf\x93\x8e\x93\xcb\xcb\xcb\x0f\xd56\xab\xaaz\x86|\
\x08\xce9\xec\x81\x7f\x96\x80~\x8eu\xfb(C\xe3g\
$\x18\xbf\xd3:0\x1c\xc9\x9d\xf04m\x13}\x90\xbf\
\x9fr\xd8\x03O\xcb\xdd\xfc%\xd6\xed\xa3\xc8\xdf 6\
mG\x8f1\xaf\xd76G\xa1V\xce\x8a\x85\xe2\xd0\x9d\
\x12\xb8\xc7\xb2\xfc\x10f\xc6\xbc\x84\xc7g\x19\xdb_\xa6\
e\xe4\xfa\xd5l\xaf\xe5\xbdb\xf7B-\x1b\x02<7\
0lh]2\x84\xec\xd42\x12\xc8K\x1c\xf6\xe6\xbe\
\xbeV\xcb\x86@b\xf3pi[\x92\xae%\x96\x8bF\
;c\xe8t\x12\x0f>\x96\x0d\x85\x04\xe7\xb7Z\x97\x04\
g\xc7\xa6\xebEq}\xc7\x1eh\xcc/\xb4\x5c\x0c$\
\xa8\x87H\xdf\xf5\xfa:\xfa\xd0\xb1\x87\xbe\x19s\xb7\x0c\
5\x0f\xd2\xb2\xa1h\xef\x96\xff\xe9\x92X\xb2L4\xea\
\xa9\xa3\xbb\xa3\x9fg\xd9P\xc8\xed_m\xd2e\xed\xdb\
\xf4u\xf9\xdb\x84\xed\xb5r\xcbZ.\x06\x0e?&\xfa\
:\xfa\xc0\xf6Z\xfeE\xcb\xc5\x80\xfd@\x1fX&\x1a\
\x0eG\x9a\xe0\xe4\x84\x0c\x82\xfd\xc8\x09Qp\xf81\xd1\
\xd7sB\xb4\xae\x9c\x90p8\x1ci\x82\x93\x132\x08\
\xf6#'D\xc1\xe1\xc7D_\xcf\x09\xd1\xbarB\xc2\
\xe1p\xa4\x09NN\xc8 \xd8\x8f\x9c\x10\x05\x87\x1f\x13\
}='D\xeb\xca\x09\x09\x87\xc3\x91\x86\xc6|\x8fe\
Cp\xf0\xe0\xc1\x87\xf0\x22^hB\x84\xebZ.\x06\
\xd2v\x85tM\xf4\xf5\x9e\x84\x9c]]]}\xb4\x96\
\x0d\x05\xf6|\xb4\xae\xadM\x88tT\xae]\x11\xb3\xce\
s\xfc\xf8\xf1G\x14E\xf1I\xd6\x15\x91\x10\xdc\x99{\
xu\xb8\x0f\xf5\x07\xc0\xdaw\xb1\x1e\xd8\xd0r=\x09\
\xc1\xe2\xe2Wb\x93\x82\x95]i{\xaf\xd6\x93$!\
\xed\xb6k\xa7\x93\x8a\xa7\xeb\x95\xd4\x00J0\xefw\xb4\
GB\xde\xa8m\xca\xdf>\xc82\x9b\xe4\x8d\xb9\x8fu\
\xfb(\xb2g\xb8}\xcbk\xb5M\xe9\xc3\x9b\x1c2\x9a\
gY\xb7\x97Eq\x8f\xa3\xfdFe\xcc\xcd\xda\xe6(\
\x88\xa2}\xac85%\x18\x17i\x9b\xf2\xff\xcbY&\
5\xe5\xd3\xfa\x16ms6\x9b=\x9beR\x13w\xb7\
\xb69\x0a\x12\x9cm6\xd1\xfe\xb2\x93\xc6\x1ca\x9b2\
D<\xa6\xdc\x82-\xe3\xf3\x94O\xb1k\x08JU3\
\xe0\xe1\xbf\x8d1\xcfe\x9b\xa3\xc0\x0f\xa7TD\xa2%\
\xe1\xafc{\x80|\x82\xdf\xcb\xf2\xc9h\xcc5l\x0f\
\x90!e\xbb\xf5\xefT.Fkod{\xa3\x81J\
\x0c\x14$t\x8c,@$\x03Ag[s`\xb2\x80\
mSn\xb70%0}\x13\x11\xe9\xd7\xfb\xb7 )\
\x87O\x9c8\xf1H\xb6\xb5\x10P\x91!\x8a\xf7\x0aO\
:\x0c\xc6Q\x86)\xdf\x9d\xc1\x90\xa4]%<\xd1\xd1\
\x11\xcf;\xc4\xee;Y\xbf\x0beY^Z\x97\xeft\
u\xc4\xf2\xa4\xf8\xb9;fV\x18\x0dL#\xb1\x07.\
\x86v`\xaa\x18C\x19\xfa\xde<fO\xbc\xbe[\xac\
\xbd\x18\x0fb\xd69D\xb4\x11\x9b/d\x9d!\x90\xf6\
\x17\xa1\xcf\xac3\x80;\x10#\xc4\x8aufddd\
<\x90\xd1\x16\xb1]-\xe3\xe4\xeeX\xcaC\xf5\x03\x18\
_\xf1=\x83\xf5\xf6\x01e\xa5\xf2,\xb8\xb2\xb2\xf6:\
\xd69D\xb4A\xdb\xa3G\x8f>\x91\xf5\xf6\x01}D\
_\xdb>w\xf4\x06p'b\xc5z\x93\x01A\x91Y\
\xc3\x81DS\xc2\xbb0\xe5\xed\x9b~\x02X\xfbBe\
\xa4o\xc9%\x86Xn\xc1:\x1at\xb2\x1d\x8dz\x02\
!S\xdf2\xc1\x17\xd3vj\xbf\xdfWK<\x1a\xa8\
B\xb7[P\xf8\x8c\xef\x19lk\x0e\x04Nd~\xc6\
m\x16%\x8a\xa9QU\xc8\xf6\xe6\xc0B\x22\xb7I\xc0\
\xf5\xb5\xb5\xb5'\xb3\xad\xd1(\x13\xbe\x12\xc0\xc4\xf7\x0c\
\xb6\x07\xe0\xce`\xd9\x84\x5cb{\x80\xfc}\x97C6\
\x15oe{\xa3P4/\xcb\xb0\xf2\x9a2N\xfe\x03\
\x86\xb0\xac\x1cB\x91_v\xac\x8b\xdd\xc1CW\xfb*\
\xc2}l\xaf\xe5\xbf\x84\x87Y\xb7\x8fe\xf3a\xda\xb4\
\x0c\x0e\xdd<\x8c\xa0\x0f\xe2\xeb\x9d\x0e{\x90?'\xd7\
~\xce\xba}\x946\xdf\xb7\x8e\xc2m\xd4\x0fk\x9b\xa3\
P\xe2\xcd%w'OM\xa7\xd3g\xb2\xfc\x10\xacc\
%W\xfev\xb1\x96\x11\xa7\xaed\x99\x96g\xc5\xa9W\
j\xd9\x10\xc8\x90\xfb\xa2\x92\x92\x22\x0f\xeb\xb7;d\xd8\
\xde\x9c\xbb\xb4l\x08\x8a\xa6\xc0{S\xd5\xbd\xdc\xf5\x1f\
a\xb9h\xb4\xaf\x84q\x071\x16\x7f\x83eC\xd1\xe9\
(-\x85K\xb2\xf7\xb0\xbd\x9a\x8e\x95\xe1PH\xd2\x7f\
\xa4u\xc1\x86\xbe.}\xb8\xacc\xaf\xe1\xe9\xb1\xefu\
\x88\x8dOo\xd2\xe5y/%\x0a\xed-\xc8\x9d\xcc{\
\xea\x01`?\xd0\x07\x96\x89\x86\xc3\x91&89!\x83\
`?rB\x14\x1c~L\xf4\xf5\x9c\x10\xad+'$\
\x1c\x0eG\x9a\xe0\xe4\x84\x0c\x82\xfd\xc8\x09Qp\xf81\
\xd1\xd7sB\xb4\xae\x9c\x90p8\x1ci\x82\x93\x132\
\x08\xf6#'D\xc1\xe1\xc7D_\xcf\x09\xd1\xbarB\
\xc2\xe1pd\xae|?\xcb\x86B\x9c\xff\x83\xd6\x15\x9c\
\x10c\x8c\x96\x8bAe\xcc\x8fI\xdfD_\xf7%D\
l\x9e\x19[5\x22\xed?\xabumiB\xa4\xa3\xff\
\xc4\x82\x1c\xcb\x0f\xa1t,qG$\xe4\x9c\xf4\xe72\
-\x1b\x02\xd1\xff\xea\xb2Y%\xd6\xfa&$\xe3LH\
k7\xba\x04Tb\xf3\xac\x92J\xa6\x92$\xc4\xb7\xb8\
\xd8v\x14;y\xbf\x14\x1e\x0e\xa18=c\x1d`\x15\
\xba\xb8\xd8\xd8<\x87;\x85u{9\x9d\xae\xda\xee\x92\
\x7f'\xc8\xe8\x03\xcb\x10\xd7;\xba\xfd\x5c\xc1\x9d\xd5\xd1\
\x91bqQ\x14\x7f\xb4\xa381\xb9n\xaa\xf2/\xbf\
\xa7c\xdc\xf2{\x12&Y~\xc7Il\xac81;\
\x1bT(H\xb0\xfe\x0d\xaa\x85\x89O\xafk\x83\xaaJ\
S!\xe9%\x1f\xb23\x1a8\x89\x8d\x95'\xa3\xa7\xbc\
\x13\x05\x09\x1d\xd9D\xc4\xa10l\x0f\x90!u'\xcb\
\xa6\xa2\xf8s\x88\xed\x8dF\xbd\xfb\xd5\x8c\xa1\x1dC\x0b\
\xb1\xa7\x22\xbc}\xdb*\xf9\xe9n\x98m\xf5\x159\xc8\
\xf5\x9b\xb8\xcd\xa2\x94;\xefvlK\xb3\xad\x85\x80[\
\x1c\x0f%\xd7\x032\x9a\xcd\x9bF\xd7\xf0P\xc5h+\
O\x96R\x0c_\x18\xa6\xea\x03\xc6z\x92\x01\xa0O\x22\
\xff\x9e\xf6M\xa8\x8e\x9e\x18\x22V\xd8Y\x95;\xef\xf1\
l'\x19\xe4\xe1\xf7t\xc9\xf8Ub\xec\xc3|\x92\xda\
\x10Qt\x86i\xab\xebe\x99>\xe0\xc3 \xed\xde!\
N\xeee\x9dCD\x1b<\xc0\xf9\x991\x04\xf4\xd16\
\xfb\xff\xd7\xb2\xce!\xd6\xb1\x91\x18\x15tj]FF\
F\xc6\x03\x1dX\xd7\xa9\xbf\x9b\x18\xf3V,7\xc4\x10\
/\xbf\xe0mW\xd69\x84\xfaA+_\xdc\xf0\xfca\
\x9dCD\x1b\xb4\x1d\x9a@\xb8P\xbf\x99;\xe2\x85\x1d\
\xc4F\x9e%\x97\x8c]\x03\x0b\x02f'8\xd7\xd6:\
*\xf2b\x89\xa5\x0f\xe9\xf0v\xb6\xe1\x82\xc8\xef\xf2U\
\x14\xc6\x10:,\x9dD\xea\x03\x8e\xc6m\x97g:z\
bh\x8b\xe2\xaf\xf2\xef>\xdfa\xd1\xa3\x81\x97>S\
\x7f'\xb0X\x93\xb2\xf6}lk\x8e\xb6\xb43y\xe1\
3\x0a\xbc\xfb\xee\x96\xfa\xf5\x834\x15\xfe\xe7\x89\x17f\
\x87\x8eU\x8f\x02\x8e\x84e#)X\x7f\xa7)\xcbK\
\xd9\x1e`\x9bW\x02:m\x12\xf1\xddl\x0fh\xef\x8c\
\xa4\xc9\x98SF\x84\x9b\xd8\xde(\xd8\x9e\x83\x03\xeaO\
\xf9t\xfa\x1b\xac\xa8\x06\x11\xa7R\xb3\x8e\xa2Xc\x9b\
\xc5\xf0\xc1\x01\xbf\xef\xe8\xf6\xd09\xdcy\x0e\x0e\xe8\x1b\
\xa6\xea\xa1\xda\xa1\xdf\xc9\xa2X\xe7\x98\xb5_\x12\x9f\xc7\
6\xa3Qz\x8e\xd6\x10\x03g\xc4\xc0\xabX\xbe\x0f\xf5\
\x02\x9e\xb5\xd7\xb1.\xec\x1dh9\xeb9\xd4\xb8\xb6\x1b\
\xf8\x1c\xd0\x906\x97s\x80x_\xe5\xd7\xd3\xe9s\xd8\
\xd6y\x9b\xc6|\x22\xb6\xbe\xb7\x9aN_\x5cv\x8fU\
w\x9es\x1f\x05\xeb;|\xc6\xda\xef\xb0l\x08\xda\xa5\
\x89Mw\x8a\x0d<|\x06[\xbfZ.\x06e\xf7\xe5\
\x9f\xa0\xc3g$\x19\xf7\x0f-\xb7\xf8 \xed\xbf\xa0u\
U)\x0e\x9f\xe9\xd91\xcc{\xea\x03`?\x92\xec\x18\
:\x1ci\x82\x93\x132\x08\xf6#'D\xc1\xe1\xc7D\
_\xcf\x09\xd1\xbarB\xc2\xe1p\xa4\x09NN\xc8 \
\xd8\x8f\x9c\x10\x05\x87\x1f\x13}='D\xeb\xca\x09\x09\
\x87\xc3\x91&89!\x83`?rB\x14\x1c~L\
\xf4\xf5\x9c\x10\xad+'$\x1c\x0eG\x1a\xe5\x0b,\x03\
\xf0\x82_DB~\xa5\xe5b\xe0\xa8-\x9b\xe8\xeb=\
\x09\xb9\xa7o\xb9\xbe\x0f\x5c[\xb6\xa5\x09\x91;\xe4\x8f\
c\x0eT\x11\xc7_ci\x89;8!\xa8%\x1eQ\
\xe0-\x81\xb9P\xda\xdeM\xfa&Z\xa6'!\x08\xe4\
\x15Z6\x04\xc7\x8e\x1d{\x9c\xa5\x03{\x92$\xc4\xfb\
\xb3y\xa01\x7f\x92\x7f\xbf\x8e\xb5\xfe\x10\x8a\xae\xefZ\
G\x8d\x95\x0d\xfd\xd9<\xc8\xa2\xea\xbe(\x0e\xb0n\x1f\
\xa5\x8f\xdf\xf2\xd4X\x05\xfdl^K\x1c\xab~\x0b\xeb\
\xee\xe1\xcd|Z\x05\x98\xe4g\xf3J\xcf\x0fK&e\
Y\xbeT\xdb\xb4\xfe\x1f\x96L\xc6\x8aN!\xaaz~\
X2!\x97\xb4\xcdQ\x90\x8enw(NI\xdfO\
\xaf:7\xc5R\x10\xba\xb9\x88\xad\xfe\xe9\xd5f\x0f\xbc\
#\x9f\x8c\x9e\xdd\xd1(`c\x06\xbbz\x1d\xe5\x89(\
C\xc5n\xb6\x09\xc8'x?\xcb\xa6\x22\xca;\xd9\x1e\
Pz6\xe3\x12\xf1\xb6\xb1\x93\x83\x0eJ\xfc\xd8\xbb{\
\x1c^\x94\x87\xf9\xee\x98\xa3\xae%\xde\x8a\x02oc\x8e\
YO\xad-\xaaCP\x90\xd0i\xb3 \xe5\x8e<\x95\
d\xfbVC\x9c\xd8&\xce\x1caccX\x0fG\xd6\
\xde8t\xfc6fq\x22\x7f+\xb7\x1fK\x09\xca\xa1\
\xa1*t\xf4\x09\x0f\xe6\x84C\xe6m\xc9\x931\x07\x86\
/\x8c\x83\x98_c\xc6\x80i\x5c\x0c\xb1\x1d\x8c!*\
\xb6\x83x\xe0\xe2\xed#T\xdf\xb3\xce!\xd6m\xa4m\
\xec\xcb2\xe8\xa3$e\x0f\xfa\xcc:\x87\xd8\xceL\x97\
\x10\xabd\xc3TFFFFFFFFFFF\
\xc6\x16\xe1\xbf\x12ls\x16-\xfd\xb6`\x00\x00\x00\x00\
IEND\xaeB`\x82\
\x00\x00\x06\x1c\
\x89\
PNG\x0d\x0a\x1a\x0a\x00\x00\x00\x0dIHDR\x00\
\x00\x00d\x00\x00\x00d\x08\x06\x00\x00\x00p\xe2\x95T\
\x00\x00\x05\xe3IDATx^\xed\x9d\xcb\x8b\x1cU\
\x14\xc6\xe3\x03E\xa3\xa2\xe2\x1b\x11\xf5\xcfP\xc4U\xc4\
\x85\xae| \xbap\xe3&\x0b]\x19|\x92\xcd\x88\x1a\
t\xa3\x92\x8d\x8an\xa2\x83-\x82\xcf\xf5,\x02c\x90\
\xb6\xebV\xddn3:\xa65\x09Qp\xa7\x1b\x11\xd4\
\xf1;e7\xd4|\xdd\xd3]\xdd]\x8fs\xab\xce\x8f\
|$\x99\xae\xea\xbe\xe7~s\xea\xde\xba\x8f\xea}\xfb\
\x0c\xc30\x0c\xc30\x0c\xc30\x8cF\xb0\xb9\xb9y\x89\
\x8f\xe3\xa7\xa1\xf5\xc4\xb95\xef\xfd\xf5|\x8cQ\x11q\
\x1c_\xe7\xa3(\x86\x19;c\xc1\x943\xbd^\xefZ\
>\xd6(\x191#\x89\xe3~\xd6\x8c\x8c)k|\xbc\
Q\x22\xb3\xcc\x18i\x9d\xcf1J\x22\x87\x19\xa2C|\
\x9eQ\x02\xd2`\xcf5\x03mJ\xb7\xdb\xbd\x94\xcf5\
\x0a&m\xc0\xe3\xd8O\x18\x90\x95s'\xbf\xebvo\
\xe4s[I\xbf\xdf\xbf!I\x92\xc7Pq\xaf\xa1r\
\xbeB\xe5|\x0b\x9dJ\x15\xc7?@\x9b>I>B\
\x83{x\x10\xc7\xf7\xe2\xb8\xfd\xfc\x1e{\x91'3\xe4\
u1\x8d\xcfm\x150\xe0*T\xf8\x93\xb8LtQ\
\xd1\xffr%\xcd\x12\x8e\xff\x0b\x06})&noo\
_\xcc\xef=\xc6\xcc\xc8\xc1`0\xb8\xba\xef\xdc\xab\xa8\
\xd4?\xb8r\x96\x11\xde\xe7W\x18\xf3\x0c_\xfb\xcd\x8c\
\x1c \xfa\xc7Q\x11\xbfq\xc5\x14\x22\xe7\xceB\x0f\xcb\
\xe7\xe45\xa3\xb5w\xe6\xdb'N\x5c!m\x00WJ\
\x19\x82\xe9\x1dd\xcc\x80\x7f\x9eU\xab\xcdH\x1bl\xe7\
\x1cWJmjso\x0a\xd7\xe7\xdbP\x09\xc3\x89J\
\xa9Im\xcf\x8c[\xbc\x223Z\x9d\x19fF\xc5l\
ll\x5c\xc8?\x1b#\x97)\xe8\xe7\x89J\xa9S\xe8\
Pp9\x1b\x01z/\x8f\xa2\x17\xf3\x93\x04)\x0d5\
*\xfe\xae\xec\xebQ\x14\xdd\xaa\xce\x8c\x91P\xee\x07\xb3\
e\x0d\x1e\x98q7L\xf8'\x1b$\xfe\xff\xa7\x0ce\
\xc8\xeb\x9a\xcd\x10\xa1A?-3\x84\x1cW\xb0\xe0\xee\
\xfa}\x0e2\x0d\x14\xa6\xe0\xb7\xef\x09\xcdfd\xd4\x9c\
\xa1u\x04\xb3>%\xc0\xa0\x84,9\x87\x0e\xc7E\x1c\
[\x90\xc85\x98\x03\x0cQ\x88\xe3\x11\x8e-X\xd0[\
y\x93\x03\x0cP\x9fs\x5c\xc1\xb2\xb3\xb3s\x1e\x02:\
:%\xc8`$C\xf7<2\x1c4\xa9)\xa1g\x8a\
\xf7\x078.\x95\xa0\xa0w\xf8(z\x07=\xa6wq\
w{\x1f\xbf>\xa6\x01\x99\xf2\x02\xc7\xa4\x0e4v\x0f\
\xa0\xa0\x7fS\xc1\xdf\x90\xca\xe7c\x85\x90MA\xac\x1f\
p<\xea\xf0\xff\xcf]O\x14\x1e:\xda@S\x8es\
,\xaa@\xc5\x9e?g^\xbbY\xa68w\x92\xe3P\
\x07n\x9az\x13\x05\xdf\xad\xe6\x98\xe2\xdc)\x8eA\x1d\
\xfd(\xbaS\x86A&\x0a\xbf[\x8d0%\x89\xa2\x1f\
\xb9\xfc*\xc1o\xce=\xf3LA&\xbd=\xd3\x94\x00\
\xba\xc4I\x92|\xc3eW\x8b\x0c\x14r\x00S\x14t\
\xa6 \xc6O\xb9\xdc*Yd\xa6/\xf0Ly\x99\xcb\
\xac\x8e%\xe73\xc2\xcc\x94\xd1\xfa-\xb5,\x92\x19\xac\
\xd02E&\xd9T\xafV,h\x0e<\xa4L\xd9\xe4\
2\xaaa\x95\xcc`\x05\x94)\x07\xb9|*((3\
X\xaa3\x05\xdd\xdd\xdf\xd1V^\xc9e\xab\x9d\xad^\
\xef&_PfL\x91fS^\xe22\xd5N\xba\xf0\
\xd9\xb9dJa\x8b\x94:Sd\xdb\x82\xca\xec\xa8j\
\x15\xbaWf\x8a\xac)\xe3r\xd4\xceh\x7f\xc6Da\
K\x94\x0eS\x9c;\xc6\x9f_;\xb2s\xc9\x97\xb5Y\
f\xb6j5EVX\xa27y\x19\x7fv\xed\xc86\
2.l\x85\xaa\xcb\x94\xa1\xcaE\xd6\x92\x1dE\xed\xe9\
[A\x95\x9a\x22]z\xe9\xda\xf3g\xa9\x00\x05|\x8a\
\x0b\x5c\x87\xaa\xbay\x94u\xbch\xc4o\xe7\xcfP\x83\
l=\xe6B\xd7\xa8R3Euf\x08\xa3=~\xb3\
\xe6\xcb+WY\x99\xa2>3\x04\xe9\x7fs\xc1\x95\xa8\
\xd0L\x91\xcc\x90)\x04~/u\xa0\xb0\xafs\xe1\xb5\
\xa8\xa8L\x09\x223\xc6\xc8#(8\x00eZ9S\
d\xda\x99\xcfUK\x8e\xe5=\xb5k\xd5L\x91\x05\xd4\
0\xe5~>W%\xa3'\xeaL\x04\xa1P+e\x8a\
\xac\x96\xe1=\x8f*)a\xce\xa3L\xadj\x8a\xe3\xf3\
\xd4\xe1\xf7^\xb3\xabUK\x9b\x22\xdd\xfbN\xa7s\x01\
\x9f\xa7\x0a\x5c\xb2\xbe\xe6\x82\x07\xa0eM\x19\xf2\xf1\xea\
\xa8p\xfe\xa3h\xcd6\x85\x1azYM\x12\xc4\xfeA\
\x14\xf4\xf0\x94`C\xd1\x9e\xa6\x08\xb2\x11U\xf6z\xe0\
*\xf0^\x10\x0d\xba \x1b\xfb\xa7\x04\x1a\x8cfu\x89\
\x83\x04\xbf9\xfb\xa5\x9f\xce\x81\x06\xa6\x99\x99\x12\x1c\x01\
\xdc\xad\xcfU\xdf\xb9\xb78\xae`\x91\xa7wr\x80!\
\xaa1\x0f\x90\x91G\xa9\xca2\x18\x0e04%Q\xf4\
!\xc7\x16,0\xe4Y\x0eP\x9bdTA\x06\x0a\xf7\
\xdc4\x84\xde\x14\xc7\x15,\xf2\xf4\x82\xf4Q\xaa\x1c\xa4\
\x12e\xe73\xa4g\xc8\xa6\x8cV\xad\x87\xd1\xb5\xcd\x8b\
\xec\x8b\xe0\x8a\xd0\xa0i\x93KR\xf9P4:f\x18\
\xc4M\xdf2 \xb0\x0eWH\x9d\x9a7\x07\xae~l\
j\x15\xe2<\xdf\x12P\xa1\x82\x9a\xe9+\x1a3C\x11\
y\x9e\x85^\xb1\x86\xb3.S\x8dF[f@\xf8\x13\
\xdf\xcc\xe5l\x05y2C\x1e\x5c_YC\xef\xdc1\
\x95\x0b\x9f\xab \x97\x19\x99g\xa1\xcb\xb0\x04\xfa\xfag\
\xf8\x98\x22$\xa3\x04*\xf7gT\x85\x5c\xa6\x161c\
\xcc\xe8\x9b/\x0f\xe1\xb5s|\xfc2\x92=}0c\
M\xe5\xce\xa5\xaaX\xd6\x8c,\xf2(U\xb9\x11\xc3{\
}\xb1\xe8\xd0\xbd\xdcQ{\xf9\xce\xa88>\xd8j#\
\x84\x22\xcc`\xd2!\x17\xef\x0f\xe0\xdc\xe7ep\x0f\x7f\
\x1f\x97\xe7M\xa5\xcb\x8b y\x90\x0b~\xfeY?I\
^\xc1\xbf\x1f\xfa\xbe\xdb\xbd\x86\xdf\xa3\x95\xe4\xeaM5\
\xfd[\x02\xb4\xb0\xb5\xb5u\xf9\xbc\x9d\xb5\x8bf\x86\xb1\
\x02\xb8\x5c\xbc\xc8\x06\xb0\x19\x92A|\x9eQ\x12\xa8\xec\
O\xd8\x043\xa3F\xd0\xb39\xc2F\x98\x195\x22\x8f\
\xca@\x0f\xe7\x97]\x86\xa0M13j$5\x05\x99\
\x82.\xe8\xc70\xe4\xb9\xd6\x0eQ\x18\x86a\x18\x86a\
\x18\x86a4\x90\xff\x00O\x08\x83Oz\x7f?\x04\x00\
\x00\x00\x00IEND\xaeB`\x82\
\x00\x00\x05\x89\
\x89\
PNG\x0d\x0a\x1a\x0a\x00\x00\x00\x0dIHDR\x00\
\x00\x00d\x00\x00\x00d\x08\x06\x00\x00\x00p\xe2\x95T\
\x00\x00\x05PIDATx^\xed\x9dK\x88#E\
\x18\xc7WEQ\x11\x15\xf5\xe0c}\xb0GA\xf0\x85\
z\xf0\xa2\xbb*(\xeaI\xf1\xea\x03o\x82\x8b\xde<\
\xb8z\xf2\xe0M\xf7\xa0\xac\x0b\x22x\xc8\xd5\xf7\x03\x06\
\x14g\x07\x0c\xe9\xaa\xee\xce\x8e\xba\xe8(\x08\x1eV\x04\
\xd1\xf5\xb1\xa2\xf1\xff\x0d)l\xfe\xd3Iwb\xd2\xa9\
\xc7\xf7\x87\x1f\xc3$U\xdd_\xd5o\xaa\xbb\x93\xe9\xc9\
\xec\xda\xa5\xd1h4\x1a\x8dF\xa3\xd1h4\x91\xa4,\
\xcb3Jc\xee*\xf3\xfc\xf9\xc2\x98\xc3\xa5\xb5\xbde\
\xc2\xfb\xd7\x8c\xb3\xb5\xb5ufa\xed\xd3\xb9\xb5?\xe2\
\xeb\xa8+\xb8\x0e\x0d\xf2\xc5`p)&\xe7s\x9e\xac\
.\xe0Z\x5c\xb0z\x1e\x1a\x8dF\xa7\xf0\xe3\xd1\xe7\xcb\
~\xff\x22\x1c\x9a\xbe\xe6\x89\xea\x0a\xae\xc7%\xcf\xf35\
<\x7f09)\x90\xf1!OR\x97p=.c!\
\xd2&\x1d)8,\xdc\xcb\x13\xd45\x5c\x93KE\xc8\
\x08\xe7\xb5W\x93\x90\x82\xab\xa9\x8fy\x82\xba\x86kr\
\xa9\x0a\x19\x13\xf7J\xc9\xb2\xec|\x0c\xf2$OP\xd7\
p].5B\x84x\xa5\x0c\xad\xbd\xb9f\xc0\x9d\xc3\
u\xb9L\x10\x12\xef\xe1\x0b\xe7\x8f\xfbx\xb0\xab\x80\xeb\
r\x99$dL|+\x05\x03~\xa0f\xa0\x9d\xc3u\
\xb94\x08\x89o\xa5\x84.D\x88JJ\x0cB\x84h\
\xa4\xc4\x22D\x88BJLB\x84\xe0\xa5\xc4&D\x08\
ZJ\x8cB\x84`\xa5\xc4*D\x08RJ\xccB\x84\
\xe0\xa4\xc4.D\x08JJ\x0aB\x84`\xa4\xa4\x22D\
\x08BJJB\x04\xef\xa5\xa4&D\xf0Z\x8a/B\
\xe4>0\xaeMb\xad}\x8b\xdb.\x08?\xdf\xba\xf7\
E\xc8\xd1\xc1\xe0J\xaeMR\x18\xf3\x14\xb7] \xfe\
I\xf1E\x08\xea\xb8\x9bk\x93l\xdfA\x99e\xefr\
\xfb\x05\xe2\x97\x14_\x84\x94\xc6\xbc\xc2\xb5\xb9\xc8\x84\xe1\
\xf9[Kk\x1fC\xbd\x8f/\x9a\xa2(.\xe7}\xae\
,\xb9'Brc~\xc1j\xb8\x98\xebK.\xbe\x08\
\x11p\x02?\xc4\xf5%\x17\x9f\x84\x08r\x08\xe1\x1a\x93\
\x8awB\x8c\xf9\x07_\x0fp\x9d\xc9\xc47!\x8e\xed\
\xbb)\x8b\xe2F\xae7\xfa\xf8*\xc4\x81W\xd5%\xbe\
\xbe\x88\xd7#O\x80\x07\xa5\xdee\x81s\xd8n\x9e\x9f\
\xce#\x85\xf0$\xa4\x8a\xcc\x05\xcfO\xe7Q!\xff\xa1\
B<C\x85x\x86\x0a\xf1\x0c\x15\xe2\x19*\xc43T\
\x88g\xa8\x10\xcfP!\x9e\xa1B\x16\xc3\xa7\x18\xc3>\
y\xdb\xa3\xcc\xb2kKc^\xc8\x8d\xf9\xb3\xa6]#\
*\xe4\xffb\xcc\xe1\xd1ht*\x8f\x09r\xf6\x16s\
\xfceqJB\xbe\xc1\xe4=\x22\xef\xde\xe2'\xf86\
\xf9E\xd4\xf8mvn7\x0b\xdf\xf7\xfb\xfd\xb3y<\
.x\xfe`M\x9f\xa9$!\x04\xdb_\xab\x9b8<\
~?\xa4\xfc\xcd\xed\xdb\x22\xf7V\xf16\xab\x19\xaf\x92\
\x1d\xfd\xa6\x91\x82\x90\x13\xc6\x98\xcbx\x9f.X-/\
\xd5\xf4i\xa4\xb4vk\xd2mC.\x18\xd7\x0d\xdc\xaf\
\x89\xf8\x85\xe4\xf9\xdb\xbc\xbfj\xe6\xf9\xd0\x8262$\
h\xfb(\xf7m\x22j!\xd8\xee\xcf8l\xdc\xc2\xfb\
\xab\xa6\xd7\xeb\x9d\x96g\xd9\x9b\xdcw\x12me\x94e\
y\x8e\xb4\xe5\xfeMD+\xa4\x8d\x0c\x97\xb6Rd\x82\
\xb3,\xbb\x8a\xfbs\xe4\x1e+\x1c\x0a?\xe1\xfem\x88\
R\xc8,2\x5c\x9a\xa4\xb4\x91!\xfb\xc4\x89\xfe=\x5c\
(\xfc\xce\xfd\xdb\x12\x9d\x90yd\xb8\x88\x14\x9cs\xde\
\xd8\xb1Mk\xbf\xc3v\xf7p\xfbj\xb6O\xe0\xc6\xfc\
\xc4}g%*!md\xe0\xf2\xf7<~\xac\x1a^\
)\xadW\x06\xf6\xcd\xf5\xccC4B\xda\xc8\xc0\x89\xf6\
\x8a\xf1g:>\xcb\xcfU\xe3VJ\x97+\xc3\x11\x83\
\x90\xdf\xe4\xd2\xb6I\x86\x5c\x19\xd1UO\xa3\x94\xa3\xfd\
\xfe%\xfcx5\x8b\x5c\x19\x8e\xa0\x85\xa0\xdf\xda\xb4\x17\
}.52\x1cS\xa5L\xcb2d\x08\xc1\x0a\xc1\x84\
|+\xd7\xfa\xbc-N\xe50\xb5c\x1bcf\x96\xb2\
\xe8\xc3T\x95`\x85\xe0\xd2\xf2a\xde\x0eg\xca\xca`\
ZKY\xd6\xcap\x04+\x04\x13s=o\xa7\x9a\x19\
d8\x1a\xa5,[\x86\x10\xac\x90\xa1\xb5\xb7\xf3v\xaa\
\xc1\xe4\x1d\xe2>M4\x9d\x8fp\x98:\xc2}\x16M\
\xb0Bp\xc8z\x99\xb7\xe3\x22\xe7\x16<\xff\x03\xf7i\
\x02u\xec\xe7m\xb9\xe0\xb9=h\xf3\x17\xf7Y4\xc1\
\x0a\x01'\xb1\x0a\xf6\xf2\xb6\xe4\xb7wx\xee\xf5\x9a\xf6\
m\xf8\x15\xb5\x5c\xc3\xdb\x5c__?\x0b\x82?\xabi\
\xbfpB\x16\x22\xab\xe4\x0f\xf9\xfd\xf5\xd0\x98\xeb g\
7\x0e)w\xe2\xf1un7#'\xc03\xe5`p\
\xb5\xbcI(\x7f~\x80\xef\xbf\xaai\xb7\x14\x82\x16\x12\
#*\xc43T\x88g\xa8\x10\xcfP!\x9e\xa1B<\
C\x85x\x86\x0a\xf1\x0c\x15\xe2\x19^\x08\xf1\xe5\x1f\xba\
\xf8\x80\xcc\x05\xcfO\xe7)\x8d\xb9\x89\x0bK\x16\x1f>\
\xcaC\xee\x04)\xe6\xb8u?6\xe4oJ\x8eml\
\x9c\xcb\xf3\xb3\x92\xa0\xa0\x8f\xb8\xc0\xd4\xc0\xf9\xe3\x03\x9e\
\x97\x95\xa5\xc8\xb2{\xb8\xc0\xd4\x90\xff\x8c\xcd\xf3\xb2\xd2\
\xa0\xa8\xf7\xb9\xc8\x84x\x87\xe7c\xe5\xd9\xdc\xdc\xbc\x10\
\xc7\xd1c5\xc5F\x8d\x8cy8\x1c^\xc0\xf3\xe1E\
\xe4\xe6\xb4\xdc\xda\x0d.:Z\x8c9\xd2tC\xde\xca\
#\x9f\x93\x8b\x13\xdc~\x14||\xc7\x00\xe2\xe18^\
s<9\xe9\xd3\xb4\xbd\x0c.\x87O\xc7u\xf9\x1de\
\x9e?W\xe4\xf9k\x18@/dd\x0c\x10q\x00?\
l\xfbdl<^\x8dF\xa3\xd1h4\x1a\x8dF\xa3\
\x095\xff\x024\xd0\x81\xe3^4\x8aq\x00\x00\x00\x00\
IEND\xaeB`\x82\
\x00\x00\x05\x83\
\x89\
PNG\x0d\x0a\x1a\x0a\x00\x00\x00\x0dIHDR\x00\
\x00\x00d\x00\x00\x00d\x08\x06\x00\x00\x00p\xe2\x95T\
\x00\x00\x05JIDATx^\xed\x9dK\xa8\x1cE\
\x14\x86\xa3\xa0\xee|\x22\x88(\x82\xa2\x88\x1b7>@\
\x5c\xf8\x88\x8a\xcf\x85\xa0\x88n\xd5,D#h\x82\xba\
\x08\xd1]Hpe\x04\x05](.\xcc\xc6\x85\x22\x04\
\xc1\xa0QI\xf02]\xd5\xd5s\xaf\xde\xebNW>\
@|,\x92\x88\x93\xffL\xbaM\xcd?=\x0fpn\
\xcf\xe9\xea\xf3\xc3\xcf\xcct\x9d\xaa>}\xbe\xe9\xee\x99\
\xb9\xddu\xb7l1\x99L&\x93\xc9d2\x99L\xa6\
DT\x14\xc5\xd9\xc1\xb9\xbb\x8b<\x7f\x0d\x8f\xef\x16\xde\
\x1f\xd8L\xf3\xfaM\xa5666\xce\x01\x80\x17r\xef\
\x7f\x0d\xde\x0f\x9a2\xe7a\x82\xbe\xeb\xf5.Eq\x8e\
r\xb1\x9a0\xe7R\x09{\xcfc\x83\xc1\xe0\x0c^\x9e\
\xbc\xd6\xd6\xd6.\xca\xb3\xec\x07.TS\xe6|*\xe5\
y~\x08\xed\xfb;\x07\x05\x1b~\x90\x8b\xd4\xa49\x9f\
J%\x10\x89\xe9\x0e\x14\x1c\x16\x1e\xe4\x025m\xce\xa9\
R\x04d\x80\xf3\xda\xdb\x9d\x80\x82\x8d\xfd\x8c\x0b\xd4\xb4\
9\xa7J1\x90\xd2i\xef)Y\x96\x9d\x8f\x8d<\xce\
\x05j\xda\x9cW\xa5\x1a \xe2t\xa1\xf4\xbd\xbf\xb9f\
\x83\x1b7\xe7Ui\x02\x90t\x0f_8\x7f<\xc4\x1b\
\xbb\x0cs^\x95&\x01)\x9d\xde\x9e\x82\x0d~\xa4f\
C\x1b7\xe7Ui\x06\x90\xf4\xf6\x94\xb6\x03\x11'\x05\
%\x05 \xe2d\xa0\xa4\x02D\x9c\x04\x94\x94\x80\x88[\
\x0f%5 \xe2VCI\x11\x88\xb8\xb5PR\x05\x22\
n%\x94\x94\x81\x88[\x07%u \xe2VA\xe9\x02\
\x10qk\xa0t\x05\x88\xb8\x15P\xba\x04D\xac\x1eJ\
\xd7\x80\x88UC\xd1\x02D\xae\x03\xe3\xdcD\xde\xfb\x8f\
9vA\xd6\xf9\xd3\xbd\x16 \xab\xbd\xde\x15\x9c\x9bH\
\xae\x11\xe3\xd8\x05Z\x1f\x14-@B\x96\xdd\xcf\xb9\x89\
d\xcf)\xb2\xec\xd3\xb1\xf8\xc5Y\x17\x14-@\x0a\xe7\
\xde\xe2\xdc*I\xc1\xd0~k\xe1\xfd\x93\xc8\xf7\xe9E\
;\x84p9\xafsi\xca\x95\x00\xc9\x9d\xfb\x13{\xc3\
%\x9c_\xe7\xa4\x05\xc8\xd0y\xfe\x0e\xe7\xd79\xa9\x02\
\xe2\x87{\xca6\xce\xb1SR\x08\xe4_<\xeeVu\
\xa2mR\xda\x80T\xc6\xf7\x8f\xcf\xf1\xe9\xeaF\xce7\
yi\x05R\x19\xf9\xf5\xf1\xb8\x0f\xdfG\x9e\x85\x1f\x95\
|7\xcbx\x13\x5c\xc6\xf5i\x5c\x92\x08\x17\xa1\xab\x96\
Zp}\x1a\x97\x019m\x03\xa2\xcc\x06D\x99\x0d\x88\
2\x1b\x10e6 \xcal@\x94\xd9\x80(\xb3\x01Q\
f\x03\xa2\xcc\x06D\x99\x0d\x882\x1b\x10eN\x0aH\
\xee\xdco\xc1\xb9\x8f\xf0|;\xc6\xbc\x17\xaf_\xe7\x98\
\x1a\x7f\x0b\xbf\x88~\x0f\x94\xd3{\xec(\x97q\xdc$\
\xff\x95\x9f\x9a\xa3\xe5\x95r\x9d/\xc1\xc7j\xe2\xe6r\
\x0a@\x8e\xcb\x04gEQ\x5c?\x18\x0c\xce\xe4\xb1C\
\x9e\x7fX\xd3G,\x85|\x9c\xe3+\xa1\xed\x09\xc4\xfc\
]\xd3oh\xb9B%\x84p\xcb\xca\xca\xcaYc}\
\x9d\xdb\xc5\xf1\xf3\xba\xf5@d\xe3y\xbcX\x88y\x8e\
\xfb\x04\x81\xe8\xdc\xed\x1c\xcb\xea{\x7f\x07bO\x8c\xf5\
\x07d\x8e\x8d\xe5\xbd\xbfs\xac\xcf\x9cn=\x109\xd4\
\xf0x\xb1\xb0\xf7<\xc3}P\xb0\xbd\x1c7Iu\x87\
=\x8c\xb9\x93\xe3b\x85,\xbb\x8d\xfb\xcc\xeb\xd6\x03\xc1\
q\xff\x83i\x17#0\x10\xb9\x80\x81\xffLZN~\
\xf3\xb2X\x9e\xc7mr\x01[y\xd1C\xbc\xde\xa32\
\x0da\x1c\x17\xab\xd3@\xc4(\xf0Wr5\xb9<\x02\
\xc0S\xf1\xd8\x0c\x04^\x8f\xdbE(\xf8\xd7Q\xfb\xe1\
\xb1\xf6\x9aY\xee\x90s_\xce#rBG\xff=q\
|\xe7\x81\xc4\x16\x00\xf1\xd8\x0c\x04E\xfc2n\xc7I\
\xf9<\x1eC\x96\xc51Xv\x98cb\x03\xc8\x1b#\
\xf1\x06\xe4\xb4g\x01\xc1\xba\x0e\xc5\xed\xbd^\xefb\x1e\
C\x96\xc51\xd2\x87cF\xc64 \x93m@\x16 \
\x03\x12\x8d\xd55 (\xd6\x17q{\xbf\xdf\xbf\x90\xc7\
\x90eq\x8c\xf4\xe1\x98\xd8\x06d\x8ag\x01\xc1\xba\xfa\
q\xfb0\xc6\xfb\xef\xff\x8bqn\x8d\xdb\xf1\x09n\x95\
\xd732\xa6\x01\x99\xecY@\xe0\x13\xbc\x078\xe7\xae\
\xc1\xb7\xef\xf7\xf1\xb1\xf9\xbd\xd5,\xbb:n\x93\xc9\x9d\
\xa5\x0f\xaf'\xb6\x01\x99\xe29\x80\x88w\xc41\xd3$\
?\x16\xd6\xf4\x1f\xb1\x01\x99\xe29\x81\xfc\x8eu^\x1b\
\xc7\xd5\xa9\xe8\xf5\xaeC\xb1\xff\xa8\xe9\xcf\xde\x1f\xf73\
 \x91\xc7\xde\xad\xde\xbf\xc91C;\xf7\xe3\xb4[\x0d\
\xf0\x05\xf2&\xc4\xfd4\xd6\xaf\xc6r\xdb\xc2H\xdf\xfa\
7\xc1\x5cN\x11\xc8\xb1\xfc\xd4\x8d\x94W\xe2\xf96y\
\xcd1\x91\xff\x91\xf3\x86\xdc}+\xf1!\x84\xab\xe4\xc7\
J9\x9fH[M\xfcD\x03\xc2\xabe\xff\x87\xf1\xfa\
\x17n\x9f\xd7\xc9\x01i\xbb\x0d\x882\x1b\x10e6 \
\xcal@\x94\xd9\x80(\xb3\x01Qf\x03\xa2\xcc\x06D\
\x99U\x00\xd1\xf2\x0f]4Xj\xc1\xf5i\x5c\xe5\xef\
Fc\xc9u\xd2!\xdc\xc0\xf5i\x5c\xe5\x95\x1fK\xff\
\xa7`\xcb\xb6\xfc\xee\xb6q\xe4\xc8\xb9\x5c\x9f\xa5((\
\xf8\xb7y\xcb6\xce\x1f\x07\xb9.K\x13\x92\xb9\x8f\x13\
\xec\x9aq\xe8\xbe\x87\xeb\xb2Tm\xf2D\x93\xba\x9d\xe7\
\x9fp=\x96\xae\xf2\x0a\x90\xf5\xb1d\xd3\xf7:\x8e\x10\
\x17p=Thx\x9d\xd4\x8c\xcbn\x12\xf37\xea'\
\xde\x1c\xce\x93\xeb\xfd\xf3\xe1\x7f\xfc\xe5\xad\x05\xfe\x19\xde\
>i6m\x95\x92\xbb\x93\xf0\xb9\xfc.$\xbe[f\
\x0b\x05\xa4\x03m\xb6l\x83l\x0b\x0eO[\xeb\xee\xbc\
2\x99L&\x93\xc9d2\x99L\xa6\xb6\xea$H\xf4\
v\xca\x1d\x89\x83\x01\x00\x00\x00\x00IEND\xaeB\
`\x82\
\x00\x00\x08\xf3\
\x89\
PNG\x0d\x0a\x1a\x0a\x00\x00\x00\x0dIHDR\x00\
\x00\x00d\x00\x00\x00d\x08\x06\x00\x00\x00p\xe2\x95T\
\x00\x00\x08\xbaIDATx^\xed]y\x88\xddD\
\x1cV\xbco\xab\x08*\xf5\xa0\xe0\x01\x0a\x22^\x08\x1e\
h\xbdEA\xc1\xdb\x22\x82\xb4\xe2}\xd5\x03\x85\xaeZ\
\x11\xc1\xa3\x8am\xd5Z\xc5\x8a\xad\xac\xc7\x1f\x15\xa5\xb6\
\xd2U[\xd7\xb6>6\x99\xe4m\xb7v\xc5\xadTQ\
j\xff\xa8\x95z\x14u\xfd~\xd9\xccv\xde\xf7\x92\xb7\
o\xbbyy\xc9$\x1f|d7\xf3\x9b\xcco\xe6\xcb\
\x5c\x99I\xde\x0e;\x94(Q\xa2D\x89\x12%J\x94\
(Q\xa2\x84%\xa8V\xab\xbb\xfa\xae{A\xd5\xf3\x9e\
\xc0\xf1\x8d\xaaR\x9d\xad$\xa7_\x22D\x7f\x7f\xffn\
\x10\xe0~O\xa9\x8d\xbeR\x83i\x91\xfd(\x01\xac\xe9\
\xe99\x14\x85\xb3\x92\x0b+\x0d\xb2/\x1a\xa8=\xd7\x0e\
\x0e\x0e\xee\xc8\xe7\xadG__\xdf\x81\x9e\xe3|\xc7\x05\
\x95\x16\xd9\x1f\x0d\xcf\xf3\xba\x10>\xb3p\xa2 \xe3\x9f\
r!\xa5I\xf6G#\x14Dl\x8a#\x0a\x9a\x85\xcb\
\xb8\x80\xd2&\xfb\xa4a\x082\x88~\xed\xb5B\x88\x82\
\xcc.\xe1\x02J\x9b\xec\x93\x86)HH\xbbk\x8a\xe3\
8\xfb#\x93[\xb9\x80\xd2&\xfb\xa5\x11!\x88\xd0^\
Qz\x95:-\x22\xc3\xa9\x93\xfd\xd2\x88\x11\xc4\xde\xe6\
\x0b\xfd\xc7\xe5\x9c\xd9v\x90\xfd\xd2\x88\x13$\xa4}5\
\x05\x19\xbe*\x22\xa3\xa9\x93\xfd\xd2\x18A\x10\xfbjJ\
\xde\x05\x11Z%\x8a\x0d\x82\x08\xad\x11\xc5\x16A\x84V\
\x88b\x93 \xc2\xdc\x8bb\x9b \xc2\x5c\x8bb\xa3 \
\xc2\xdc\x8ab\xab \xc2\x5c\x8ab\xb3 \xc2\xdc\x89b\
\xbb \xc2\x5c\x89R\x04A\x84\xb9\x11\xa5(\x82\x08s\
!J\x91\x04\x11f^\x94\xa2\x09\x22\xcc\xb4(Y\x11\
D\xf6\x81\xb1o\x02\xa5\xd4Gl\x9b\x10\xb3\xf9\xe8>\
+\x82\xac\xee\xe99\x82}\x13\xc8\x1e1\xb6M\x90\xd9\
\x13%+\x82\xf8\x8es)\xfb&\x90\x9aSu\x9cO\
\xea\xec\x93c\xb6D\xc9\x8a U\xd7}\x95}\xd3\x90\
\x02C\xf8\x19U\xa5n\x81\xbf\x93\x93\xa6\xef\xfb\x87q\
\x9am\x83\x97\x11A<\xd7\xfd\x1d\xb5\xe1`\xf6\xafp\
\xc8\x8a \x01=o.\xfbW8dJ\x10\x15\xd4\x94\
)\xecc\xa1\x90AA\xfe\xc3\xb1#S\x1dm\x9a\xc8\
\x9a \x9a\x98\x7f,\xc5\xe8\xea\x14\xf6\xd7zdU\x10\
M\xf8\xd7\x8b\xe3\xb3\x98\x8f\xdc\x09^-\xfe\xb6\x8a\xb8\
\x09\xc6s\xf9\xa4\x0eq\x84\x0b\xa1\xa8\x94\xb2\xe0\xf2I\
\x1d\xa5 \xdbX\x0a\x921fB\x10i\x97\xd9\xb1\xc2\
\x12e\xc1\xe5\x93\x1aVW*\x87\xa0\x13{\x17\xc3\xcc\
?\xeb\x1c+(\xc3\xb2X\x90\xfa\x13\x03\x08q\x0c\xb8\
\x8e\x1d*9\xc4\xaaR\x03\xab\x1d\xe7(.\xb7\x96@\
&\x5c\x9eR=\xecD\xc9Z\xa2?\xe9\xe2\xb2k\x09\
\x90\xd0\xd9\x9cx\xc9h\xa2\x159\x93\xcb/q\xb4x\
\xc1\xc7*\xa2O\xb9\x8f\xcb/q \xa1\x0eN\xb8d\
,;\xb8\xfc\x12\x87$\x12\x91\xb0T\xcf\xe5h\xce\xc6\
\x15\x91\x92w.\x8f\xb6\x0b\xe2\xa5\xd5\x89e\x10\x92w\
.\x8f\x5c\x0b\x12\xbc\xc9\xeby\xaf\x84w\xdaJ\xfc\xfd\
6\xaew\x1e\xdb\x99\x90y\x10l\xa7W]\xf7K\xdf\
q*\x01\x95Z&[t\xa2:\xd3\x81\x81\x81\xdda\
3\x03\xe1+`\xf7h\xa3\xc7\xf3\xe1\x87\x10\x96\x81\xef\
cNq8\x873\xac\x11$\xf8\x84\x93\xe3\xcc\x09\xd7\
0\xea\xae\x09~\xdc\xbfb\xc5\xbe\x1cO>\xfb\x84\xf4\
~\x8b\xb07\xf9Vww\xf7\x1e\xc3q\x94z\xa4&\
\xdcu\xaf1\xaf\xa9!\x02\xd0dw\x11\xdb0\xac\x10\
D\xeeP\xd4\x84\x0f\xf9:\x11\xec\xaeT*\xbb\xe8x\
2\xe1\x92\xf5\xf3\x08\xbb:\xc2\xeeI\x1dO\x84\xe7\xeb\
\xea0\x13U\xcf{\xda\xb4Cm\xf9\x96m\x18\xa8\x91\
\xf3\x90\xd63(\x83\x1bPc/\xc4\xdf7\xe3\xf8&\
\xfe\xbf\x97m\x13\x87\x9f\x90 \x88s\x17_#\x8e(\
\xa4\xdb\x87\xe3y\xde\x5c\x0e\x8f\xa3\xe78\xef\x0d\xc7s\
\xdd+9\xbc\xd7uO\xd4\xe1\x82\xe0[_Jm \
\xbb\x17M\x9b\xcc\xc1O@\x10iJ\x10\xe7W\x8a/\
M\xd0\x03\xc1B\x92R?\xd2\xf5g\xeb\xb8uaR\
\xcb\xc2\x85'\xfc?\x15\x7f\xff\x12\x86m\xc5\xb9\x8bu\
\xbc\xae\xae\xae\x9d\x11\xb6\xde\x8c\x8b;\xfbu\x1d\x1e\x5c\
\xdbuo4\xc3\xa5)\xc55\x8e5m2\x07?\x01\
A\xd0\x0c\x5c\xc7\x19G\xc7~\xae\x0eGA\x1d\x8fs\
\x9b\xc3\xb0\xbfdO\x95\x0e\xc3\xb9?\xcc\xb8\xdc\x81\xf7\
\xf6\xf6\x1e \xb5\xc1u\xdd\xa3\xcd\xf3\x02\xd4\xb4\xc7\xc8\
\xef-\xf0{\x9c\x0e\xc7\xff\xddf8\xd2\xfd\xcc\x8c\x9f\
I\xf8\x09\x08\x22wfM|\xd7]\xcc6\xb2\xf9\x0c\
\xe7'\xc9\x83\xcc\x9a\xf3\xae\xdbW\x93\xae\xeb\xf6\xcb&\
9\xa1\xb4\xe3\x226\xfa\x9c=\xcd8\x1a\xf2\x14\x166\
\x7f\x93\xdfA;/\xcd\x17\xe7I\x84\xe5k\xc4A\xd2\
\xc4\xb5&\x07}\x90\xeb^\xd1h\x14\x97(\xfc\x04\x04\
\x81\xfd\xe7\x14\xf7!\xb6\x89\x032\xfc8\xa7\xcd\xc4\xd0\
\xf6'\xb3\xc6\x99@\xf8\x02\xb2_+\x85\x17q\x93\xac\
\x97f\x8e\xe3G!\xf8\x22\x12\xdf(\x8e3\x9f\xedZ\
\x02?\x01A\x90y\x872?\x89m\xe2 \xc3`)\
DN\x9f\x19\x0c]}\xffd\x8e/M\x1c\xdb\xca\x10\
\x18\xc7-\xe69i\xde8n\x1c`?\xbd\xee\x9a*\
hN'\xb2m\xe2\xf0\x13\x10Dl)n\xd35D\
\x106g_\xb3\x0f\x11\x5c\xc6q\x05\x18\x02\xab\x9a\xf4\
i\x18-\xcd\xdah\x16\x99\x10gQD\xdar\x9d\x87\
\xd96q\xf8\x09\x08\x121'X\xc26\xf2z\x01\xfa\
\x83\x9b\xe2F9a331\xf0\x07\xb3|\xe9C|\
n\x0a1X\x90/\xa5r\x5c\x9c\x9f\xc2\xfe\x13\x17p\
\x9cF\xe0\x1b\xcc`\x07\xdb&\x0eI$\x22\xe1Q\x09\
\x125\xca2\xab7:\xd8\xe3\xf4]+w\xab9\x92\
\x92N\x1e}\xc4\x0br\xf7q\xe7-m~\xd0T\xd5\
\xfau\xbai#\xc0\xdd\xbf7\xc26q\x1e4y\xe4\
6\x12r/H8\x0f\xa9\x99\x80\xa1 7\xa3\xdd~\
\x10\x7f\xdf\xed\xf3\x5cC\xa9Y\x12o\xcd\x9a5\xfb\x18\
\xf3\x0cI\xb37|\xc5 \xd8\xa8\x86\x9a\xf7\x14\xfb\x15\
\xb7\x94\x8aZ\xf5\x12\xdb\x06Ds\xc6\xb6#!\xf7\x82\
\x08`\x7f\x07_#\x8e(\xf4\xdb\xc28'qX#\
\xcaw\x84\xe3\x86\x9f\xd2\x14J\xcd\xac\x8b\xb3\x1d\x9b\xb5\
\xad\x10$\xec\x03>\xe0\xeb0a\xb3\x5c\x0f?\xc3\x9a\
\xf5=\xdb\xc42\xe6\x01\xa2\x86L\xfc(\xce&i\xce\
\xd8n$X!\x88 x\xddlhBWw\xa7\x86\
\x5c(\xcd\x94\x19\x07\xe9L\x00WE\xd8n\xf3\xc5u\
\xff\xf5\x9a\x18\xb9\xf1\xf7\x86\xd1d>\xc76\xcd\xc0\x1a\
A4 \xca\xa9\xb8\xc6L\xa9\x0d\xb2^\x81\xe3<\x9c\
;\x87\xed4:;;w\x92Y4\x0a\xf4\x9d`\xf8\
\xbbm=D\x1e}\xcc\x86\xd0'p\x9c8\xf8C?\
\x1c k$\xb3\x90\xee^\x1c\xde\x0c\xac\x13$\xef\xc8\
\xa4 \xc1\xdd\x1d\xb1\xdel#y\xa0\xe0eQ\x90\x22\
\xb1\xa7\xa7\xe7 \xb3L\xda+H\xb9/+[\x82 \
\xf1\xb3\x22\x12\xb6\x8e\x18\xa9\xfd\x8c\xe34y@)O\
s+\x95\xca~\xe1#\xfai\xbc\xce\xdfVA\x04\x0d\
\x1c\xb0\x83\x98\xc5\xcb.\x15\xcew\x1c\x1a\x94G\x07\xdb\
\xb6\x04\xf28BvxG8\x90{\xcaz\x0b\xe7w\
$\xb4]\x10A\xb0\xfa\xe68\xf3\xf9a^\x9e\x89\xbc\
|\xc5#\xa8f\x90\x09A4|\x8b\xde\xa0\x92-<\
f\xde\x82\xadJ\xae{+\x86\xf4Kq\x5c\x8c\x82\xbf\
\xde\x0c\xd7\x18\x8d \xe1\xce\x96i2M\xc0qa\xa3\
\x09\xf0v\xc1\xb3\xe7\x1d\xc3\x0d\xf2\x04\xc0\xcc\x1b\xef\xd1\
\x12\xa2\x16\xbd\xcc\xb5\xa8YA\xc2\xd5\xce\x9a\x8d\x14\xf2\
\xd8\x88o\x841\xc1\x16AdK\xaa\x99\xaf`\xebi\
\xfc/\x07\xd5|\x92\xa9\x19A\x021\xe2V9\x1d\xe7\
\x0bm7fd\xe5\x07]\x12\xe0B3_hR\xc6\
G\xd8\x98\x1c\x16e$A\x1a\x8a1\xc4\xb5f\xdac\
B\xf8`\x90\x13\xc8\x1dQ\xa8\xab\xcc|\x05\xaf\xee\x8d\
\xfc\xbb\x8c\x81(\x8d\x04iB\x0c\xa9!s\xcc\xb4\xc7\
\x04\x990\xf9\xf1U;O\xdc*y1\xf3&K\xb9\
M\x8c\x22g\xfa\xb4\x96\xaf\x89\xb8\xcf\x8f$\x86L\x1f\
x\xe6?f\xf8\x19\xf8\xd9\xbc$\x88\xc2\xb9\x87\xf3\xd6\
\xab\xd4EM\x88\xf2O\xc4\xb9F\xe7\x03\x8a\x18\x8e\xe3\
\x1c\xc9i\x8e\x19\xa8\xb2\x97pby\xa4\xa7\xd4\xc6\xa8\
\xf7A\x9a\x14eTl\x99\x18\x1a-\xfe\xd0djD\
3\xe5\xc8\xb3+\xce_\x92\xa2\xb4\x5c\x0cA\xb0\xc9\xb9\
\x89\x1d\x859\xe17\xad\x12%\x1514\xa4s\x921\
5;\x91G\xca\xc7\x11\xe4&\xe3<\xfa\xf2\xf6\xd6v\
\x8a\x82k\xfe\x80\xe6}\x02_\xb3\xa5\x086.\xa0s\
\xf4\xe9\xfd\x8f<R\x86\xc2I\xd5\x94TkF\x14\xe4\
54\xdf\xf7\xcf\xf7e\x85\xd1\xf3\xe6\xc2\xa1\xce<\x12\
\xfeO\xe5\xbc\x09F#\x0a\xfa\xa5um\x15\xa3(h\
\xa6\xf9jK3Ud4\x12\xa5\x14\xa3M\x88j\xbe\
\xaa\xed\xee3\x8a\x8e`\xc7\xbe\xe3\xcc\xf7\xe5\xf1\xba\xe3\
\xcc\x88\x1a\xa1\x95(Q\xa2D\x89\x12\xad\xc4\xff)\xb7\
\xd7w\xc4\xe4/\xc3\x00\x00\x00\x00IEND\xaeB\
`\x82\
\x00\x00\x07?\
\x89\
PNG\x0d\x0a\x1a\x0a\x00\x00\x00\x0dIHDR\x00\
\x00\x00d\x00\x00\x00d\x08\x06\x00\x00\x00p\xe2\x95T\
\x00\x00\x07\x06IDATx^\xed][\x8b\x1cE\
\x14\x8e\x82wE\xa2x\xdfx\x89\x17\x14/o\xe2\xa3\
\x17T\x14A#\x04\xc5\x0b\x88\xe0\x8by\xf2A\x1fD\
!\x0b\x81\x80\xe4)`\xf4\x07\x08n@D0\x0f\x06\
\x95\xe8\x8b+\xc20]\xd5\xd5\xb3\xbb\xb0\xe2\xae>h\
\xd6h\x04\xc5\x18\xd7\xd5\xf1;\xb3\xdd\xb1=S3S\
\xd3\xd3\xd3U\xd5]\x1f|\xec2S\xdds\xce\xf9\xfa\
TuW\xd7e\xcb\x96\x80\x80\x80\x80\x80\x80\x80\x80\x80\
\x80\x80\x80\x00+XYY9[)\xb5-\x8e\xe3\xed\
\x0b\xed\xf65I\x92\x9c\xcf\xcb\x8c\x83\xf9\xf9\xf9s\x94\
\x94/\x83s\xb1\x10{p\xee\xcbx\x99\x80\x14\xcb\xcb\
\xcbg!@\x0fH)\xf7A\x80\xcfb)\x7fB\xe0\
\xba\x9c\x08\xe4\xaf\xf8\xfb\x15\xf8\xb6\x12\xe2\x89N\xa7s\
\x11?\x97\x0e8\xef\xa5*\x8a$;\xd7w\xedv\xfb\
\x12^\xb6\xd1\x80\x08\xb7 0o\x22\xb8\xc7y\xf0M\
\x88c\xff\xc4\xdf\x0f\x11\xecG\xba\xdd\xeei\xfc\xfc\x04\
\x12\x03\x02'\xfc\xd8\xf4\xf8=\xbc|#\x11E\xd1\xb5\
\x08\xd4A\x04\xe4o\x1e\xa4\xa2Dfu \xec\xe3\xf9\
\xdf\xa1ji\x90\x18)\xe7\xf2\xe5\x1b\x07\xba\x8a\xd5f\
=\xfe\xbb&8\xa5\x10B\x1f\x01\xaf3\x10\x83\xf8\x0a\
\xb7\xb11X\x5c\x5c\xbc\x18\x01\xfaH\x13\x94\xd2\x89\xcc\
\xfb-\x8e\xa2\xaf\xf9\xe7\xff#\xda\x94V\xabu.\xb7\
\xb3\x11Xh\xb5\xae@u\x12\xf7\x05\xc5\x16\x85X$\
\x9b\xb8\x9d\x8d\x00U\x1f\xe0j_P,\xb1W\x8d5\
\xf5\x96\x17\xcf\x0eW#\x08\xdf\xf0\xa0Xc\xc8\x0c\x87\
2\x83\xda\x94\xbaf\x06=\x90%B\xdc+\x84\xb8\x89\
\x7fGpM\x0c\x22=T\x92]\xdcV\xef\x01\xc7\x9e\
\x07\xff\xc89;G\xdd\x1c\xd9\xf7\xe93\x86Sbd\
\xc4E\xf4i\xde\x17\xef\xb1\x10E7\xc2\xb1\xbf\xb8\xa3\
\xe0a\x12\xc5e12&R>\xca\xfd\xf2\x16pf\
\x17w\xf0\x94\xa3\xb8\xfa\x5c\x17#\xa5\x1a\xd4\xcd\xe2\x1d\
\xe28~F\xe3\xa0w\x84\x1f\x0fs\xdf\xbc\x04u\x81\
\xe3>\xfe[\xee\xa0w\x14\xe2\x03\xee\x9b\xb7\xe8\x08q\
+\x9cZ\xebs\xd2#\xe2\xa6\xe4$\xb2d+\xf7\xcd\
[\xc0\x99\x9b\xc1\xef\xb9\xa3>\x11\xed\xe1N\xee\x97\xd7\
@\x03~\x9b\xf2;S\x0ep\x9f\xbc\x87\xcf\xa2\xa0\xda\
\xfa\x82\xfbS\x0bx+\x8a\x10\xc7\xb9/\xb5\x81\xafm\
\x0a\x0d|\xe0\xbe\xd4\x06>f\x8a\x10\xe2*\xeeG\xad\
\xe0]\xa6(\xb5\x8d\xfbP;\xc0\xd1\x03}\x8e;\xca\
\xa5v\xfbJn\x7f\xad\x00'g\xb9\xd3\xae\x12wY\
\xff$Ir&\xf7\xa16P\x1e\x89\xd1\xa3\x10G\xb9\
\x0f\xb5\x81\xf2M\x0c\xa2\x10\x1fs?j\x015Z\x8c\
\x0dT\x0f?k>\xb7\xcd\xbd\xdc\x17\xef\xa1\x0c\xc4\xc0\
\x95\xf8\xac\x93w_Qt\x0f\xf7\xc7k(\x031\x12\
)\x9f\xca\xca;\xf6\x9cr\xac\xd5j\x9d\x91\xf7\xa72\
\xd0\x8b}\x04\xe6\x05\x5c\xa1;\xf0\xffy\xfc\xfb\x22P\
c\x8a\x91\xc1!Q\xf6s\xdb*A\xfa\x86o=3\
\x04u\xf92\xbd\xcf\xe0\xe5\xc6\x81*(F\x06\x07D\
\xd9\x184Zf\xaa@J^Hc\x5c5\x06\xadQ\
Pxy\x13\xa8\x09\xc5\xc8`U\x948~\x87\xdbS\
\x09\x90\x1dw\xf7\x19\xf3\x1f\xc7\x16%\x89\xe3\xd75\xe7\
\xc9\xd3H\x8c\x0c6D\xe9]\xa0\xb6\xbaK\xf0\xc3\xd7\
s\x83\x18\x8dE\xe9Hy\x17=\xd9j\xce\x91q,\
12T-\x0al|\x89\xdbP)\xe2(z\x97\x1b\
\xc5h$\x8a\x1a^U\x15\x12#CU\xa2\xe0w\x0e\
Y\x1f\xfe\xd3\x9b8)\xe5an\x1c\xe3HQ\xe8\xca\
\xd2\x1cG\x9cH\x8c\x0c\x15\x88\xa2\x9c\x19\xd4@\xa2\xd0\
 6\x8d\x91y\x0e\x15%I\x92\xcb5\x131K\x11\
#\x03\xfd\xfe4\x9e\xe8q\xdeUp\x86\xff\x9e5\x8c\
1\xbcs\xa8(h\x93\xee\xa0\xfe\x9f\x9e0B|\x89\
+\xee~^f\x12\x90\xb8\x8a\x9e\xec\xfb\xed*\xccT\
\x0cw\x06X\x17\x98\x9f\xf1#\x02};?\xcf\xb4A\
S\x9c\x95~\xccpa\xd2\x80>\xf8\xb2\x9d\xff\x965\
\x14\x10#c\xa5\xa2\x041\xccX\x89(\x8d\x10\x83\xea\
L\xc36c\x14\x87\xb6)\x93\xc2\xb0\xcdx\x8b\xec\xd0\
|\xae%\xf9Mm&\xff-k(!38\xa7\x92\
)\x86\x99\xb1\x9b\xca\x9av\xdd\xbb\x98\x193%e\x06\
g\xa9\x99b\x98\x19\xb3\xf9cL\x9eS\xe8\xd6>?\
\x93\xcb*\xd2I\xf9\x0b\xdc\xc8\x12Y\x8a(E\xc4\xc8\
`\x22\x8aJgr\xf1c+E\xb7\xdb=\xbd\xa2\x15\
\x12&\x12e\x1212\x18\x8abw\xfd\x12\xb5\xb9v\
\x087jZ,$J\x19bd0\x11\x85\xe6B\xf2\
\xe3*\x01\xddQ\xa8).\xe42\x80c\x89\x82\x06\xfc\
AU\x92\x18\x19F\x89\xd2\x91\xf2>~L%\x80a\
\x07\xb91\x15\xd1X\x14\xb5\xb9\xe0\x18?>\xcfY~\
\x8c\x09\x86\x88r\xc2ta\xb3R\x91.\xfeU\xdaz\
S\x05h$\xca\x88\x0e\xc3Y^~\x1c\xd0\xebh6\
\xe7q\x1d\xd5\xe3s\xbc\x5c%\x88i%\xb6~\x07\xab\
\xe6HQP\xe6\x13\xcdq\xc4Y^\xb6\x08h\x22*\
\xb5Q\xe0.d\xc6\x0d\xfc\xfbJ\xd0[\xa3\xb0\xe0\xb2\
xS\xe0PQ\xa8\x978\xdfu\x9f\xbey|\x8d\x97\
\xf3\x1a\xb4`\xa4&069T\x14z\x9f\x92\xbe\xe4\
\xda\x9dD\xd1\x9d\xfc{\xef\x01\xe7\xf7i\x82b\x9bC\
E\xa95\xe0\xfc\xe7\x9a\x80\xb8\xc0\xa9\xf4}9\x0f\xcd\
\xebT\x97\xd8\xacLI\x07.\xf0 \xb8\xc6\xe6d\x0a\
\xae\xbe\x19M\x00\x5cd32E\xd2\x9a\xb4\xfd\xce\xbb\
\xca\xfag\x0a-L\xafq\xdce\xd6;S\xe8\xc9T\
\xe3\xb4\xeb\xacw\xa6\xd0\x82\x8e\x1a\xa7]g}3E\
\x8d\xeeAu\x95\xf5\x14E\xd1\xfe\x19\xfd\xce\xfa\xc2\xfa\
\x89\xa2\x84xR\xe3\xa8O\xacW\x9b\x02g\xb6\xc6\x9b\
\x9b\x99pG}\xe2\xda\xa4\xd3\xeb\x9c\x82\xa2\x9de\xfa\
\x9d\xf4\x8a\xf4ri\xd2\xbd\xa5\x9c\x01m\xf3\xc3\x1d\xf4\
\x91\xc8\xf6\xa7\xb9o^\x82f\x03\xc5\xb4\xcd\x8f\xc6I\
\x97\x88\x06|u\xc4\xfc\x94\x17\xb9o\xde\x02\x82\xec\xd0\
8\xe8\x0cI\x0c\x1a\x193d&\xd7:\xcd\x85\xe4~\
y\x0d8}D\xe3\xa8ufbdv\xa6\xa2\xcc\xe5\
\xca\x9c\xb06 a\x9a\xa0\xce\xc6\x01\xf3\xd1\xad\x91\xc4\
 \xbb\xb8\xad\x04\x1a\xc4F[]X\x19\xaaS\x05z\
\xbb\x91\x8d\xda\x00\xabB\x0e\x13\xa3\xf6\x90\xb4\x83\xa5\x94\
\x8a\x07\xc5\x16\x9d\x9b\x12P%\x0c\xf7\xe9\xab\x8c!3\
\x5c\xca\x0c\xba\xfd\xb6\xb5d\x85m,--]\xa0F\
\xec\x09HmJU]\xf4\xb88\x0eQW\x0e\xb7\xb3\
1\x18\xb5\x08L\xaf\x1aCuF\xd5\xc7\x88\x07\xb2\x89\
Hwv4\xf8\xcd\xfar\x15\xb6\x81@\xbf\xcf\x83s\
*H\x9aM\x13q\xf5>\xa6\xca\xad\xde6h\x89\xa3\
\xc6VQ\x1c\xb82\xdf\xd0\x04\xa9'\x06\xb5-\xbc<\
\x81\xae\xe2\x8e\x94\x0f\xd1\xce28\xfe$?\xd6\x90\xc7\
\xc0\xfdV\x16\xffr\x19\xb4\x1as\xdf\xacT\xb4)\x83\
\xc4\xe0\xa0\xfa\x1e\xca\xedLG\xcf\xcf\x83\xbfh\x82O\
U\xd2\x0fjs\xe4\xfa^Z0\xd2\xda\x1a\x85>\xa0\
'\x0a2\x05\x8d\xf7{\x08\xd8\xab\x93va\xd3.\x01\
\x10t\x86\x9e!\xe8o\xadW|\x0e\x08\x08\x08\x08\x08\
\x08\x08\x08\x08\x08\x08p\x1c\xff\x02en\xac\xbb\xd1\x19\
\x90c\x00\x00\x00\x00IEND\xaeB`\x82\
\x00\x00\x03H\
\x89\
PNG\x0d\x0a\x1a\x0a\x00\x00\x00\x0dIHDR\x00\
\x00\x00d\x00\x00\x00d\x08\x06\x00\x00\x00p\xe2\x95T\
\x00\x00\x03\x0fIDATx^\xed\x9dMn\x13\x09\
\x18DaN\x02\x5cd\x80s0\x9cb4l?!\
\xfe.Ff\xe9\xeeN\xb8\x0e\xa1+DBT\x1e(\
He#\xe1z\xd2\x93\xb2{\xedj\xc7\xdd\xde\xb8\x1f\
<(\xa5\x94RJ)\xa5\x94RJ)\xe5\xcc\xd8\xb6\
\xed\xc9\xd5\xba\xbe\xbc\x5c\xd7\x7f\xf7\xbf_\x9d\x83z\xad\
\x97\xcb\xf2\xcf\xba\xae\x8f}\x8f\xdf\xc6\xa7u}\xbe\x1f\
\xd4\xff\xfb\xc1]\x9f\xb9\x17W\xcb\xf2\xcc\xf79\x19\xd7\
\xd7\xd7\x7f]m\xdb{8\xb0\xb3u[\x96\xcf\x97\x87\
\xc3[m\xe3{\x1d\x9d\x9e\x8c\x9f\xb8\x9f\x14\xdf\xeb\xa8\
\xe8c\xea\xe6\xdd\xe0\x07Ro\xd46'\xfd\xf8\xea5\
\xe3^^\xf8nG\xe1p8<\x82x\x05Or\xf7\
u{k{'^\xc1ey\xe1\xfb\xc5\xb9\xbd\xff\xbe\
\x1b\xafw\xd4V\xbe_\x9c=4\x1e\xae?t|\xbf\
8\x8a@\xb8\xb2\xe3\xfb\xc5Q\x04\xc2\x95\x1d\xdf/\x8e\
\x22\x10\xae\xec\xf8~q\x14\x81pe\xc7\xf7\x8b\xa3\x08\
\x84+;\xbe_\x1cE \x5c\xd9\xf1\xfd\xe2(\x02\xe1\
\xca\x8e\xef\x17G\x11\x08Wv|\xbf8\x8a@\xb8\xb2\
\xe3\xfb\xc5Q\x04\xc2\x95\x1d\xdf/\x8e\x22\x10\xae\xec\xf8\
~q\x14\x81pe\xc7\xf7\x8b\xa3\x08\x84+;\xbe_\
\x1cE \x5c\xd9\xf1\xfd\xe2(\x02\xe1\xca\x8e\xef\x17G\
\x11\x08Wv|\xbf8\x8a@\xb8\xb2\xe3\xfb\xc5Q\x04\
\xc2\x95\x1d\xdf/\x8e\x22\x10\xae\xec\xf8~q\x14\x81p\
e\xc7\xf7\x8b\xa3\x08\x84+;\xbe_\x1cE \x5c\xd9\
\xf1\xfd\xe2(\x02\xe1\xca\x8e\xef\x17G\x11\x08Wv|\
\xbf8\x8a@\xb8\xb2\xe3\xfb\xc5Q\x04\xc2\x95\x1d\xdf/\
\x8e\x22\x10\xae\xec\xf8~q\x14\x81pe\xc7\xf7\x8b\xa3\
\x08\x84+;\xbe_\x1cE \x5c\xd9\xf1\xfd\xe2(\x02\
\xe1\xca\x8e\xef\x17G\x11\x08Wv|\xbf8\x8a@\xb8\
\xb2\xe3\xfb\xc5Q\x04\xc2\x95\x1d\xdf/\x8e\x22\x10\xae\xec\
\xf8~q\x14\x81pe\xc7\xf7\x8b\xa3\x08\x84+;\xbe\
_\x1cE \x5c\xd9\xf1\xfd\xe2(\x02\xe1\xca\x8e\xef\x17\
G\x11\x08Wv|\xbf8\x8a@\xb8\xb2\xe3\xfb\xc5Q\
\x04\xc2\x95\x1d\xdf/\x8e\x22\x10\xae\xec\xf8~q\x14\x81\
pe\xc7\xf7\x8b\xa3\x08\x84+;\xbe_\x1cE \x5c\
\xd9\xf1\xfd\xe2(\x02\xe1\xca\x8e\xef\x17G\x11\x08Wv\
|\xbf8\x8a@\xb8\xb2\xe3\xfb\xc5Q\x04\xc2\x95\x1d\xdf\
/\x8e\x22\x10\xae\xec\xf8~q\x14\x81pe\xc7\xf7\x8b\
\xa3\x08\x84+;\xbe_\x1cE \x5c\xd9\xf1\xfd\xe2(\
\x02\xe1\xca\x8e\xef\x17G\x11\x08Wv|\xbf8\x8a@\
\xb8\xb2\xe3\xfb\xc5\xe9O\x8d\xdf\xdf\xabm\xfb\xcf\xf7\x8b\
\xd3\x1f\xe3\xff\x05O\xf1c\xfc}\x5c\xc5\xfd=\xc9\xe3\
*\xc4\x1e\xbb\xf0x\xfd\xdemY>\xfanGC\x8f\
\xf3\xe9#\x8f~\xac\xb6\xd9\xaf\xb5\x7f\xfbnGe\x0f\
\xbf\xf3\x03\xa9_\xdd/\xe6\xaf}\xaf\xa3\xa3G\xc3\xe9\
id\xfdO\xf9\xe6\xed\x16o\xf6m\x1e\xfa^'c\
?)O/{M\xb9\xb9f\x9c\xfcc\xeag\xe8\x8e\
B\xb7y\xfa\x9e\xb2_c>\x9c\x837\xdf\xc9\xf6\xd7\
\xac;O\xdf\xa3\x94RJ)\xa5\x94RJ)\xa5\x94\
?\x9d/\xd2D\x7fr\xa3\xfb\x9d\x94\x00\x00\x00\x00I\
END\xaeB`\x82\
\x00\x00\x03\xf5\
\x89\
PNG\x0d\x0a\x1a\x0a\x00\x00\x00\x0dIHDR\x00\
\x00\x00d\x00\x00\x00d\x08\x06\x00\x00\x00p\xe2\x95T\
\x00\x00\x03\xbcIDATx^\xed\x9d\xcf\x8bMa\
\x18\xc7\x87\xfc\x88\xf2\xdb\xc2\x8f\x88\x05;e#6l\
H\xa4\x14%\x22\x7f\x02\x0b\x89\x9a\x8d\x90\xb2$Kb\
+\x96\xa2\x86\xc5\xd8\x98FN\xf3\xfe8\xe7\xce\x8c\xb9\
J))\x83\x1dbb<\xafF\xf4\xbd\xf7\xe6\x9e{\
\xcf\xbd\xe79\xf7|?\xf5Y\xa89\xe7<\xef\xf3}\
\xefy\xcfq\xcd\xab\xaf\x8f\x10B\x08!\x84\x10B\x08\
!\x84\x10B\x08!\x844$\x8a\xa2%\x15\xe7\xb6'\
\xce\x1d\xf4\xde\x1fi\xd5\xd8\xda\xc3\xce\xb9\x9d\xc6\x98\x0d\
x\x0d\xd2\x04\xb11\x07b\xe7\x9e\x88\xdf\xc5\xe9,\x95\
p_\xcb\xf9\xafI@\x1b\xf1\xba\x04\x18\x1b\x1b[!\
3z\x00\x9b\xd8!\xa7B0CCC\x0b\xb0\x0e\x22\
\x8c\x8f\x8c\xac\xf1\xc6\xbc\xaa\xd3\xb8\x8e*\x13\xa02j\
\xcc&\xac\xa7\xd4T\xab\xd5\xf9\xd2\x9c\xe7\xd8\xacn\xe9\
\xad\xfd(\xb7\xb0\xddXWi\x91\xa6\x9c\xc5&\xe5\xe0\
\x94,\xfe\xa7\xb0\xb6\xd2\x91$\xc9<\xef\xdc\x87:\x0d\
\xca\xc5\xc4\xda\x1b\x83\x83\x83s\xb0\xce\xd2 \x8f\xb5\xfb\
\xb0)\xb9k\xedcyD^\x8a\xb5\x96\x02\xb9\x7f_\
\xaei\x88\x06\xad\x1d+\xe5b/\x03\xbf]\xd3\x0c%\
\x96r\xb1\x97\x17\xb5{\xd8\x08-J ?\x13\xef/\
b\xcd=\x8d\xd6@$\x8c\xaf\xf2\x8er\x02\xebE\xac\
\xb5k\xe5\xe7\x87\xe4\x93\xfe\xa9\x93\xca\x83\xcf[\xb9\xce\
\x0by\xe8\xb8#\x7f>\x14E\xd1\x5c\xac%\x134\x06\
\x22a\xbc\x93[\xd5\x0e\xac\x15I\x8c\xd96\xd3\xa8\x9a\
st\xc1\x89\xf0w|XS\xdbh\x0bD\x820q\
\x1c\xaf\xc3:\x11\x99\xa5G\xe5\xe7\xbf\xe0\xf1\xdd4\xdc\
R\xc3C\x11\xd6\xd6\x16\xca\x02yX\x1d\x1e^\x8c5\
\xfe\xcb\xf4\xf4\xf4,\xb9\x95\x9d\x97F\xfc\xa8s|.\
\x86z\xb0\xce\x96\xd1\x10H\x98i\xb11W\xa4\xd9\xb3\
\xb1\xbe\x7f\x91\xfb\xf6B\x0d\xf5\xa2ar\x84\xaf)\xb0\
\xde\x96\xc8{\x80\xa9\x16oc\x22<^\x91O\xb1\xe6\
\x96\xc89\x90I\x09c\x17\xd6\x84\xc8\xe2\xbdU\x82{\
S\xe7xU\xca\xa4\xd9\x8c\xb5\xa7&\xaf@\xc2\xe2\x9d\
$\xc9z\xac\x07\x91\xfa\x8e\xc59/\xde)<\x8d\xf5\
\xa7&\xa7@\x0a\xb9x7\xe1u\x1cGj\xba\x1cH\
\x98\xe9\xfd\xcd,\xde\xde\x98\xfbu\x8eW\xad|\xea\xef\
\xe2XR\x13\x16Ty\xfb\xbc\xdaI\xa5\xd8\x0b\xf2\xde\
p\xf2e\x14\xad\xc4\xeb#\x05X\xbc\x1b\x1a&7\x8e\
\xa7\xd0\x14e\xf1ndO\x05\xf2\xfb\x9f\x0b9\xf7\x19\
\x07Y${\x22\x90\x82.\xdeu-| \xa3Q\xb4\
ZnS\x8fp`E\xb5\xb0\x81\x84\xafge\x00\xfd\
\xe1\x0b(\x1cT\x91\xcd$\x10\xb9]l\x11\xf7t\xc1\
\xe3\x89\xf7\xe7f>\x11\x85^+\x1a\x99I ]~\
\x0f\xe9i\x19\x882\x19\x882\x19\x882\x19\x882\x19\
\x882\x19\x882\x19\x882\x19\x882\x19\x882\x19\x88\
2\x19\x882\x19\x882\x19\x882\x19\x882\x19\x882\
\x19\x882\x19\x882\x19\x882\x19\x882\x19\x882\x19\
\x882\x19\x882\x19\x882\x19\x882\x19\x882\x19\x88\
2\x19\x882\x19\x882\x19\x8823\x09\xc49w\x0b\
OL[\xd4\x98\x9b\xd8\xdf\xd4$\xde_\xaa91m\
\xc9L6[\x8b\xad\xdd\x8b'\xa6\xad\x99\xc9v\x84a\
\x9bX9\xd9$\x9e\x9c\xa6\xf6}f\xbb\xccyk\xcf\
\xd4\xb9\x00Mg\xfb\xfb\x9c\xfc!l5\xee\x9d\x1b\xae\
s\x11\xda\x842\xa1\x9f\x85;\x0d\xf6\xb5-\xc2\xaf(\
\xcb\x89\xabx1\xfa_'$\x8cU\xd8\xcfL\xa8T\
*\xcb{\xe9\xf7\xc6;\xad,\xe2\x0f\xbc\xf7\xcb\xb0\x8f\
\x99#\x17\xd9/\x0e\xc8'\xe6\x1b\x16QvCOB\
o\xc2\x16\xed\xd8\xb7\x8e\x13\xf6\xb4\x0a[\xb1&m\xfe\
\x97G\xbd`\xe8A\xe8\xc5\xf8\xf8\xf8\x22\xec\x13!\x84\
\x10B\x08!\x84\x10B\x08!\x84\x10B\x08\xf9\xcb/\
!\xa3\xe7\xa4\x94\xect\xad\x00\x00\x00\x00IEND\
\xaeB`\x82\
\x00\x00\x08\x15\
\x89\
PNG\x0d\x0a\x1a\x0a\x00\x00\x00\x0dIHDR\x00\
\x00\x00d\x00\x00\x00d\x08\x06\x00\x00\x00p\xe2\x95T\
\x00\x00\x07\xdcIDATx^\xed]Y\x88\x1cE\
\x18\x8e\xa2\xf1\xbe5\x11\xf1\x80x=\xf8\xe2\x8b\x07\x1e\
\x09\xa2\x11\xa2(*x\x04<\x82\xc6x`\x88\xa8K\
\x08*\x04A|0\xe4!\x98\x80!\xfa\x22\x12T\xd0\
\x07\x83\x12\xa3n0\xbaF\xdcLWW\xf7lVW\
]4!\xc6\xf3E\x0cf\x13\x5c\xbf\xbf\xa7{\xed\xfc\
]=\xdb\xbb]]S\xd3S\x1f|L\x98\xfc\xf5\xd7\
_\xf5u\xdd\xb5=3f88888888\
8888\xd4\x04a\x18\xce\x0c\x84\xb81\x94\xf2\x05\
|\xbe\x1e\xfa\xfe\xdbU\x92\xe7\xef\x10cdd\xe4(\
\x08\xf0\xb4\xf4\xfd\xdf\x03\xdf\x1f7E\x1e\x87\x030\xdc\
h\x9c\x85\xca\xf9\x8aW\x96\x09\xf2X\x12\xa0\xf5\xdc3\
>>~\x18\xff\xbe\xf6\xd8\xb9s\xe7i\xd2\xf3\xbe\xe3\
\x15e\x8a<\x9e\x04R\xca~\xfc\xff\xda\x9e\x13\x05\x05\
\xdf\xcc+\xc9$y<\x09bA\xc8\xa6wDA\xb7\
p\x0b\xaf \xd3\xe41%H\x092\x8eqm}O\
\x88\x82\xc2n\xe1\x15d\x9a<\xa6\x04iAb\xd6\xbb\
\xa5x\x9ew2\x0a9\xc6+\xc84y\x5c\x09\x14\x82\
\x10\xeb+J\xd3\xf7\xafP\x14\xd88y\x5c\x09r\x04\
\xa9o\xf7\x85\xf1\xe3V^\xd8N\x90\xc7\x95 O\x90\
\x98\xf5k)(\xf0\x9d\x8a\x82\x1a'\x8f+\xc1$\x82\
\xd4\xaf\xa5t\xbb \xc4Z\x89R\x07A\x88\xb5\x11\xa5\
.\x82\x10k!J\x9d\x04!v\xbd(u\x13\x84\xd8\
\xd5\xa2\xd4Q\x10b\xd7\x8aRWA\x88])J\x9d\
\x05!v\x9d(u\x17\x84\xd8U\xa2\xf4\x82 \xc4\xae\
\x11\xa5W\x04!v\x85(\xbd$\x08\xd1zQzM\
\x10\xa2\xd5\xa2\xd8\x22\x08\xdd\x03\xe3\xb1\x11|\xdf\x7f\x9f\
\xdbj\xa2\x9d[\xf7\xb6\x082\xd4h\x9c\xc7c#\xd0\
\x1d1n\xab\x91\xf6\x89b\x8b \x81\xe7\xdd\xccc#\
P\xcb\x09=\xef\x83\x8c\xbd>\xda%\x8a-\x82\x84B\
\xbc\xcacK@\x15\x86\xff\xbf&\xf4\xfd\xc5\x88w\x89\
n\x06Ap\x0e\xcf\xb3c\x90\x96\x08\x22\x85\xf8\x0b\xad\
\xe1L\x1e_\xcf\xc1\x16A\x22J\xf9\x1a\x8f\xaf\xe7`\
\x95 ~\xd4R\x1e\xe11\xf6\x14,\x14\xe4_|\xae\
\xb4j\xa05\x09\xdb\x04I\x88\xf5\xc7\xa7\x98]]\xc6\
\xe3\xad=l\x15$!\xe2k\xe2s\x15\xd6#K\xc1\
\xbb(\xde\xaa\x88\x87\xe0l^?\xc6A\x81\xf0J\xe8\
UR]\xf0\xfa1\x0e'\xc8\xfft\x82XF'\x88\
et\x82XF'\x88et\x82XF'\x88et\
\x82\xe8\xe1>\xe9\xfb\x1f\xa2\x1c\xcb\xe9LE\x08qQ\
\xb3\xd9<\xb5\xbf\xbf\xff\x88\xe1\xe1\xe1\x13\x82 8\x1f\
\x0b\xbe+\xb1\xa8\xbc\x1b\xb6\xeb`;\xa4\xf0\x11\xd1\x09\
R\x82\xa8\xe4\xcfC\xdf_888x,/\xd3d\
\xa0\xf3\x0f\x88\xf7\x22\xfc\xfc\x96\xf6Y+AB!>\
\x83\xafy\xe0)U\x13\x22\x9c\xc4\xcb1\x1d\x0c\x0c\x0c\
\x1c\x83\x96\xf3\xa8\x8c_#\x22\xeb\x22\x08\x0a\x14\xe6]\
R\xe8\x06\xa0\xb5\xcdBk{\xb36\x82\x80\xcb\xb8_\
\x93\xa0\x87AR\xeb\x14\xe2y\xc4\xb2\x91\xba3tI\
\x83D\xb4\xdc\x8f\xe9x\x18\x15\xfe8\xbe\xbf\x98\xa7M\
\xc3\x8a\x87J\x8b B<\xc8\xfd\x9a\x00b\x9f\x13H\
\xb9&\xe9r\x0a\xd1\xf3|\xa4{b:c\x8f\x11h\
\x11D\xca\xb7\xb8\xdf*A\xe3\x08\xf2]\x07\x1e\xc8\xc4\
R\x94B\xec\x85\x9fE\xd6\x1d\x84i\x11\xa4\xc5e&\
\x0a\x87x\xe7\x22\xaf\xdd\x8a\xfc\xa7E\xbab\xf4\xcd\xe0\
\xe0\xe9<\x9f\x8eA\xa3 \xc4\x1f\xf0\xe4\xbd\xc7\xdf\x16\
7U\xa2\xaf\xdf\xa0\xea\xcf\xe1\xfb\xbe\xa0\x82\xd7\x80D\
\xaf\xa5\xc2z\x85\xe7\xd7\x11h\x16D\x0b!\xcab\x1e\
'\x89\x11\x9f\xb7g\xec5qw\xde\xedI\xa3\xb0M\
\x10Z\xcf\xf0\xae/\xee\xa6\x8a\xb4\x8c}t\x17\x18\xc2\
\xad\x06\x9f\xa2Y\x17\xf8\x0a\xc4\xdc\xa1\xb0\xcd\x10\xf94\
\x91\xfe\xb8t\xde\xc6a\x9b \xa8\x90kY|4\x80\
\xb7\x1f3\x84\xd8E\xad\xaa]e\xa2\x0b<7\x9a\x91\
\x09\xb1?\x93\xfe\xd0\xfc7\xf0\xb4Fa\x99 [y\
|Ak6\xc5\xed&H\x15H+n\x9e.\x0f\xb4\
\x16i\xbb\x9f\x85n\x91Z$Og\x0cV\x09\x22\xc4\
\xbd,\xb69A\xfb\xa9\xed\xb3i\xfb\xa2\xa0\xad\x17\xa4\
\xdd\xa6\xf0\x17\x11\xa2|\xc1\xd3\x18\x83E\x82\xfc\xcd\x9f\
t\xeab\x14v\x11\xcbv-\x8dF\xe3\x0cts\xa3\
\xdcoBL\x87\xaf\xe6i\x8c\xc0\x16A\x10\xc7\xe6t\
\x5c\xd1vH\xde\x0a\x1cc\x06\x17o:\xc0Tw~\
\xc6w\x12\x8f\xef\xaf\xe7\xf6F\xa0S\x10\x9a\xcf\xf35\
EQ\xd2%8\x16\xd7<\xee?\xc5\x87\xd2\xb6e\x80\
|?R\xf8\xa7\x07d\x0f\x9f\xed\x19\x81\x0eA\xe2\x81\
p\x09\xf7]\x06\xf1Fa&\xaf\xa05\xb5\xcd\x9dM\
M\x15x\x18\x16*\xf2\x88H\x87]\xdc\xber\xe8\x10\
\x04}\xfd\x1b\xdcoY\xc0\xef\xc6L>\xad\xbc6q\
\xdb2\x88\x07x\xe5\xc4\x01us\x1b\xb7\xaf\x1c:\x04\
\xc1S\xf6\x00\xf7[\x16\xd1\x16\xba\x22/p\x15\xb7-\
\x0b\xb4\xc6\x9f\x14\xf9\xd0X\xb5\x94\xdbV\x0e\x1d\x82\x80\
\xcfp\xbfe\x81J\x12\x8a|*\xc9+\xc8\x7f\xdf\xfd\
\xb4\xa6\xd5\xa5\xa0E\x10!\xbe\xc7\xac\xe8x\xee\xbb\x0c\
\xa2\x03&\x9e\x0f\x18J\xf9\x1c\xb7-\x0b\xc4/y>\
D\xda~\xe1\xb6\x95C\x8b DT |-\xc0T\
r\xb6T\x9c\x83OF\xcch\x0e?$.\xdf\xff$\
\x93G\x8bk\xd3v:\x10\xb0\xcb\x0e\x09\xd1\x15\xdf\xcf\
m+\x876AJ\x12\x0b\xb1K\xd3q\xd1\xb1+\xb7\
\x89(\xc4\x8e\xb4]Y\x0cy\xde\x85\x99<bb\x1c\
\xbb\x9e\xdbW\x0e[\x04\xe1\xeb\x10|\xf7X\xc6\xc6o\
M\xb1un\x93\xc3g\x1f\xcf#\xe6A\xba\xd7\xc5\xed\
+\x87-\x82\xe0i|9\x1d\x17m\x02r\x9b\x09J\
\xb9&m;]\x8c\x8e\x8e\x1e\x8d\xae\xf1\xc7\x8c\x7f\xa2\
\xe6\x96X\x18\xb6\x08\x02~\xcdc\xa3\x0b\x09\x0a;j\
%\xfb'\xbbAR\x04\xf0\xb5\x82\xfbN\xb1\x8f\xdb\x1b\
\x81-\x82\xa8\xba\x22Z\x07p\xbb\x09{\xdf\x1f*s\
a\x0ec\xd4uA\xce\xa1W,\xf8,\x9e\xc6\x08l\
\x11$\xe6\x8atltU\x07\xa2\xecU\xd8%\xdcF\
\xbb\xb6\xe94E@b\xa0\xd2\xffP\xf8K\xb8\x8e\xa7\
1\x06\xab\x04\x11b\x17D8\x92\xc5\xb7(c\x97b\
H[\xe8A0?\x9d&\x0f4f\x04\xadnJ\xd9\
2\xe2\x18\xfe\xec\xe8-\x14\xab\x04\xf1\xa3\x85\xdf\xc3\xe9\
\xf8\xa2\x17\xcf\x14{\x1b\xd0\x16\xda(Tuc\xf1\xd4\
\xb6/w\x00O1\xbe\x812\x9b\xfb0\x06\xdb\x04A\
W\xf23\x9fn\xd2\x13;\x85_\x90\x1b\xa3\x96\x06~\
\x19\xaf\xc0\x7fU\xd8\xb4\xa5\xa4\xbf\x8d\xef\x94(\xa1%\
?\xe8\x92\xa6\xeaUMto*\x98\xec\xb2\x83F\xd2\
\x05\xf2\x8e\x88\x82\xc2_\xce\x83\xb1\x82B\xdc\xc1c\xa5\
YX\xf4\xf4r\xdb\x8a\xd8\x11Q\xe2\xf3\x80\xfcA\xae\
C\x94\xf4\xfe,\xb6\x9dB\xa0\xc3):O\xa7i2\
O3eb\x00\x87\x9f\x91\xcc\xf7)vD\x94\xc0\x82\
\x9f\xcdS\x12S\xde\xa6\x10\x97\xf0x\x09h)s\xe9\
vH&M\x01\xd2:\x03\x9fk\xe9\xd7Mi\xbd\x11\
U\xba\xc2n\xc2\xde\xb4((\xdcM<\x08\x8b\xf8\x0b\
*\xe3*\x1es\x02\xba\x1dB\x17\x12P\x86=\x8a\xb4\
i\x1e\xa4\xed\x10|\xf6\xf1\xb5\x8b\x95\xa2\x14\x9cZv\
\x84x\xa2\xff\x91\x05^lFg\xe0\xa8\xf4\xdbi\x85\
\x0f\x81\x96\xd3y\x06m\xa1\xe3\xdf7\xf0\x99\x1bGQ\
Q\x8c\xad\xe0\xe9/W\x91\xe9\xb7<\x08\xab(\xe5&\
T\xee\x1c\x1e\xbb.X'\x0a\xbd\x842\x9a\xbf+\x02\
\xb1\x85qkY]\xd5\x9bDm\x14e&r{2\
\xc89E\xb3\x88ch1\xef\xd2\xc2vd\xfb\xf6\x13\
y9\xca\xa0\xa8(\xba\x8f\xad\xdb\x82\xf6\x94\xe2\x9b}\
+\xe9m\xa1\xfcb\x9bMD\x8c\x1b\xa31C\xca\x05\
\xe8z/\x90\x8a#\xe1\xa9\xa2\x88(\xa1\x94/\xf1t\
\x0e\x15\xa2\x80(\x03<\x8dC\xc5h'\x8a\xf4\xbcw\
\xb8\xbd\x83\x01\xe4\x88r\xa0'\xdf\x9aj\x0bh\x00\xa7\
1\x83v\x07\xa8e81\x1c\x1c\x1c\x1c\x1ct\xe3?\
^\x81\x1f\xc1M\xa0\xabg\x00\x00\x00\x00IEND\
\xaeB`\x82\
\x00\x00\x03s\
\x89\
PNG\x0d\x0a\x1a\x0a\x00\x00\x00\x0dIHDR\x00\
\x00\x00d\x00\x00\x00d\x08\x06\x00\x00\x00p\xe2\x95T\
\x00\x00\x03:IDATx^\xed\x9d\xcd\x8a\x13A\
\x14\x85\xc7\x85\xba\xf3\x17AD\xf1%\xfc\xd9\xb8\xf4\x07\
\x14\xdd)>\x80\xe8J\x14|\x81\xc1\xb5[\x17\x0a\xfa\
\x00\xb3U\x84AP\xdc\xc8\x08\xa1\xbb\xab\xbacd\xe2\
\x13\xa8;W\xba0\xde\x1bR8\xdcIp\x93T\x9f\
\xaa:\x07>\x02\x93\x869u\xbf\xa9\xeed\x08\x9d\xb5\
5\x86a\x18\x86a\x18\x86a\x98L\xd2u\xdd\xbe\xb6\
i.w\xde?\x96\xc7\x97\x9ds\x1b\xab\xc4\xfe~f\
\x96\xf1x\xbc_\x04<\xf2\xce\xfdh\x9d\x9b\xc4\xc2\xf6\
`$_\xaa\xea\x84\x0c\xe7\x93\x1dV\x0cl\x97\x10\xd9\
=\xb7'\x93\xc9\x1e\xfb\xf3\xec3\x1a\x8d\x8e\xfa\xba\xfe\
j\x07\x15\x0b\xdb'\xc4{\xff^\x9e\x7fZ\x9c\x14Y\
\xf8\xa6\x1dRLl\x9f\x90\x99\x10=\xa6\x1c)rZ\
\xb8n\x07\x14\x1b\xdb)d\x87\x90\x89\x5c\xd7\x9e\x17!\
E\x16\xfb\xd6\x0e(6\xb6S\xc8N!3\xf2\xde)\
u]\x1f\x92E\xfe\xb6\x03\x8a\x8d\xed\x152G\x88\x92\
\xaf\x94\xa1s\xe7\xe7,8:\xb6W\xc8\x02!\xf9\x9e\
\xbe\xe4\xfaq\xc3.\xb6\x0fl\xaf\x90EBf\xe4\xb7\
Sd\xc17\xe7,4:\xb6W\xc8\x7f\x84\xe4\xb7S\
R\x17\xa2d%%\x07!J6Rr\x11\xa2d!\
%'!J\xf2Rr\x13\xa2$-%G!J\xb2\
Rr\x15\xa2$)%g!JrRr\x17\xa2$\
%\xa5\x04!J2RJ\x11\xa2$!\xa5$!\x0a\
\xbc\x94\xd2\x84(\xd0RP\x84\xe8\xe7\xc0l7\x8ds\
\xee\x95=vI`\xfe\xeb\x1eE\xc8\xe7\xaa:m\xbb\
i\xf43b\xf6\xd8%\x82'\x05EH[\xd7\xd7l\
7\x8d\xee\x9c\xae\xae\xdf\xec:~y`IA\x11\xd2\
5\xcd3\xdb-D\x07&\xcf_\xe8\x9c\xbb#}\xef\
.\x9b\xb6mO\xd9\xdf\xd9[<\x88\x10\xdf4?e\
7\x1c\xb7\xfd\x8a\x0b\x8a\x90)\xde\xbf\xb0\xfd\x8a\x0b\x94\
\x107\xdd)\xf7l\xc7\xa2\x02(\xe4\x8f<\xaeC]\
hc\x06MH@\xde\x7f\xbc\x93WWgm\xdf\xec\
\x83*$ \xfd\x86\xf2\xf8D\xde\x8f\xdc\x17ni\xdf\
U!\x7f\x04'\xed|\xa2G\x8b\xd8!\x94\x8a\xce\xc2\
\xce'z(\xe4\x1f\x14\x02\x06\x85\x80A!`P\x08\
\x18\x14\x02\x06\x85\x80A!`P\x08\x18\x14\x02\x06\x85\
\x80A!`P\x08\x18\x14\x02\x06\x85\x80A!`P\
\x08\x18\x14\x02\x06\x85\x80A!`P\x08\x18\x14\x02\x06\
\x85\x80A!`P\x08\x18\x14\x02\x06\x85\x80A!`\
P\x08\x18\x14\x02\x06\x85\x80A!`P\x08\x18\x14\x02\
\x06\x85\x80A!`P\x08\x18\x14\x02\x06\x85\x80\x01!\
\x04\xe5\x0b]\x10\xd0Y\xd8\xf9DO\xd74\xe7l\xb1\
bi\xdb3v>\xd13\x18\x0c\x0e\xb6\x00_\x0a\xd6\
7\xbei~\x8d\xb7\xb6\x0e\xd8\xf9\xf4\x92\x16\xe0k\xf3\
\xfaF\xae\x1f\x9bv.\xbdE\xca\x5c\xb5\x05KCN\
\xddW\xec\x5cz\xcd\x8ao4\x89\x8d\xf7\xaf\xed<z\
\xcfp8<\x22\xe5\xb6w\x95\xcd\x9fm9C\x1c\xb6\
\xf3\x80HUU\xc7\xda\xba\xfe0\xa7t\xae|\x84\xbf\
\xf1\xe6\xf4>\xb9\xce=\x94\xb2\xdf\xe7, \x17\xbe\x09\
\x0f\x16\xddM\x1b2\xf2rx\xaf\xbc.\xbf$\xc5\xd7\
\xf5n\xa1\x22i#et\x0d\xba\x169=]\xd4\xb5\
\xd9\xf52\x0c\xc30\x0c\xc30\x0c\xc3\xa4\x9a\xbf\xc3\xbe\
\xc4\x1c\xd7\x1c]Y\x00\x00\x00\x00IEND\xaeB\
`\x82\
\x00\x00\x02i\
\x89\
PNG\x0d\x0a\x1a\x0a\x00\x00\x00\x0dIHDR\x00\
\x00\x00d\x00\x00\x00d\x08\x06\x00\x00\x00p\xe2\x95T\
\x00\x00\x020IDATx^\xed\xddI\x8a\x14A\
\x14\x80\xe1\xbe\x82\xe3\x11T\x1c.\xe5p\x0di<\x81\
\xe2p\x03m\xd1\xad\xc3%\x9a\xcc\x88\xc8,\x0a'\xf0\
\x1c.\xd4\x17\x0d\x8a>\x0a\xdc\x94\xd4O\xe6\xff\xc1\xa3\
\xdd\x14\xf1:~M\xbbWyt$I\x92$I+\
Uk\xbd<\xb7vo\xaa\xf5Q\xcc\xc9\x5c\xeb\xab\xff\
9\xfd\x8c~V\xfc\xf9n?;\xef\xb3Z\xdb\xed\xf6\
B\x5c\xcc\xb3\x98o1?\x0e4\xfd\xec\xa7\x9b\xcd\xe6\
|\xdeoUZk\xd7\xa6R\xbe\xec\xb8\xa0\x83L+\
\xe5S\xfck\xb9\x9a\xf7\x5c\x85\x0f\xa7\xa7\x17I1~\
M\x04\xf9\xba\xcaGX\x1b\xc7\xd7\xf92(\x13\xbb\xbd\
\xc8\xfb.Z<\xaan\xc5\xe3\xe1{\xbe\x08\xca\xf4\xdd\
6\xa5\xdc\xc8{/V\xfc4\xf5 _\x02p\x8e\xf3\
\xde\x8b\xd5j}\xbf\xe3\x02h\xf36\xef\xbdX\x11d\
\xd8q\x01\xbf'\x1ei\x9b\xfc{\xc3\xbe\xa7\x9f\x91\xcf\
\xfdk\x87\xd81\xef\xbdX\xf1\xcd\xce\xf9\x02\xd2\x1c\xe7\
\xcf\xec[?c\xc7\xb9\x7f\x06\x99\xf3g\x16\xcb 0\
\x06\x811\x08\x8cA`\x0c\x02c\x10\x18\x83\xc0\x18\x04\
\xc6 0\x06\x811\x08\x8cA`\x0c\x02c\x10\x18\x83\
\xc0\x18\x04\xc6 0\x06\x811\x08\x8cA`\x0c\x02c\
\x10\x18\x83\xc0\x18\x04\xc6 0\x06\x811\x08\x8cA`\
\x0c\x02c\x10\x18\x83\xc0\x18\x04\xc6 0\x06\x811\x08\
\x8cA`\x0c\x02c\x10\x18\x83\xc0\x18\x04\xc6 0\x06\
\x811\x08\x8cA`\x0c\x02c\x10\x18\x83\xc0\x18\x04\xc6\
 0\x06\x811\x08\x8cA`\x0c\x02c\x10\x18\x83\xc0\
\x18\x04\xc6 0\x06\x811\x08\x8cA`\x0c\x02c\x10\
\x18\x83\xc0\x18\x04\xc6 0\xcdW\x1e\xb1\xcc\xe3\xf8.\
_\x00nZ{\x93\xf7^\xac\xe9\x1f\x8f\x0b\xc2\xb4R\
\xee\xe7\xbd\x17\xab\xd6z\x93\xfeb\xc9y\x18\xae\xe7\xbd\
\x17-\xa2\xbc\xcc\x17A\x99\xf8?\xe6y\xdew\xf1\xce\
^\xdb\x0d}9\xf10\x0c\x97\xf2\xbe\xab\xd0_\xdf\xdd\
\xc6\xf1s\xbe\x94\x03\xce\xc7R\xca\x95\xbc\xe7\xaa\xf4\x97\
\xca\xc73\xfb\xc9t\xe0\x17\xdc\xcf\xa5<\x8e\xbf \xe7\
\xf2~\xab\xd5\x1f\x13q1w\xa6q|\x18_O\xf2\
\xef\x0d\xfb\x9e~\xc6\xd9Y\xa5\xdc^\xed#J\x92$\
I\x92\xc2O\xd3W\xfc\xb0\x1eq\xd7\xa7\x00\x00\x00\x00\
IEND\xaeB`\x82\
\x00\x00\x08>\
\x89\
PNG\x0d\x0a\x1a\x0a\x00\x00\x00\x0dIHDR\x00\
\x00\x00d\x00\x00\x00d\x08\x06\x00\x00\x00p\xe2\x95T\
\x00\x00\x08\x05IDATx^\xed]Y\xa8\xddD\
\x18\xae\xbb\xb8\xef\x1b.o\xda\x82/\x82\xcb\x83\x85R\
A\xa1J}(\xb5\xa8 \x82\xd6\xaaH\xa9\xa0}\x11\
\x1f\xea\x02\xe2\x82\x85\x82\x0f\x0a*(\x08^\x8b\xd5\x0a\
.\x15\xbd.\x0f\xb6\x90\x9e\xcc\x92\xd3{\xdb\xab^P\
\x1f\xda\xbaP*J\xad\xd5\xeb\xff\xa7IM\xbf\xe4\xf4\
\x9e$3\x93\x9c$\x1f|\xdc\xcb=\xff\xfd\xe7\xcb|\
\x99\xccdf\x923gN\x87\x0e\x1d:t\xe8\xd0\xa1\
C\x87\x0e\x1d:4\x04A\x10\x1c\xaf\x85\xb8)P\xea\
I\xfa\xf9Z \xe5\x98Mb\xf9\x1d\x22LMM\x9d\
@\x06<\xa2\xa4\xfcEK9\xe3\x8a\xa8\xa3\x03a\xb2\
\xd7\xbb\x88*g\x0bV\x96\x0b\xa2\x96\x18\xd4zn\x9f\
\x99\x999\x0a\xff\xdexLLL\x9c\xad|\xff[\xac\
(WD=1\x94R\xe3\xf4\xf9K\xad3\x85\x0e\xfc\
\x13\xac$\x97D=1\x22C8\xa6=\xa6\xd0ea\
1V\x90k\xa2\xa6\x18\x09Cf\xa8_{\xa5\x15\xa6\
\xd0\xc1~\x8a\x15\xe4\x9a\xa8)F\xd2\x90\x88\xcdn)\
\xbe\xef\x9fA\x07\xb9\x1f+\xc85QW\x8c\x0cC\x98\
\xcd5\xa5/\xe5u\x19\x07\xec\x9c\xa8+\xc6\x00C\x9a\
{\xf9\xa2\xfe\xe3V<\xd8*\x88\xbab\x0c2$b\
\xf3Z\x0a\x1d\xf0m\x19\x07\xea\x9c\xa8+\xc6,\x864\
\xaf\xa5\x8c\xba!\xccF\x99\xd2\x04C\x98\x8d1\xa5)\
\x860\x1baJ\x93\x0ca\x8e\xbc)M3\x849\xd2\
\xa64\xd1\x10\xe6\xc8\x9a\xd2TC\x98#iJ\x93\x0d\
a\x8e\x9c)M7\x849R\xa6\xb4\xc1\x10\xe6\xc8\x98\
\xd2\x16C\x98#aJ\x9b\x0ca\xd6\xde\x94\xb6\x19\xc2\
\xac\xb5)u1\x84\xf7\x81\xa16\x86\x94\xf2\x03\x8c5\
\xc4zN\xdd\xd7\xc5\x90m\xbd\xdee\xa8\x8d\xc1{\xc4\
0\xd6 \xebgJ]\x0c\xd1\xbe\x7f\x0bjcp\xcb\
\x09|\xff\xc3T\xbc9\xd6\xcb\x94\xba\x18\x12\x08\xf12\
j\x8b\xc1\x15F\x9f\xcf\x0f\xa4\x5cNzW\x98\xa6\xd6\
\xfa\x12,\xb32\xa8\x9a\x18\xa2\x84\xf8\x9dZ\xc3\x05\xa8\
\xafu\xa8\x8b!!\x95z\x15\xf5\xb5\x0e\xb52D\x86\
-\xe5~\xd4\xd8*\xd4\xd0\x90\x7f\xe9\xe7\x9aZu\xb4\
.Q7Cb\xd2\xfd\xc7\xe74\xba\xba\x06\xf56\x1e\
u5$&\xe9\xeb\xd3\xcf\x17\xe8~d%q\x19\xeb\
\xb5E:\x09.\xc6\xfaq\x0e\x16\x82\x95\xd0Vr]\
`\xfd8Gg\xc8\xff\xec\x0c\xa9\x19;C,\x92F\
k{\xa9\xcf\xf91|*L\x88\xef\xe8o\xbb\x88\x7f\
`\xdca\xff\xd3\x19b\x88\x5c\xe1tSI\xbf\xdf\xab\
\xb5\xbe\x9a\x8e\xe9L<\xce\x18\xdb<\xef\xc2@\x88\x85\
\xe1 A\xa9wU\xe2\xe1\xd6\xce\x90r\xdc\x15(\xf5\
L_\x88\xab\xf0\x98\xf2\x80\xeew\x8e\xeeKy\x03\x99\
\xf4:\xd5\xc5\x22\xfc\xdc9F\xcd\x10\xba\x14M\xd1\xd9\
}\x17?\xbe\x8d\xc7\xd2\x08\x8c\x8c!B\xfcF|\xc0\
\xf3\xbc\xe3\xf0\x18\x1a\x85\x111d=\xf5\x0d\xe7\xa3\xf6\
$z\xbd\xde\xb9\x81\x94K\xa9OXK\xf1\x1f\x13w\
\x84&J\xf97\xb5\xaa}\xc4_\xe9\xb3m\x14\xf3\x1e\
_\xea\xf8\xf2\x14\x04\xc1)\x98\xa7r\xd4\xd9\x10\xaeH\
\xaa\xbc\x87Ps\x0c\xba\xb3>YsG\xee\xfb_F\
s`\xa9\x1cG\x22\xfd\xcf_l\x10\x19\xb7d||\
\xfcX\xcc_\x09L\x19B\x9d\xe2W\x94k\x01\x8fp\
Lq\xd0\x19<99y*\x19\xf58\x95\xfb3\xea\
(L\x1a\xa9Q\x99+*7F\x190\x84.\x05\xc1\
\xa0M\x0a\xa6\x11\xe9\xfd\x095\x18\xa3\xef\xcb\xc0\xf7\xaf\
\xc7r\x9d\xc1\x84!\xc4U\x98\xd74\xb8\xb5\xd0}\xc3\
\x9b\x19e\x1b']\xca\xfe\xe1\xb7 \x8d\x8d\x8d\x1d\x83\
:\xac\xc3\x88!B\xdc\x83yM\x82\xcc\xb8\x94;\xe4\
T\xb9\xb6)\xc4&\xbe<\xa2\x1e\xab0b\x88Ro\
c^S\xa0\xd1\xd5<\x9e\x02I\x959\x0c\x85\xd8\xca\
S\xf6|\xc2\xd0Y\xffC\xea\xf3a\xe8\xfb\xdev\xcf\
;\x07uY\x83\x11C\x0er\x95\xe9U>n\x19E\
\xcd\xe0\x11\x1a\x8d\xc2\xce;\x94K\x88\xf9\x18\x93\x83[\
xD\x97\xd4f\x0d\x06\x0da~O\x15\xb8\x01\xdf\x16\
7\x1by\x1e\x0ao\xf8\xb8\xcf(u\x99\x12b\x22\x99\
\x8f\xfb\x83TL>n4}\xc2e\xc2\xb0!E\xb9\
\x1au\xd1\x19\xf9FF\xdc\xd0\xe4\x91\x1f\xe6\xc4\x98\x02\
L\xe94\x8e\xaa\x0d\xa1\x162\x8dCf\x13\x9a,\x19\
\xb2\x9fN\x94+1\xafQ\x988\xf8\x92|0\xa9\x87\
G5\xda\xc0}\x86%C\x98_[\xbdtUi\x08\
\xafELOO\x9f\x98\xd4\x13\xdd\x81\xa7b\xf3\xd2\xa2\
!\xdc\xaa\x17cnc\xa8\xd2\x10\xea\xcc\xd7%\xb5D\
sS\xbbSq\x05h\xd3\x10\xe2\x16\xccm\x0cU\x1a\
\x82\xfb\xae4O\x14f\xc4\x15\xa1eCx\xee\xeeZ\
\xcco\x04\x15\x1a\xb2\x9bW\xeb\x92Zx\xd66#\xae\
\x10m\x1b\x82\xad\xdb\x18L\x1a\xc2\x1b\x0a\xf0\x1ec\x10\
)\xfe\xd1\xa4\x0e^\xcf(2\x85>\x88\xd6\x0d\xa1\x81\
\x07\xe67\x02\x13\x86pER\x9e\x15\x98;\x0f\xc8\xa4\
\xa5\x98\xb7\x0c\x1d\x18\xc2\xdb]\xaf\xc02J\xc3\x84!\
<\x0b\x8by\xf3\x22Z\xe9K\xe7.H\x17\x86X\x99\
T5a\x08\x9d\xddwc\xde\xbc\xa0\x0a\xfc\x08\xf3\x96\
\xa1\x0bC\xa8\x85<\x8fe\x94\x86\x09C4\xf4\x07E\
p\xa4\xd7\x9c\xf3R+\x9d\x8d\x8ag^\x87%\xf7S\
X\x06\xc6\xccJ!&\xa8\xfc\x03\xa8\xe7\x10\x85\xd8\x80\
e\x94\x86\x09C\xe8\xe0\xb7{\x9ew\x12\xe6\xce\x03\xde\
\x84\x80yC\x0a\xb159k\xeb\x1aT?sI\xc3\
\xce\x94.&\x8d\x0a1\xbe4L\x18\x12\x92\xce(\xca\
\xb5\x88w\x87\xa8\x8c\xf5\xf1$\xa76o>\x0du\xe8\
A/s\x16b\x19\xc6\xbaF\xa0\xd4\x13)]2\xbc\
,\xf60\xb64\x8c\x19\x92\x83\xbc\xd9-\xa5C\x88}\
\x18\x17\xd2F\xc7\x99\x13\xa4\xed\xc5\x94.&\x9d\x84\x18\
[\x1aU\x18\xc2\x97\x00\xd4\xa1\x07\xec \xe1\x95>\xde\
tP\xc5\xfav\xf4-CK\xf4\x80M\xdaTw\xe3\
\xf8?\xa5Q\x89!R\xfe\x89:\xa2\x0e\x14\xe3\x0a\xd3\
\xc5(+k\xe0P\x1a\x15\x19\xc2\xef69\xec\x99t\
\x1ae\xbd\x8f1e\xe8\xc2\x10j\xbdOa\x19\xa5Q\
\x95!T\xee\x82\xa4\x0e\xde\xde\x891e\xe8\xc4\x10\xa5\
\xee\xc42J\xa3*C\xe8\x12\xb5\x12t,J\xc5\x94\
\xa0\x0bC\xac<$Z\x99!R\xaeO\xea\x0875\
\xf0\x0d`:\xae\x10\xad\x1b\x22\xc4$\xe67\x82\x0a\x0d\
IM\xbf\x07\xbc\xf19\x1dW\x88\xb6\x0d\xe1\x9d\x8d\x98\
\xdf\x08*4\x84\x17y\x16&\xb5DC\xccT\x5c\x11\
\xda4\x84g\xb7\x85\x10\x97c~#\x08\xaa\xfcB\x17\
x\xd9\x0c\xef<\xd7\x07\x1f\xd0L\xc7\xe6\xa4MC\xf8\
-w\x98\xdb\x18x)\x12\x0btE:\xd3\xf6\xf2w\
`%\xf5(~\x7fUFl^\xda4\x84\xbf&\x0a\
s\x1b\x83\xe7y\xa7\xebA\xf3Hn\xf8XRO\xd8\
J|_f\xc4\xe5\xa2-C\xe8~\xe9-\xcck\x1c\
\xba\xda\xaf\xcd\xdb\x85;\xccy\xaa\x84\x1f\x09\xc8\x88\x1d\
\x9a\x96\x0c\xd9\xc3\x8fUc^\xe3\xa0\xcb\xc4\xcd\x19\x85\
;#U\xfe\xb3\xa8)\xfc\x96\xea\x8c\xd8ai\xc3\x10\
\xeao\xef\xc0\x9c\xd6`\xf9E\x93Gdx\xff\xa1\xf5\
\xbc\xa4\x9eps\xb4\x10\x9b06\x07w$\xf3\x85\xdf\
\x82\x9d\x8e\x19\x9a<\xe3\x9b\xccg\x1d\xfd~\xff,>\
\x08\x14\xe2\x8cBl\xc5g\xcf\xc3m\xa5\xbcr\x87\xb1\
\xc3\xf1\x00\xb5\xfc\xb9q\xae2Cj\x9eD\xc4{&\
'\xe0\x09?\x12\xfe\x0d\x0arE\xba\xcc\xacEM\xfc\
\xb0\x8c.\xfa\x95\xe2B\xec\xe4\xc5\xa5h=#s\x0a\
}6\xb2\x19x\xa28E\xf8\x9e\x5c)\x1f\xd6\x03\xd6\
'l\x93*\xf0>\xd4\x14m1\xdd\x88\xb1\xb6\xc9F\
V\xd22\xb2\xc0\x0f\xd0\xd0u\xfdF\x12\xb6\x86o\xe0\
p\xa3\x9b-\xf2\xb02k$\xc3;\xceI\xcbj\xed\
f\x88\xbe\x87\xb4,E\x0d\x1d2\xc0S\x16\xda\xe20\
=|\xd7|\x9d^\xac<\x0a\x08\xdft-\xe5b\xea\
s6c\x85\x16!\xcfM\xb1\x11V\xef\xc0\xdb\x82p\
\xeaG\xa9u\xba\xc8C>BL\xf2\xfd\x8e\xb5\x89\xc2\
\xb6\x83\x87\xb9\xfa\xe0#\x0d\xcfEK\xc2_\xc4\x9b\xde\
\xa85}F\x7f{\x87\xfe\xf64\xaf\xf4YY\x5c\xea\
\xd0\xa1C\x87\x0e\x1dJ\xe0?\xd98NP(\xde[\
\xc4\x00\x00\x00\x00IEND\xaeB`\x82\
\x00\x00\x07\xad\
\x89\
PNG\x0d\x0a\x1a\x0a\x00\x00\x00\x0dIHDR\x00\
\x00\x00d\x00\x00\x00d\x08\x06\x00\x00\x00p\xe2\x95T\
\x00\x00\x07tIDATx^\xed]Y\x88\x1cE\
\x18\x8ex\xdfF1\x1ex@\xc4\x03\x14D\xbc\x10\xf5\
A\x8d\x8a\x8a>\x08^`\xf0E\x0cx\xc5\xfb@\x1f\
\xd6\x0b\x11\x14\x0fH\xe2\x15AE\x03\xeb\xf1\xe0\x85\x1a\
u\xd5\xc8\xba\x91a\xba\xaa\xba'\xbbf\x8dy\x88\x82\
\xa8\x0fQI\xd4\x80\xae\xdf\xdf\xe9\xda\xed\xf9\xa6;\xbb\
+3=\xdd\xd5\xf5\xc1\xc7\xccv\xfd\xd5\xf5\xd7\xffu\
]\xdd\xd5\xb3s\xe6xxxxxxxxxx\
xx8\x82(\x8av\x0a\x95:/2\xe6A|\xbe\
\x14i=\xd8Kr\xf9\x1e\x09\xc6\xc7\xc7w\x86\x00\xb7\
\x1b\xad\x7f\x0d\xb5\x9e(\x8a\xec\x87\x070\xd6l\x1e\x8c\
\xe0\xac\xe6`\x15A\xf6\xc5\x02\xad\xe7\xca\x89\x89\x89\xed\
\xf8\xb8\xf3\x18\x1d\x1d\xdd\xcf\x04\xc1w\x1c\xa8\xa2\xc8\xfe\
X\x18c\x86\x90\xbe\xa4v\xa2\xa0\xe2\x1fq\x90\x8a$\
\xfbc\x91\x08\x226\xf5\x11\x05\xdd\xc2\xc5\x1c\xa0\xa2\xc9\
>Y\xa4\x04\x99\xc0\xb8\xf6|-DAeWr\x80\
\x8a&\xfbd\x91\x16$\xa1\xdb-%\x08\x82}P\xc9\
-\x1c\xa0\xa2\xc9~Yd\x08\x22tW\x94\x96\xd6\xa7\
fT\xb8p\xb2_\x169\x82\xb8\xdb}a\xfc\xb8\x84\
+\xdb\x0f\xb2_\x16y\x82$t\xaf\xa5\xa0\xc2\x97e\
T\xb4p\xb2_\x16\xd3\x08\xe2^K\xa9\xba B\xa7\
DqA\x10\xa13\xa2\xb8\x22\x88\xd0\x09Q\x5c\x12D\
XyQ\x5c\x13DXiQ\x5c\x14DXYQ\x5c\
\x15DXIQ\x5c\x16DX9Q\x5c\x17DX)\
Q\xea \x88\xb02\xa2\xd4E\x10a%D\xa9\x93 \
\xc2\xd2\x8bR7A\x84\xa5\x16\xa5,\x82\xc8>0\xf6\
M\xa0\xb5~\x97m\xbb\xc4r\xde\xba/\x8b k\x9a\
\xcd\xc3\xd97\x81\xec\x11c\xdb.\xb2|\xa2\x94E\x90\
0\x08.b\xdf\x04\xd2r\xa2 \xf8\xa0\xc3\xbe{,\
\x97(e\x11$R\xea9\xf6\xcdB\x02\x86\xf43\x22\
\xad\xaf\x85\xbf\xd7u\x9ba\x18\x1e\xcae\xf6\x0d\xa6$\
\x82\x18\xa5\xfe@k8\x90\xfd\xab\x1d\xca\x22HLc\
\x96\xb3\x7f\xb5C\xa9\x04\xd1qKY\xc4>\xd6\x0a%\
\x14\xe4_|\x0e\x94j\xa0-\x12e\x13\xc4\x12\xeb\x8f\
\xcf0\xbb:\x99\xfdu\x1ee\x15\xc4\x12\xfe\xb5\xf0\xf9\
8\xd6#7\x81\x97\x8b\xbf\xbd\x22.\x82C8>\x85\
C\x1c\xe1 \xd4\x95\x12\x0b\x8eO\xe1\xf0\x82L\xd1\x0b\
R2\x96B\x10\xe9\x97\xd9\xb1\xda\x12\xb1\xe0\xf8\x14\x86\
0\x0c\x0f0A\xf0:\xa6\x99\x7fv8VSJ,\
\x22\xad_\xc3\xe0>\x8f\xe3\xd5S@\x8c#\xe0\xc0\xf7\
\xec\x90gB\xa5\xd6\xa1\xfb\x9a\xcfq\xeb\x19L\x9f\xdf\
'\xac\x02\x8d\xd6\x9fr\xdcz\x024\xc73\xb9p\xcf\
l\xca\x1df\x8e_\xd7\xd1\xe3\x07>N\x11c\xcam\
\x1c\xbf\xae\x03\x05\x0dp\xc1\x9e\xb9\x1c\xe0\xf8u\x1dR\
HF\xc1r\xef\xe8+\x8c-s\xebH\xa9;\xc7\xa3\
\xef\x82\xc0\xb1!\xb6\xad\x0b\xa4\xee\x1c\x8fJ\x0b\x12\xbf\
\xc9k\xcc\xb3\xc9\x95\xb6\x1a\xdf_\xc5\xf9\x16\xb0]\x1a\
k\x1a\x8d\x83`\xfb0\x06\xce/\xc3 h\xc4\xd4z\
\x95l\xd1\x91\x89\x07\xdb\xaf_\xbf~\x17\xd8<\x85\xf4\
\x11\xd8\xdd\xb7\xad\xdb\xf3\xc9\x0f!\xac\x02\xdf\x8c\xa2\xe8\
0Ng8#H\xfc\x13NA\xf0B\xf2\x0c\xa3\xe3\
\x9c\xe0\xfb\xe3##{q>\xf9\xd9'\x94\xf7[\x86\
}\x9a/\x0f\x0f\x0f\xef:\x99G\xeb{\xdb\xd2\x95\xba\
\x22}N\x0b\x11\x80\x16\xbb\x1f\xb2\x0d\xc3\x09A\xe4\x0a\
EKx\x9b\xcf\x93\xc1\xe1F\xa3\xb1\xa3\xcd\xb7&\x08\
\x8e\x94\xe7\xe7\x19v\x1d\x84\xddC6\x9f\x08\xcf\xe7\xb5\
iiD\xc6<\x9a\xb6Ck\xf9\x96m\x18N\x08\x82\
<7\xf39\xf2\x88 \xdd0\x99\xcf\x98\xe5\x9c\x9eG\
\x13\x04oL\xe6S\xeaRNo)u\x82M\x17\xc4\
\xbf\xf5\xa5\xf5\xcfd\xf7t\xda&\x0b\x95\x17D\xba\x12\
\xe4\xf9\x85\xf2K\x17tG\xfc I\xeb\x1f\xe8\xfc\xcb\
l\xde\x8e4ie\xc9\x83'\xfc}'\xbe\xff\x94\xa4\
m\xc1\xb1\x0bl\xbe\xa1\xa1\xa1\x1d\x90\xb6!\x9d\x17c\
\xcd\x8b6=>\xb7RW\xa7\xd3\xa5+\xc59\x8eI\
\xdbd\xa1\xf2\x82\xa0\x1b\xb8\x8a+\x8e\x81\xfdl\x9b\x8e\
@\x1d\x87c\xbf'i\x7f\xa5W\xbc8\xb69\x9d\x97\
\x07\xf0V\xab\xb5\xaf\xb4\x06\xa5\xd4Q\xe9\xe3\x02\xb4\xb4\
\xfb\xc9\xefM\xf0{\xaeM\xc7\xdf\xc3\xe9t\x94\xfbI\
:\x7f\x1e*/\x88\x5c\x99m\xf9\x95\xfa\x98md\xf3\
\x19\x8e/\x84\xed\xd1m\xc7\x95\x1am+W\xa9q\xd9\
$'\xc4\xf7\xc7Dl\x8c9\xbb\xa5\xf3X\xc8\xbe-\
\xd8\xfcM~\xdf*i\xd2}q\x9dDX>G\x16\
*/\x08\xec?\xa7\xbcw\xb3M\x1ep\x95?\xc0e\
31\xb5\xfd1\xdd\xe2\xd2@\xfa\x0a\xb2_+\x13\x8c\
\x8c\x8bd\x83ts\x9c?\x0b\x95\x17\x04\x95\x0f\xa8\xf2\
\x0b\xd9&\x0f2\x0dF\x9e\xb5\x5c>3\x9e\xba\x86\xe1\
I\x9c?\xf3\xe6(\xa6\xc0\xf8\xdc\x94>&\xdd\x1b\xe7\
\xcdC\xe5\x05\xe1\x0a\xcc\xa6\x85\x08\x92\xee\xeck\xf6!\
\x83\xab8\xaf\x00S`\xddV>M\xa3\xa5[\x9b\xcd\
\xb6T\xaeO\x8a\x03l\xdbuH!\x19\x05\xcfJ\x90\
\x8c5\xc1J\xb6\x91\xd7\x0b0\x1e\x5ccrf9I\
7sN\xec\x0fV\xf92\x86\x84\xdc\x15b\xb2 \xbf\
\x94\xcayq|\x11\xfbO\x5c\xc1y\xb6\x85\xca\x0b\x92\
5\xcb\x92\xe0\xdat\x0c\xb0\xc7\xda\xabV\xae\xd6\xf4L\
J\x06y\x8c\x11O\xe2\xf8=<xK\x9f\x1fwU\
\xed~\x9d\x96\xb6\x11\xe0\xea\xdf\x03i\x1b\xb9\x0e\x96<\
s\x9b\x0e\x95\x17$Y\x87\xb4-\xc0d\x9a\x8b~\xfb\
.|_\x1c\xf2ZC\xeb\xa5\x92olll\xcf\xd4\
:C\xcal%\xaf\x18\xc4\x1b\xd5\xd0\xf2\x1ea\xbfd\
e\xcf\xe5\x0b\xd0\xaa\x9ea\xdb\x98\xe8\xce\xd8v:T\
^\x10\x01\xeco\xe4s\xe4\x11A\xbf>\xc9s\x22\xa7\
m\x8b\xf2;\xc2y7\x11\xa5+\x94\x96\xd9\x91\xe7\x7f\
l\xd6vB\x90d\x0cx\x8b\xcf\xc3\x94;\xc0v\xfa\
\x99\xb4\xac\x99o\xae\xc8\xb9\x81h!\x0b?\xca\xb3Q\
\xba3\xb6\x9b\x0eN\x08\x22\x88_7\xdb\xba\xa0\xeb\xb8\
R\x13\xbe#\xddT:\x0f\xca\x99\x0f~\x93a;\xe5\
\x8bR\xff\x98\x19\xcc\xdc\xf8\xf7\x86\xd1e>\xc163\
\x813\x82X@\x94Sp\x8e%\xd2\x1a\xe4y\x05>\
_\xc1\xb1\xb3\xd8\xcebppp{YE\xcb\x1e\xa8\
x\xfa;\xf5<Dn},\x83\xd0\xc7s\x9e<\x84\
[\xffq\x80<#Y\x8arw\xe7\xf4\x99\xc09A\
\xaa\x8eR\x0a\x12_\xdd\x19\xcf\x9b\xeb@\xa9;\xc7\xa3\
\xef\x82xfr\x80\xe3\xd7uH\x9f\x9bQ\xb0g\x06\
M\x11\xfb\xb2\xe4\xd9\x04\x17\xec\x99\xcd(\x08N\xe7\xf8\
\xf5\x04\xc6\xef\xed\x9d\x96\x85\xed\xed\x15@\x90\xf9\xe8\xba\
\xd6\xb1\x13\x9e[)w\x08$F\x1c\xb7\x9e\x023\x8b\
y\xf1\xfe)\xff~H\x9a\x9be\x0d\xd5l6\xf7\xe7\
x\x15\x86\xd0\xbfA5\xc5~\xbeAea\xfc;\x86\
\x93\x94Xp|\x0a\x87\x17d\x8a\xa5\x10\xa4,\xff\xd0\
\xa5\x0c\x94Xp|\x0aGrc\xb0\xc3\xb9Z2c\
SE\xe1h4\x1a{\x87%\xf8\xa7`\xfd\xa6<j\
\xce\xda\x18\xde\x17\x84%\xf8\xb7y\xfd\xa6,\x969.\
}\x03\x9c\xb9\x90\x1d\xac\x1b\xd1u\x9f\xcfq\xe9+z\
\xfcC\x93\xe5\xa61\xefq<\xfa\x8ex\x93\xf3\x0cv\
\x14:\xc8\xb5\xf2L\x84\xe3Q\x0a\xc8-\x830\x08\xbe\
\xc8p\xdaU\x0e\xcff\x87c_\x10o\x5c\xd0\xfa\x96\
\x90\xde\xffp\x8c\xb2\xa7lq\xde\xafi\x97\x12\xf2\x1a\
\x1a\xe6\xe5\xe7\x86\xf2\x84\xd1\x98\xe5\x10i\xb0\xcaL\xde\
\xdc\x1a@\xf7\xb4 \xfd\x8a\x9d\x87\x87\x87\x87\x87\x87\x87\
\x87\x87\x87\x87G\xd5\xf1\x1f\xfc\x8d\x18\x94\x00)\x1b\xf2\
\x00\x00\x00\x00IEND\xaeB`\x82\
\x00\x00\x04\xca\
\x89\
PNG\x0d\x0a\x1a\x0a\x00\x00\x00\x0dIHDR\x00\
\x00\x00d\x00\x00\x00d\x08\x06\x00\x00\x00p\xe2\x95T\
\x00\x00\x04\x91IDATx^\xed\x9d\xcbk\x13Q\
\x14\x87\xab\x05A\x11\x5c\xaa\xa8\xb8\x13\x14Aw*b\
\xe9F\x91\x8a\x0fD\x17\xfe\x05R\x5c)B\xa1\x8a\x14\
\x95.\xc4\x85\xadv\xe1\x03\xbap\xa1d\xa1\xa8\xff\x81\
HE\x0c\x99\xfb\x98\xd6\xd7\xc2]A\xc1.Ul5\
\x9e\x13\x9bfz:M&2\x999\xf7\xce\xf9\xc1G\
1\xb9\xcd\xdcs\xbey\xc5I']]\x12\x89D\x22\
\x91H$\x12\x89D\xe2AJ\xa5R\xb7\x0d\x82\xde\xd0\
\x98\xab\xa1R\xe3\xa1\xd6\xa5N\xa3\xb5~l\x8d\x195\
\xc6\x9cWJm\xa3s*l\xacR'\x8dR\x9f\xac\
\xd6\xd5<\x81\x15\xe1%\xc8\xd9G\xe7W\x98T\xab\xd5\
\x15\xd0\x88\x9b\xb41y\x02+\xc6o\x902@\xe7Z\
\x88@\xf1WhC\xb8\x00s\xbb\x83+\x0c\x9d\xb3\xb7\
\x09\xc3p\x17\xae\x8d\xb4\x11\x9c0Z\xdf+\x8c\x148\
\x98>\xa1\x0d`\xca\x98\xf7R`\xebX\x0b[\xc7\x8f\
\x98\xe2Y\xe2\xfd\x96\x02\xa7\x9b{i\xd1\xdc\xf1Z\x0a\
\x9c\xc5\x1c\xa7\x05;\x82\x9f\xbb/\x10r:\xa6X'\
\xf0rKqY\x08\xe2\x9d\x14\x07\x84\x0c\xb7:\xe9\xf0\
J\x0a{!A\xd0k\x95:T\x18).\x08\xc1y\
\x16F\x8a+B0\x85\x90\xe2\x92\x10\x8c\xf7R\x5c\x13\
\x82\xf1Z\x8a\x8bB0\xdeJqU\x08\xc6K).\
\x0b\xc1x'\xc5u!\x18\xaf\xa4\xf8 \x04\xe3\x8d\x14\
_\x84`\xbc\x90\xe2\x93\x10\x8c\xf3R|\x13\x82qZ\
\x8a\x03B\x8e\xd09'\xc9\xa4\xd6\x87[I\xb1\x1c/\
rq\x17\x82\x9fj\x84\xa6\xad\xa4\xf3N\x92DR\x82\
\xe0\x16\xfd\xbd\x5c\xc3]\x08\x02\xbb\x97\x0a\xeebB\xa5\
\xee\xb6\x0b4\x5c\xd3\xd7\xa3\x80\xb4\xb3\xb4/\xb9\xc5\x05\
!\x19\xf0]k\xbd\x99\xf6&\x97\x88\x90\x7f\xc0\xd6t\
\x9b\xf6&\x97\x88\x90\x05\xbe\xfc\xef\xb1*\xd5\x88\x90\x08\
\xd6n\xa7\xfd\xc9<\x22$\x82\xb5\x07i\x7f2\x8f\x08\
i\x00\xa7\xd8\xa7h\x7f2\x8f\x08i\x80\xbd\xa0\xfd\xc9\
<\x22\xa4\x81\x08a\x86\x08a\x86\x08a\x86\x08a\x86\
\x08a\x86\x08a\x86\x08a\x86\x08a\x86\x08a\x86\x08\
a\x86\x08a\x86\x08a\x86\x08\xc9\x8f\xb7\xc0 \xd4~\
\x02\xe8\xc3\x0f9\xe0\xedEB\xad\x8f\xd1\xfed\x9e\x22\
\x09\x81Z\xa7Q\x00\xed\x01\xab\x14E\x08\xac\xfd\x9f\xd9\
|\xb2\xa4Y\x0a\x22d\x16oAEkg\x99B\x08\
\x09\x82\xfb\xb4nk\xedzx\xee\x22p\x1dz\xd0C\
\x9f\xcf-E\x10\x02\xbb\xaa\x03\xd1\x9a\xc3Je\x07\x1c\
\xc8\xbf\x91q\x97\xa2cr\x8b\xefB\xa0\xf1\x7f`w\
\xb5jQ\xcdA\xf0\x8c\x8e\x03f\x95R\x9b\xa2\xe3r\
\x89\xefB\xacR315O/\x19\xa7k\x07\xfe\xa3\
tl\xe6\xf1^\x88\xd6_i\xcd\xf8X\xcc8yc\
\x98\x11\x22\x84\x19\x22\x84\x19\x22\x84\x19\x22\x84\x19\x22\x84\
\x19\x22\x84\x19\x22\x84\x19\x22\x84\x19\x22\x84\x19\x22\x84\x19\
\x22\x84\x19\x22$\x0f\xf0\x12-\xfc\x1c\xc4o{\xc0K\
\xb5\xf8\x17\xb5\x06\xbfh\xc0\x98QZ\xb3\x15!\x9d\x03\
\xafw\x00\xd7\xe85\x8ff\xb1\x22\xa4\xa3\xf4\xd3\x9aZ\
\xc5\x8a\x90\x0ea\xccCZO\x92X\x11\xd2\x11\xe6\xa6\
*\x95\xad\xd1Z\xf0\xd6\x18\xf0x\xbfU\xea)\x1cG\
\x1e\x84A\xb0;\xfa|=\xb6\x0d!\xe5ryMh\
\xccex\xbd\x170f\x04\x8eM[\xe8\x98T\xe3\xaa\
\x10h\xd0+Z\x0b<\xfe\x88\x8c\xfb\x05\x07\xfb31\
\xe3\x12\x09\x99\xffd\x8a]4N\xa9\x99\x8eJ\xa9\x9d\
\x89\xc4L\xce\x01\xc6\xa2u\x80\xa0\x9d1c\x909*\
\xc5&\x10\x822\xe0\xdf\x93t\xcc<#\xd1\xd7K5\
\x93Z\xef\x89Y\xa0\x0b\x0cG\xeb\x80\xe6\xf5\xc5\x8c\xa9\
\xb3H\x8am!\xa4\x85\x0c\xe4yc\xc9)\xc7\xb5\xaf\
\xcd\xab\x83\xc7\x08R\xc7\x06\xa8\xe3'\x1d\x17aA\x8a\
m\x22$\x81\x0cd0\xba\xec\xd4\xe3\xd0\x17K6P\
\xea=\xad\x03\x84\x5cX2n15)v\x19!p\
\xf0>\x97@\x86\x9d\x98\x98XM\x97\x9dj\x5c\xf8\xea\
\xd58\xe0,j?\xad\x05\x1e\x1f\xa2\xe3\x08s\xc0l\
\xcc\xe3\xf8&\xb3\xe9\x9e\xc2h\x1d\xe2\x16D\x97\xd9\x91\
\xe0\xa9\x1d\x9d\x80\x03\xbc\x89{\x87n[Ki\x9bL\
e`\xf0\xfe\xb5\xb0\xe0\x1bt\x22\xdc\x09\x95\x1a\x8f\xbb\
\xf7\xaeMQJ\xe62\xa2\xc1\xd3`\xd8\xcf~\xa0\x93\
\xe2\x0c\xde\x0e\xb6SRr\x95QO\xa9T\xea\x061\
=0\xa1!\x5c\x03\xf1f\xc6\xdcY\xee\x0e\xd8X\x03\
mrRX\xc8\xf01\xb0r\x0d\xd0f\xb7D\xa9w\
S\xe5\xf2F\xfaZ\x92\x94\xd2\x96\x14\x91\x91M\x12I\
\x11\x19\xd9\xa6\xa9\x14\x91\x91Ob\xa5\x88\x8c|S\xfb\
\x7f+\xa5^\x83\x8c\x8fx\xdd\xbd\x5c.\xaf\xa3c$\
\x12I\xda\xf9\x0bk\x9d(\xaf~V\xda.\x00\x00\x00\
\x00IEND\xaeB`\x82\
\x00\x00\x04X\
\x89\
PNG\x0d\x0a\x1a\x0a\x00\x00\x00\x0dIHDR\x00\
\x00\x00d\x00\x00\x00d\x08\x06\x00\x00\x00p\xe2\x95T\
\x00\x00\x04\x1fIDATx^\xed\x9d\xcbk\xd4P\
\x14\x87\xab\xe2k!*\xf8^(\x8a;\xd1M\xd1\x85\
\x22\xbaP\x14\x15\xc1\x7f@D\xc4\x85\xba\x17A\xa4K\
\xc1\xb5\x88\x8b\xba\x10A\x98\xa5.\x14\x06\x14\x15F\x94\
0\xb97\xc9\x94)]\x14_+\xd1\x8d\x05\xb5\xd5\x8e\
\xe7Ng\xda\xf1t:\x93tn&'\xc9\xef\x83\x8f\
\x94\xd2\xe6q~\x93\xdc$ss30\x00\x00\x00\x00\
\x00\x00\x00\x00\x19\xc0\xf3\xbc\xf5\xbe\xef\x1f\xf7\x95\xbaH\
?_\xa6\xe9\xb9j\xb9\xbc\x8d\xff\x1d\x88\x99\xc0u\xf7\
\xfbZ?\xf1\x94\xfaM\xd3Z\xab\xf4\xbbi\x9a\xbe\xf1\
]\xf74\xff?`\x19\xc7q\x96S\xb1\xef6\x8a\xfe\
_\x10\xed\xa4\xbd\xe6%9\xc8\xe7\x03,\x10\x04\xc1\x0a\
*r\x91\x17\xbd\x9b\x14\xde_:\x94=\xa2\xff\xdf\xce\
\xe7\x09z\xc0\xf7\xbca^\xec(R0?\x03\xa5n\
\xd3^\xb6\x96\xcf\x1bD\x84\x0e;Gx\x81\x17+\x05\
\xf3\x8d\xe6w}lll%_\x0e\x08\x89\xbf\x88C\
U7\x03\xadG\xcdY\x19_\x16\xe8\xc2\xa8\xe3l\xa0\
\x02N\xf1\x82ZS\xa9\xb7t\xd6v\x88/\x17,\x00\
\x1d\xf7O\xcc+\xa2e\xcdY\x1b\xed1\x05:\x94\xed\
\xe2\xcb\x07\x0c*\xd2\x05^\xc0\xb8\xa4`~i\xad\xef\
\x98\x0bN\xbe\x1e\xa0A\xe0yWy\xe1\xe2\x16\x0d\x7f\
\x07\x92\x08\xa4\xa9\xa7\xf5\x07:\x94\x9d\xaf\xd5jK\xf8\
z\xe5\x96$\x03i\xf1\x1d\x1d\xca\x0e\xf3u\xcb%B\
\x02\xa9K\xa1<\xadT*\xbb\xf9:\xe6\x0aI\x814\
\x9c\xa43\xbf\xfb\xe5ry#_\xd7\x5c 0\x90\x19\
\x95\xfan\x1a\xfe\xf1\xf1\xf1U|\x9d3\x8d\xd8@\x1a\
\xd2\x19\xd9\xc7\x5c5\xfc\xd2\x03iJ{\xcb{s\xcf\
\x8d\xaf\x7f\xe6HK -\x16+J\xed\xe1\xdb\x91\x19\
R\x18\x88\xb1\xde\xf0\xfb\xbe\xbf\x99oO\xeaIi \
u\xa9}\xf9A\xd3\xa1R\xa9\xb4\x9aoWjIs\
 \xb3*\xf5\xc9t\xc2\xa0\x86\x7f)\xdf\xbe\xd4\x91\x89\
@\x9a\xba\xaeC\x1e\xe5\xdb\x98*2\x15\xc8\x9cE\xda\
c\xf6\xf2mM\x05\x19\x0d\xc48e\x1a\xfe \x08\xb6\
\xf0m\x16M\x86\x03i:\xe1\xa7\xa9\xe1\xcfA M\
?\x9b\x86\xbfP(,\xe35\x10E\x8e\x02\xa9\xebi\
M\x9b\xec\x9d\xe2u\x10C\xde\x02i\xb1H\x17\x96\xfb\
x=\x12'\xc7\x81\xd4{]j\xad\x1f\x8e8\xceV\
^\x97\xc4\xc8s -N\x98^\x97\xd5ju\x0d\xaf\
O\xdfA sR\xfb\xf2%\xf1\x86\x1f\x81\xcc\x97\x82\
\x19\xf1\x95:\xc3k\xd5\x17\x10\xc8\xc2R0\xcf\xfa~\
\xab\x1f\x81tu\x92jt\xb3o\xdfX\x22\x90p\x9a\
\xdb0\xbcv\xb1\x80@\xc2K\x0d\xfe5^?\xeb \
\x90\xf0\x9a/\xc4\xe8\xbae\x13\xaf\xa1U\x10H4)\
\x94[\xbc\x86VA \xd1\xa4@\x14\xaf\xa1U\x10H\
d\xff\xc4z+\x1f\x81D\x97\xda\x91\x9d\xbc\x8e\xd6@\
 \xd1\x1d)\x97w\xf0:Z\x03\x81D\x16\x87,I\
\xa2Q\x17\xa6\xb9\x8d\xc2kh\x15\x04\x12^sa\x18\
\xfbs+\x08$\xbc\x81\xd6Wx\xfd\xac\x83@B{\
\x8f\xd7.\x16\x10Hg\xbd\x991\xc3n\xe0\xf6\xbb\x00\
\xf1\x05\x95\x10\xf1\x15\xae\x10\xd1\xc9A\x8e\xe8\x06$A\
t\x94\x93%\xba\x92J\x10\x9d\xad\xe5\x88\xc7\x11\x84\x88\
\x07v\x84\x88G\xda\x04\x89\x87>E\x88\xc7\xa2\x85\x88\
\x81\x03d\x88\xa15\xe4\x88\xc1g\x04\x89\xe1\x99$\x88\
\x01\xcc\x84\x88!\xfe\xa4\x88A0\xc5\x88ab\xdb\x14\
%\x111\x90\xf2\x80\x98@0\xd4x\x93$\x03\xc1`\
\xfcmH\x22\x10\xbc\xae\xa2\x03\xf4\x09\xbd\xc4\x0b\x16\x97\
x\xa1K\x08\xcc\x1b;y\xe1l\xeb\xcd\xbc\xa8\xf2q\
\xacO\x1ee\x05s?\xc8\xf4\xbe\xe0E\xb4%\x9d\xc2\
\xbe&\x0f\xf0\xe5\x82\x0e\xd0'\xf7\x05/d\xaf\xe2\xb5\
y=@\xc7\xf4c\xbc\xa0=\xf8\xd5\x8cx`\xde\xab\
\xcb\x97\x03\x22@\x9f\xe6\x07m\x8a\x1bZ\x0f\xaf^\xb5\
\x8b9\x05\xa5\xc2>\xe7\x85\xeef\xbd\xfd\xc1\xcb\x89\xe3\
\xc1\xf4Y\xa2\x22\x0fEh\xe4KtRp\x90\xcf\x07\
X\x86\xda\x80A\xf3\xa9o<\xac\xc2\xf7\x88i:U\
~%\xba\xf7_Vq]w]E\xeb\x93\xe6\xe2\xd1\
t\x22\xa0\xe9YQ\x1d\x93\x01\x00\x00\x00\x00\x00\x00\x00\
\xcc\xf2\x0fy\x872 \x197\xd3\xb9\x00\x00\x00\x00I\
END\xaeB`\x82\
\x00\x00\x09\x06\
\x89\
PNG\x0d\x0a\x1a\x0a\x00\x00\x00\x0dIHDR\x00\
\x00\x00d\x00\x00\x00d\x08\x06\x00\x00\x00p\xe2\x95T\
\x00\x00\x08\xcdIDATx^\xed]\x09l\x14U\
\x18\xc6+\xdeG=\xd0\x18\xef#\x80\x01\xef\xfb\xc0+\
FE\x83\x1a5\x1e\x18\x0d\x12Q\x0c\x185Q\xa3\x06\
!\x1eI\x131\xde\x02\x22\x1e\xd1D\xa9$\x1a\xa3\x06\
E-H\xacD\x9b}3ofiM\xc1z\xa2@\
\x14\x8c\x22Z*\xf5\xfb\xdeL\x9b\xe5\xdfmw[\xb6\
\xbbov\xde\x97|\xd9cf\xfe\xf9\x8f\xb7\xf3\xde\xcc\
\xff\xbf\xb7C\x8688888888888\
88\x18tuum\x1d\x86\xe1~\xa1R\xc7j\xad\
\xc7h\xcf\x1b\x8f\xd7\xfb\x02\xdf\x9f\x16z^}\xa8\xf5\
\x13x\x9d\x1d(5'\xf4\xfd\x06\xd2\xbc\xc7w\xf1\xb6\
z\xee\xcbc\xe2c\xc7@\xde1\x94I\xd9\xf2|\x0e\
1|\xdf\x1f\x9a\xf5\xfd\xf3\xe0\xb0\xc9\x81\xd6\xb3\xe0\xc4\
%\xda\xf7\x7f\xc6k'\xd85H\xdc\xc8s h\x9f\
\xe3\xfdL\x9e\x9b:d2\x99}\xa4~5\x0f\x18?\
\x1c\xad\xf9v8b>\xb8\xaa\x80\xb3\xaaK\xcf\xfbU\
+\xf56\xdeOBc\x19&\xf5O<xy\x08\x82\
\xe0\x02\xb4\xc8W\xe3\x96\x9f\xef\x04\x8bI\x9d\xa9;m\
H\xf4\xa5.\x9b\xcd\x1e\x01\x83\x1e\xc5\xf5\xfb\x07id\
R\x89\xc0|\x0f{\x1eAp\x0e\x97\xf6Z\x0b*\x8b\
\x9f\xfd\x1bP\xfc?iP\xad\xd0\xd8\xa6\xf5\xeb\xb8\xa4\
\x1d*\xed\xb7\x06\xf89o\x85\xfe\xe1.(\xbc^\x1a\
P\xc3\x5c\x8f\xfe\xf0N\xda.\xfdQU444l\
\xc3\x16S@\xe1\xb4\xf05\xab\xfa\x17\x8c\xff\x1f+\xa0\
d\xaa\xc8\xbeE\xfa\xa5*@\x9f\xb1/\x94\xf9G*\
\x986\xc2\x07\x1b\xac\xb8\x8f\xc1\x0d\xd5ER\xb9\xb4\x92\
\xbe\x90\xfe\xa98B\xa5N\x92\x8a\xa5\x95\x18\xd4\x9c \
\xfdSqp\x84\x81>\xc4\x97\xca\xa5\x8d\x18\x02+k\
F[Pf$Z\xc7\x1fR\xc9\x14q]\x98\xc9\x1c\
%\xfdRU\xa0s?\x1a\x81\xf9\xae\x80\xb25M\xdc\
\x87\xb4\xa31\x8e\x92\xfe\xb0\x02mK\x97\xee\x86\xd1\xc6\
sPt\xa3T\xbc\x06\xd9\x81{\xafgZ[[w\
\x95~\xb0\x0e\xcb\x94:\x12\xca\xceEp\xfe,`H\
\xa2I\x9bp%x\x89\xcf\xea\xa4\xdd\xd6\xa3\xa9\xa9i\
G\xfc\x9c\xaf\x86!\x0ba\xc8&i\x5c\xa2\xa8T3\
l\x99h\xfd/\x22\xf4\xbc\x0bC\xado)6\xc2X\
\x96\xc9\x1c\x0c\xc3&\x98\x07\x8fZ\xaf\xcc3\xd82\x9a\
T\x01t\x05o\xa6\xee\xd2\x9e\x5c\xd0v\xfa\x80\xbe\x90\
\xdb*\x8e\xf8\x17\xd0\xc5\xec\x1bx\xb2\xdc\xde\x1b0\x08\
\x18A#x\x1d\x86\xf1\x9fB\xc6j\xe9\x94\x0ar\x95\
\xd1\x01\xbaP'&\xd1\xa4\xbe\xbd\x017\x83\xa7\xe0\xf8\
%\x94C_\xc8\xed\x15Gw@\xba\x89\xcf\x8d\x18y\
\x5c\xd9\xd8\xd8\xb8\xad\xdc\xb7\x18\xf8\xe8\x81\xa9T\xc8\x99\
\x80K\xdcT\x0e\x10 \xeb]|n\x8as\x11\xfd\xee\
\x93x\x0c\x8f\xa5\x0c\xb4\xf6w(\x93\xb2\xd9\xf2\xd1\x80\
\xce\xfd\xa6\xb9yo\xa9G1\xd06\xe8u\x15m\xdd\
\xec\x5c6\x06\xa4\x87\x9e\xf7#\x0c\x7f\x88\xc3ay\xcc\
\x96\x82\x0e\xc1y\xebZZZ\xf6\xc2\xeba&\x07\x03\
\xf2}\xfc]\xdd@\x1aD1\xd0\x16c\x13l\xcb\xb3\
\xd7\xfa\x80\xe4\x90cu\xb4\xc6gM\x7f\x13\x86\xbbH\
\x19\xb6\x82\x1d8u\xe6\xaf\xaa\x94{\xac\xc4\x04D\xb0\
\x93\x8fZX\xae\x03C\xc7\xb34\xa7\xbd\xbd}\x07)\
\xb7\xd2\xa0\x0e\xd4\xc5\xe8\x14\x95\x17\xf1qP\xbf*_\
\x92\x1a\x90<\xea(\xdd\xfb-\xb8\x00|\x9aY8\x5c\
\x16\xae\x81c\xceTJ\x1d\xd2\xd6\xd6\xb6\xbd<o\x7f\
A\x19L\xb9R\xa6\x91\xcds\xe0\x5c<\xa7\xb9\xdb.\
C\xca\xb9f\x02R\x22\xff\xc6\xb9V\xa2\x83^\x06\x87\
~\x89\xcf\x0bc\xbe\xd7S(\x87\xf7=\xdfs\x1f\xcf\
k\xe11<\xb6\x80\xbc\xb23m\x01\xb1\x9e. \x96\
\xd1\x05\xc42\xba\x80XF\x17\x10\xcbhE@0\x92\
\xb9B*\x96Z\xc2\x17\xd2?\x15\x07S\x97y\x8a\xa5\
\x95A0B\xfa\xa7*@\xcb\xf88O\xb9\xf4q\x81\
\xf4K\xd5\xc0YIAt\xa7-\x95L\x05\xb5R\xcb\
Y0(\xfdRUP\xa1@\xa9\xc5R\xd9\x14p\x11\
g\x81I\x7fX\x0139\xc7\xf7'\x056\xce\x8c*\
79\xd3\xca\xf3n-\x96)\xb5\x02|\xc4\x0ee\xef\
\xc600\x9bgH\xc2\xa9}?\xe4\x83I\xfc*v\
\x96v[\x01NE\x90\xdf\xe5\x22Nq\xce\x04\xd7J\
\xe3\x12D\xea>\xb3X\x8a\xba\x98/*\x02\xa6k\xd1\
j\x9elnn\xdeIn\xcbE\x9c\xe5;\x0d\x86=\
\x10DOd+\xf2\x04v\x80\xe4\xa4#\xeax?~\
\x09\xa7\x16\xcb>\xd2v\xf4\x9fO\xd1\x17r[\xc5\xd1\
s\xa7\x1e\xa5l\xc7C\xb9\xed\xe4>\x85\xc0\xfcD\xa8\
\xd4\x19\xbc\x0e3\x9b\x08\xc3?\x83\x9c5\x05\x9c3\xd8\
\x5c\xcd\x02\x07\xea@]089\xbd\xd4\xfc\x0bm\xa5\
\xcd\x90\xf1\x13eYq\xa7.\x1f\x9d\x98Y\xab\x9e7\
\x95Ca\xb9o)\xe0\x88\x85N\x81\xdc\xcb\xc1\xc9\xa1\
\xd6\x0f\xb3\xe8\x0e|\x1f\xf2\xbf\x86l\x0f\xc1_\xc1\xa4\
\x12^\x7f\x0f6\xbf\x14\xae\xe5w\xf1\xb6\x15\xdc\x172\
\xbe2\xc7B\x06eQ&e\xf3\x1c\x03\x9d\xcfA\xdb\
\x98[\x97\xb3\x8a\xad\x0cH\x8fr\x9e\xf7/\x9c\xfb\x16\
\xb3shI\xbb\xcb\xe3\x92\x06\xa5\xd4\x1e\xb4\x05\x81\x9d\
G\xdb\xa4\xbd\xd6\x07D\xb0\x83\x97\x05\xcdI\xa1Ap\
b\xa9\x97\xb5j\x82:RW\xea\x1c\xd7\x8du\x14\xb0\
+\xb1\x01\x91d\x87\xce\xe2\xb2\x19\xb8\xbc\x5c\x9b\xf5\xbc\
\xe3\x8a\x0d\x0a\x06\x13\x1c\xc2R\x07\xeaB\x9db\xdd\xfa\
=\xe8Hr@\xf2\x88\xcb\xc0&S\xd0\xc6\xe7bJ\
\xcd\xc1w\xd3Me\xa3R\x97\xc0a\xc7\xb3@\x01\xe7\
\xaa\x93\xe7\xef\x0b\xf1T\xed:\x1eK\x19\x90})>\
O\xa4l\x16L\x07\xac9\x8e\x0a\xf0\xcaRw\x5cS\
\x01\xe9'\xd7\x05,=E\xc7m:o\xa5\x96\x9b\xe7\
I\xf1g\xb3-\xdaG\x1e7\xa8Ls@\xac\xa4\x0b\
\x88et\x01\xb1\x8c. \x96\xd1\x05\xc42Z\x11\x10\
\x8c\xdd\xc7J\xc5\xd2J\xfaB\xfa\xa7\xe2`1t9\
\x0a\x95k\x80\x9da\x18\x1e$\xfdS\x15\x84\x9e\xf7J\
\x01\x05\xd3E\xad\xe7J\xbfT\x0d&\x1f\x10\xcf\xb3K\
%\x95Z\xcc\x19\xc7\xd2/U\x85\x99\xf0\x12M\xc2)\
\xcbc\x88$\xd0\xd8\xaa\xf5\xacR\xf3'U\x01Z\xcb\
9\x9a9\x88\x02\x06\xd4\x12\xb5\xef/\x85\x9d\xa3\xa5\xfd\
V\x82\x0f\xf5\xb8v\x14\xd7\xbf\xd55\xb4\xb8\x19m1\
\x93\x83l\x98\x8f\xde\x1b\x98|\xea\xab\x14\x86\xb3b\x03\
\xcf\x9b\xc2\x16\x15\xf4s\xce\x9e%\xec4\xba\xc3\x86l\
6\xbb\xa7\xb4\xaf\x1b\xf4\x81\x15\x898\xde\x0c\x81\x1f\xf1\
\x11\xb7\xdc&\xc1\xac\x1b\xf6\xbd\x8c\x05\x01\x01\xb3\xab\x16\
\xf67F'\xe8\x16\x17-\x8c\xa5\xce\xd2\x0e\x09\xda\xce\
\xb4\x81\x157\x86\xddw\xea\xf1\xa5iFk&\xb3\xbf\
\xdc\xa77\xe8(Wq\x16\x8c\xb9MGS\x8f+]\
\xe8\xb0\x86\xe7\xe4\xb9uTl\xc1I\xa6E\x03\xd0\x0d\
\xda\x0a\x193\xba/\xcbV\x05$\x87\x1d\xcc\xa5\xd3\xd1\
r\xdfR\xc1\xf9\xe1\x90;\x9c\x9d&x}\x5c\x98\xf6\
\xb8)T\x88&wr\xdd\xf8\x85p\xe0'\x5c\x14&\
\x97\xe6\xbb\xa8\x84g\xbe\xd9\x17\xc7\xf0X\xca\x00\xaf\x8b\
e\x0e\xdf\x92EdL#\xd2z\x1em\xcd\xb5\xdd\xd6\
\x80\xe42`\xa5\x07\xd7e\xec\xab\x9f\xb1\x1d,\x91\xa5\
\x0d\x9a\xcb\x8c\xc3\xa6\x02v&& \xb9\xca\xaed\xda\
\x14\xad\xf4F\xbc\x0e\xb39@\xd4\x8d:B\xd7\x9b\xa8\
3\x02\xf1\x8b\xb4\xa7\x10\x13\x15\x10I\x18\xf9\x1b^?\
\x08\xb8`\xbf\xd6\xe3X\xe1\xc1\x15\xe9\xa4\xfc\xc1\x06\xcf\
\x19W\x97\x8c\xa3.\xf8%|\x18\xeb\x96\xa7s1&\
: \xbd1.\xb4\xfb\xc2\xfc\x87\x07Gc\xbe\x7f\x0f\
:\xfd\x1bX\xec\xc0N\x17-v$x\x00\xce[G\
\xe6\xde%\xf3}\xf7\xf7p\xf2\x81\xdc\xd7\xac\xdc\x80c\
\x8d\x0c\xca\x8aVo\x98o\xceQ\xe6u\xbbj2 \
I\xa6\x0b\x88et\x01\xb1\x8c. \x96\xd1\x05\xc42\
\xba\x80XF[\x02r\xb1T,\xad\xa4/\xa4\x7f*\
\x0e\x8c\xf5\x87bL\xbfA*\x976\xd2\x07\x03\x9d\x00\
Tv\x98YN\x05\x94L\x19\xa7K\xbfT\x0d\xe6\xe1\
[\x9a+O\xb4\x9ek\xd5\x9f\x82\x11\xe6\x8f]|\xff\
\x0e\xf0\xaf<\x85k\x94\x9a\x0b;{\xde\x14\xe9\x0b\xab\
\xc0u\xd25\xff\xaa4\x99\xe9\xdaR\xb9\x11\x81x\xd9\
\x9a\xc2\xb8R\xc0\x8a\xc6\x80\xb3\xa08#6\xdf\xa0D\
2\xb6eZ\xb1\xc5\xf9\xad\x06\xaf\xad\x18\x89\x9d\xcf\x16\
\x15\xf4\xb2D\xb7\xd5\xa4\xce\xd0\x9dk\xd2[\xd7O\x94\
\x03\xfc\xb3\x17\xe6\xaf\x99\xe6\x95\xf3\xbc-!\x17\x01x\
\x13\xf7\x14\x13\xa9\xab\xd4\xbf\xe6\xc1\xd2\x1a\x18\x7fv\x10\
\xad\x22\xf4\x02\xb8(vJ\xd1i\xc8[@\xca\xe69\
x\xae\xe7\xc1I\xd0at_e>\xa9\x87\x19\xb5\xf1\
_D\xb5\x1e\xc5;`\xa6Sq\xbfs/\x9c\xf7 \
\x86\xd8\xf5\xa6p\x81\xa5\xab\xbe\xff\xa2)^\x03\xcd{\
|\x17o\xab7\xfb\xe2\x18\x1ek\x0a\xf7 \xcb\xba\x85\
\xc6\x1c\x1c\x1c\x1c\x1c\x1c\x1c\x1c\x1c\x1c\x1c\x1c\xaa\x8c\xff\
\x01\x99\x8e\xbd\x14\x0f\x9e\x7fO\x00\x00\x00\x00IEN\
D\xaeB`\x82\
\x00\x00\x06\xe2\
\x89\
PNG\x0d\x0a\x1a\x0a\x00\x00\x00\x0dIHDR\x00\
\x00\x00d\x00\x00\x00d\x08\x06\x00\x00\x00p\xe2\x95T\
\x00\x00\x06\xa9IDATx^\xed\x9dY\x88\x1cE\
\x18\xc7\xe3}\xa3x\x1f(\xfa\xa4\xa2\x22\x0a\x22\x1e\x0f\
A\xa3 \x82\x0f\xa2\x88\xe2\x81\x06\xa2\xa8\x04\xc5\xa0\x12\
\xd0\xe0\x8b(\x01Ab^\x0c\xf8\x22\x1aY\xc1\x0b\xc4\
\x18\xc5%\x22\x8b\xc7d\xbb\xbaz\xc6\xddd\x95\x15\xd1\
\xe0\xad$Q\xccf\xcd\xfa\xffzgB\xcf\xd7\xb5\xb3\
=S]\xd553\xdf\x0f\xfe\xcc\xb2[\xc7\xd7\xdf\x7f\
\xaa\xbb\xaa\xbbfv\xc9\x12A\x10\x04A\x10\x04A\x10\
\x04A\x10\x04A\x182FFF\x0e\xaaG\xd1U\x89\
RwA\x8fi\xad\x9f\x18d\xd11\xa6\xc7\x9a$W\
\xd2\xb1\xf3|TF\x1c\xc7\xe7$Q\xb4A\xc7\xf1o\
I\x1c\xcf\x0d\xa9~\xc5\xf1\xbf\x1cE\xd1\xd9<?\xde\
\x18\x1d\x1d=\xb8\xae\xd4sZ\xa9=\x86\x00\x87R\xc8\
\xc5\xbfx}\xd6\xfb\x88\xa9\xd5j\xc7b\xd8~\xc8\x03\
\x12\xed\xd7&\xca\x11\xcf\x9b\x13\x9a#\xe3cC\x10\xa2\
v}D\xb9\xe2\xf9+\x1d\x0c\xcb\x17\x0c\x9d\x8b\x0c\xc2\
\xf5u-\xcf_\xa9\xa0\x83s\xd1\xd1^\xde\xb1hA\
\xcdb\x16v>\xcfci\xa0\x83\x8d\x86NE\x1dT\
\x8f\xe3\xd7x\x1eKall\xec\x08t\xb0\x9bw(\
ZT\x7f\xe3\x02\x7f$\xcf\xa75Xk\xdch\xe8L\
T@\x98\x91\xde\xc0\xf3i\x0d\x1a}\x94w$*\xac\
\x95<\x9f\xd6`v\xf5\xbc\xa1#Q\x01\xd1\x02\x9a\xe7\
\xd3\x1a\x18\xf2\x12\xefHTL\x94;\x9eOk\xc4\x90\
\xde%\x86\x04&1$0\x89!\x81I\x0c\x09Lb\
H`\x12C\x02\x93\x18\x12\x98*1Dk\xdd\x80n\
\x1dR5x>B0d\x94\xd7\x19\x16\xe8\xd8y>\
\xc4\x90\x0a\x11C\x02C\x0c\x09\x0c1$0\xc4\x90\xc0\
\x10C\x02\xa3/\x0d\xa1McI\x14-\xd5l\x0e_\
\x8f\xe3\x9b\xbe\xae\xd5N\xe3\xe5MDQt\x5c\x92$\
\xd7\xf16\x5c\xaa\x1eE\x97-\xb6\xe1M\xf7\x9b!\xb4\
!\x1b\x89\xdf\xc6\xebd4\x93(\xf5\x00\xaf\x97%\xdd\
d\xa1\xd4\x1f\x86\xba>\xf4U\xbd^?\x95\xc7\xd4\xa2\
\xef\x0cA\x227\xf3\xf2\x06\xcd\xa2\x8d\xf3x]\x22\x1d\
\x19\xd5\x99\x91\x0ao\xaa7x\x5c-\xfa\xca\x90\xf4T\
E;\xf8\x0cu\xb80\x8a\x1e\xe4\xf5\x09\xb4\xbd\x8c\x97\
\xf5.\xbc!x\x5c-\xfa\xca\x10\x02u\x7f\xe7\xe5\x8d\
R\xea6^\x97h(uI\xae\xac\x7fm\xe7q\xb5\
0\x18\xf2\x0b\x8e\xe5[\x1d\xc7?\xe2\xe7\xbd!\x1a\xf2\
\x14/\xcf\xa5\xa3\xe8\x1b\x9c\x16\x8e\xe2u\x89\xb9\xb9\xb9\
\x03\x0d\x07\xedUu\xad\x1f\xe2q\xb5\xc0\xdf\xd7C\xab\
\x10\xe3E\xb5Z\xed\x90\xec\xdf\xa6\xa6\xa6\x0e\xebt\xfd\
\xe9\x19\x1bC\x9a\x09\xa5\x8dvIz-\xc8*\x8e\x7f\
Hh\xcfp\x92\x9c\xc9\xebe\xa1\xcf[\xd4\x95Z\x87\
8\xa6rm8Rsd\x7f\x01-\xc71\x1c\xc0c\
\xaa\x14\x1bC\x04\x07\x88!\x81!\x86t\x86N\xb9\xb8\
\xce<\x83\x5c\x8c\xe1t\xf7\x13^g\x90\x93\x1dX?\
m\xc1\xef\x1f/\xfd:\x22\x86\x98\xa1\x8fi\xe8\xf9}\
\xcf3<'L\xbbQ\xee\xe9\xd2>\x10*\x86\xe4\x19\
\x1f\x1f?\x09S\xdb\xcfy.:\x09\xe5?\x98\x9c\x9c\
<\x86\xb7\xd55bH;\x98\xa2\x9f\x9c\xd0\xac\xd1\x90\
\x8b\xc5\x84\x05\xf0;4\xf3\xe4mv\x85\xad!\x08\xe2\
\xeet-\x11E\xb5\xac\xf0\xbb/i:;11q\
\x02\xaf\x93ezz\xfap\xf4\xb3\x06e?\xe5m\xb8\
R\x1a\xafa:\x8e\xdf\x9d\xa2\x17\xd9\xd8\xb0\x98P\xff\
a\xdenW\xd8\x18\x023\x1e\xe1\xe5sRJ\xd3\x22\
\x8a\xd7m\x812\xef\xe5\xea8\x14\x8ew'}UH\
.\x8e\x12\xcch\xeag\x5c\xe8\x8f\xe6\xed\x17\xc6\xc6\x90\
\xe6\xac#W''\xa5n\xe6u\x09\x9c\x1e.\xcc\x95\
u(\x0ff\xcck\x81[E\x85\xe8\xd5\x10\xba\xb9\x88\
\xba\xff\xf1\xf2&-t{\x02\x81_\xcf\xcb\xba\x927\
3HJ\xbd\xc2\xfb)L\xaf\x86\x10x\x87\x7f\xc6\xcb\
s\xa1\xfd}\x18\xc2\x17\xf3\xba\xc4\xb6Z\xed\xc4\xc4\xc3\
'\x80S3\x94\xba\x9a\xf7\xef\xc4\x8c8\xbd\xa5\xff\x09\
\xef\xab06\x864\x94\xba\xa0y\xe73W/\xad\x0b\
3\xf0\xba\x9a\xd7\xcb\x82\xf6\xef@\x99\x7fx\xdd\xb2\x84\
\x18v\xf94#\x95R[y\x7f\x85\xb11\x84\xa0\x0b\
\x18.\xee\xb7\xa0\xdc\x8a6)uo\xd1o;HW\
\xc3q|{\xae\x8d\x12\x84w\xeb\xa5\x86\xfe\xdc\x99A\
Rj3\xef\xb30\xb6\x86\xf4\x1b\xce\xcd\x98\xd7\x8b\xbc\
\xdf\xc2\x0c\x93!\x9e\xcc\x98\xa3\x0d\x1b\xbc\xef\xc2\x0c\x8b\
!\xbe\xcc\xc05\xb5n\xf5\x8ce\x18\x0c\xb1\xb9\x1d\xd2\
\x8dh\x12\x83|-\xe3\xfdw\xc5\xa0\x1b\xe2\xcb\x8c\xa6\
\xd6\xf0\xfe\xbb\xc6\xd6\x90@6\xca\x19\xbf\x04\xc6\xd7i\
\xaa\xa9\xf5V\xa7\xaa\x166\x86\x84\xb0Q\xae\x92uF\
^\xe5\x98A\xd8\x18B\xf3m^\xde g\x1b\xe5\x06\
\xce\x0c\xa2WC\xaa\xde(7\x90f\x10\xbd\x1aB\xe8\
\x8a6\xca\x0d\xac\x19\x84\xa5!\xde7\xca\x0d\xb4\x19\x84\
\x8d!\xbe7\xca\xa1\xaf\x1d\x03m\x06acH\x08\xf8\
\x5cg\xd0\xf7\xc0;5\x83\xe8gC\x06\xce\x0c\x82\xbe\
7\x90w\xde&\x9b{\xfb\x0e\x19\xa8\xd3T\x16t\xb6\
\xd2\x10\xc0~a\x04\xed\xa1'{\xbc^\x95\x0c\xac\x19\
\x04\xdd\xe20\x04\xd1.\x9bg\xc4%C\x8bI\xba\xa3\
\x9a\x8b\xd1\x8d\xfc\x9aA\xd0n;=\xff\xff1x0\
\xed\xd2\xfa\xd5\xc5fL>\xc04\xfa\xdd\x5cln\xe4\
\xdf\x8c\x16\xe8\xfc}C@9\xc1\xb8}\xb8\x90~\xc7\
7\x9e9\xd4\xd2l\x9c8M]\xc1cr\xa4\xea\xcc\
 \xe8\xc0\x0dAU\xad\xd9F\xa3q<\x8bs\x83\xa1\
\x5c\xd9\xaa\xd6\x8c\x16I\xc1Q\xe2Qc\xd9\xf8(I\
\xc9\xfcb\x93\x97+M\xde\xa6\xb6E\x98\x1c\x1f?=\
q|\xc0]\xaa\xeda\x0f\xed\xed2\x94)MA\x99\
\xd1\xa2y\x8ev\xb6G\xaa\x1b5\xe2\xf8\xf2\xb6\xd8\x94\
z\x92\x97)Qa\x9c\xa6L\xd0\x1dX\x1c\xfc\xf7\x86\
\xa0\xbd\x89\xee\x22\xf3\x0f\xc0\xa4\xbb\xe3\x0dem\x15\xe4\
\xc8\xe0(\xa5\xce\xc0\xf4\xf2M\x9aU\xf1\x03\xf0\xa4\x8d\
\xd9x\xd2\x07Yn\xfe%S\xb8#\xc3\x04\x9d6`\
\xcc\xeb\x08\xfc/\xc3\xc18\x13\x16\xab\xf7d\xe3\xa0\x9d\
\x91\xbcL\x09\xea/3\xb2\xe0\x82z(\xdd\xf6\xc6\x8a\
\xfdN\x1c\xc8*\xba\xff\xe5Rt\xd30\xdb?\xdd)\
0$\xd4F\xfdkF\xd5P\xe2:m\xe8\xeeV}\
q\xcd\x08\x99^\x1f\xf3\x9a$f\x94\x00\x12\xb9\x9a'\
\xb6\x17\xe1T\xb8N\xcc(\x81$\x8a\xb6\xf0\xe4v\xa9\
?\xb1\xbeZ\xc1\xdb\x15z\x84\x12jHrGa\xba\
\xbe3\xd1\xfa-\xfc\xbc\xdc\xea\x03\x98B\x1e$u;\
O\xb8I\xf4\x8c\x04\xb3\xb3\xb5\x98\xaa_C\xb3B\xde\
\x8eP\x12\x98\xf2\xde\xc7\x93\xdf\x1c\x05\xbb\xf0\xb7\xb7\xf1\
z?\x0c8\x8b\xd7\x13\x1c\xd2\x5c\x18n\xa2\x0fS\xd2\
(\x80\xae\x95Q \x08\x82 \x0c\x0b\xff\x03\xdfu\x8f\
?\x89`A\xc6\x00\x00\x00\x00IEND\xaeB`\
\x82\
\x00\x00\x0ad\
\x89\
PNG\x0d\x0a\x1a\x0a\x00\x00\x00\x0dIHDR\x00\
\x00\x00d\x00\x00\x00d\x08\x06\x00\x00\x00p\xe2\x95T\
\x00\x00\x0a+IDATx^\xed]Y\xac$U\
\x19\x06\x15\x01E\x05\xc4@\xd4\x18\x18\xf6M\x90E0\
\x06AIX\x86E \xa0\x22\x12\x09\x13\x89\x0f>\xf1\
\xc0\xfe\x80!\xc48\x18\x01e\x18\x978r\xd9\xc6L\
\x08\x10x 8\xc6\xe1i2\x0fM\xd7\xa9s\xea2\
\x17\x07\xbc\x02\x032\x8c\x06B\x86A\xe1\xc2\xf0}\xd5\
\xd5\xd0\xf7\xef\xd3\xb5\xf5\xa9\xb5\xfbK\xbe\xdc\xb5\xfe:\
\xe7\xff\xeal\xff\x7f\xea\xf4N;M\x11\x8bM\x1b6\
|6P\xea\xeb\x81\xef\x9fg|\x7f\x99\xd6\xfa\xaa\x88\
\x97\x04\x9e\xf7\xcd \x08\xf6\x93\xd7L\xe1\x10\x9dN\xe7\
s\xa1\xb3\x95\xfa3\x04\xf8\x87V\xea}|\xdd\x91\xc0\
\xcd\xe0C\x10\xed\xc7\xb8v/is\x8a\x1c\xf0}\xff\
d\xed\xfb\xf7\xc0\xb1\xdb-\x0e\xcf\xc2w\xb4\xe7=\x88\
\xd6s\xa2\xbc\xc7\x14)@!\x8cR\x7f\xb58vl\
\xc2\xf6\xe3J\xa9C\xe4=\xa7\xb0`vvvo\x08\
\xb1*e\x974\x0e\xdf\x09\xb4\xbei\xcd\x9a5\x1f\x97\
e\x98\x22\x02\x9e\xdc\xd3!\xc6\xab\x16\xe7\x15\xc9\xa7\x8c\
1\xfb\xca\xb2L<\xe0\x98\x1b\xc1\x05\x8b\xc3\x0a'\xc6\
\x96\xe7 \xca\x81\xb2L\x13\x09v\x19p\xcaJ\xe9\xa4\
\xb2\x89.\xf2\xdf\x13/\xca\xbau\xeb>\x01g\xac\x96\
\xce\xa9\x8aQK\x99\xcc\xee+l\x19J\xdd/\x9dR\
\x03>5q\x03=[\x06\x06\xf0\xbfX\x9cQ\x17\xde\
(\xcb\xdcZ\xd4\xb8e|H\x8c'\xff{\xc6\xf3\x0e\
\x96eo\x1d\x1a\xd02>\xa2R\x8f\xc8\xf2\xb7\x0a\x05\
\x88\xc18\xd5\xf2(\x98x,\xbe.\xc1\xa2\xf2 |\
]\x8a\x05\xdf\xcf\xf1\xb7\x7fZ\xaeIM.La\xeb\
hY\x8fV\xc0\xa5\x18\xda\xf7\x9f\xc1\xd3{\xee\x8e\x1d\
;>&\xef3\x88\xa8k\xfc\x1e\xfe\xff\x05i#\x03\
g\xa4\xdd\xc6\xc3\xa1\x18\x0bxj\xaf\xebt:\xbb\xc8\
{\xc4\x81Qb\x5c\xbb\xd6b/\x0d\xb7\x05A\xb0\x87\
\xb4\xd9X\xb8\x12\x03B\xbc\x89\xee\xe3li?-\xe0\
\xd4O\x9a\x9c\xa2\x04\xbe\x7f\xa9\xb4\xd7H8\x13\xc3\xf7\
\xff3\xab\xd4\xd7\xa4\xfd\xac`>\x04]\xd8K\xd2~\
\x12\x99\x7f\x91\xb6\x1a\x07\x97bp\xc0\x96\xf6\xf3\x02\x82\
\x5c.\xef\x91H\xa5\x9e\x97v\x1a\x85\xba\x8aAp\xfc\
A\x174/\xef\x95\xc4\xb9\xb9\xb9\xcfH[\x8d\x80\xc3\
E\xdf\xeb\xc6\x98\x13\xa4}\x17\xc0\xc3r\x9b\xe5~\xb1\
t\xd1e\x96\x8e:\xb7\x8cAD\x9b\x22\x86\xee\x1bG\
^#\xed\xd4\x1aMh\x19}\xe0\xa19\xcar\xdfX\
6j\xa6\xd5\x94\x96\xd1\x87\xe7y\xfb\xcb{'R\xa9\
+\xa5\x9dZ\xa2I-\xa3\x0fL\x7f\xbfa\xb9\x7f<\
\x95\xfa\xbe\xb4S;\xb0e`\xc1v5\x0a|3\x17\
m\xe0\xf1\xe0aX\x84\x1d\x83\xb9\xfb\x99\xf8\xfe\x0a\xfc\
\xedW\xf8\xfeo\xf8\xbam\xa8\x92\x11\xcbj\x19}0\
\x9c\x22\xcb\x90\xc4q\x16\xa5\xa5\x01\xdd\xd4\xa7\xe5\xefF\
a~~~\xb7Y\xdf?\x0b\x95\x9bah\xbb*1\
\x08\xdcw\x85tx\x121\xcb:R\xdai\x0d\xb8\xc5\
3\x14\xa6\x021\xd8\xc5\x86\xb9s\x8b\xd3c\xb8\xb0i\
\xd3\xa6]\xa5\xad\xd6\x81\xfb\xaf\xe4\xef\x8a\x06\xba\x9e\x0b\
,\x0e\x8f%\xae\x99\x95v\xa6p\x00\x06\x181}}\
V:<\x89\x18\x03\x7f+mM\xe1\x00\xa6\xb7\xefk\
\xc8\xe1ID\x0b\xf9\xae\xb4U[06\x84\xc1\xfdP\
\xcc\x5c\xce`\xe6\x0e\x15X\xc6ET\xd85`\x1a\xcb\
\x5c\x84\xbc\xa6\x0a0\xa1e\xf2m\xc2{c\xfd\xfa\xf5\
\xbbK{\xb5\x01\x07\xb7\xb0r\x9ew\x07\xe8\xa3\xc0\xef\
Z*\xb1\x88\x0c\xe6A\xb4{!\xd2eU\x04\xe9\x18\
\x87b>E\x96+\x15=\xef\x8f\xd2^-\x10\x85\x1b\
V\xa2b\xff\x1d*t6n\xa78h=_\x95\xf7\
(\x02\x5c\x13q6g)G\x22\x99S\xaf]P\x11\
\xce;\x0e\x85{\xcc\xf5N\xf4\xd0\x9eR\x8f\xa0\xd5,\
\x91\xf7t\x05\x8a\x81{m\x95\xf7NK\xd4\xfdqi\
\xb32\x84\xd95\xdf\xbf\xdb\xe4\xebwS\x13\xc2\xbc\xcd\
<y\xd2\x86\x85\xac@\xf9\x8f6c\x88\x01.\xf0a\
\x94v+\x01*s\xaa\xe9m\xb1\x91\x85,\x92k\xbb\
\xdd\xee\x17dY\xf2 \x12\xe35\xcb=\xb2\xf0ni\
\xb7\x12\xa0 \xd7\x9b\x82[\xc5(r\x8d\x80\xa7\xf2\x00\
Y\xa6,\x88\xc6\xba-\xd2vFnf\x0f!m\x97\
\x0av\x19&G\x8c\xa7\x00n\x9e\xebv\xbf(\xcb\x97\
\x06\x8c7\x99\xf1\xc5x\x17b|K\xda.\x15\xb5{\
%@\xeb'e\x19\x93\x10t\xbbG\x18\x07o^\x05\
Z_#m\x97\x0aW\xc9%\xd7\x84(\xc7\xcb\xb2\x8e\
\x02\xa6\xd0\x87\xe7\x08\x18\x0e\x116\xee\x92\xb6KE]\
\xc5\x88x\x83,\xaf\x0d\x10\xee0'bx\xde\x83\xae\
gz\x99Ps1\xc8\x15\xb2\xcc\x12\x0c\xd9@\x90W\
,\xd7f\x22\xc5\xa8\xf4\x05\x9d\x06\x88\xc1\xbe\xfc\x17\xb2\
\xdc\x83\xe0;\xe6X\x81\xbf,\xaf\xcbJ\xcc\xec\x1eh\
\x95\x18t\x0a\xc3\xd3\xf8~\x19\xec\x9e\xc2\xbe\x7f\xd6\xf7\
\xbf\xc3\xa3,\xc2#0r\x0e\xb4\xb8\xfe|Y\xf6>\
\xf8\x22\x8d\x0b1\x8c\xd6\xf7\xb5G\x0c\xcf\xeb0o\x9e\
\xd4\xef2R\x0a\x91~f2LG\x19\x8c\x1c\x95\xa1\
\xe3\xfb\x1f\xc6\xc1\xa2\x95\xf1\xb4\xb6\x88\xf1\x16\xb8,I\
\x08\x09\xdc\xfb\xcbx\xaa7X\xecI.0\xf7.\xaf\
'B1rl\x96\xb6p\xa6\x15b\x84\xdd\xd3\x18\x07\
\xb7\x84\xa1{\xad\xff$\xed\x0ep\xdb\xa8\xed6|\x7f\
\x1c\xb3\xa9\x17-\xd7d\x22\xbb\xd1\xac\x0f\x93S\xb8\x12\
\x83\xdd\x087\x98I\xfby\xc0X\x19g6\xa6\xf7\xca\
\xd9V8Z\x81\xbf\x1c\xb5BgD\xd8\x85\x18\x10{\
U\xa5b\xb8\xda\xc4Fg\x14\x19&\x8fC\x10\x04_\
1c\xbe+\x18\x12-\xb35bTu\xdcDk\xc4\
p\xd5M\xc5\xb5\x0c\x0e\xd2\xf8\x9f\xe5\x10]\x87\xfb\xab\
z\xef\x5c\xac\xc6\xec\xeb4\xf9\xbfy\xc0\xee1\xcf{\
\x1c\x92(\xdb\x1fZ#\xc6\xa8\x96\x01G\xfd\xc0\xc4\x9d\
\xee\x86\xbez\xd4\xb45\x0dx\x8e\xa2\x8b\x158Z\xc6\
\xef \xc6\xce\xd2~ip%\x06\xa7\x96\x9cbJ\xfb\
\x04Z\xc09\x10\xeb\xbd\xa1k\x049\xc5\xc5X\xfd%\
y}\x1c\xc2\x14\x80R?e\x16Q\xda\xcb\xc1\x95\xed\
\x10\x03\x8b\xaeQbp\x7fn\xa6u\x00V\xe9\x5c\x14\
\xf2:ik\x10\xe1x\xd7\x13Z\x0d\xd9\xc8\xc7\x15\xad\
\x10\x83\xeb\x8c\xb8\xf3=\xe0\xe0\x8b\xe45\xa9\x08a8\
\xff\x878W\xa0\x9c\xa73\xbc\xc2$P\xa0\xf5O\x0c\
\xcf\xc9\xca\x19^\xb1\x91!\xf4\xd6\x88\x91t(\xa4\xe1\
 n\xb9\xb66\xd4\xfa7\xed\x10\x03\x03(\xec\x1c*\
\xedK\x98\x1a\x9c\xfa\x16\xc3;+\x15#\x1c\x00\x1d\xa4\
]\x99\xdca\x92G\xda\xb7\x81'x\xca\xeb\xeb@\xb4\
\xee\xdb+\x15\x830\x0e\x9e\xd60\xd3f\xcc\xe1\xd2\xf6\
(0\x8e%mTM\xd4\xe1\xd7\xb2\x9c\xa5\xc3\xe4\xdc\
\xc5\xbd\x88\x1ch\xbb\xdd#\xa4\xed$\x98\x82\x0e6\xce\
Ct\xb3\xb7\xc9\xf2\x95\x0e&\x7f\xcc\xf8\xfb\xa6\xb6\xe4\
}E\x8b\x01@\xe3 \x1f1\x0e5\xcf\xb1R\xea:\
Y\xb6\xd2\xb1q\xe3\xc6\xcf\x87\xdd\x8c\xa5\x90\x19\xb8\x05\
O\xd6Q\xd2v\x16Da\x8d\xcc/\xbe8\xe2vf\
#e\x99*\x01\xb7\xc6[\x0a\x98\x85\xafiG'\xa4\
=\xdb\xe9\xecSz\xf7\xa5\xd4\x5cY\xbb\xe6\x13\x81\xae\
\xea\xa44!\x8b\x18nu%F\x1f\x9c\xe9\xc1\xe6\xb5\
\x8eB\x1d#\xa9\xf9\xd6\xae\xe7\xdd\xda\xe9t>%\xcb\
P\x190\xb5{B\x164\x03\xb7rk\xbe\xb4\xe9\x0a\
\xe8\x02\x0f\xc0\xa2\xeca\xf6\xed\x96{\x8f\xc3\x05&\xb2\
\x92\x16\xac\xa5\x83\xaf\x86Y\x0a\x9b\x8aah\xbc@1\
\x06\xc1\x16\x88{\xce\x98^\xde}\xa8,\x19\xc8\x0d\x11\
w\x8e\x8a\xa9U\x8e\x84<\xf4H\xe2\x89}\xb3\x8a7\
\x80xF!\xc4\xf9\xa1\xee}\x08Kb\x82\x09\xe5\xfc\
?\xc6\x87\xa79\x8d\xc5\xd73\x18\x81\x906k\x03\xf6\
\x9bt\xac\xacD\x0a.\xc0)K\xa5\xbd*\xc0\xcf\x8a\
b@\x91{\xad\xc2\x5c\x8aRW\xe2\xe7K\x18hd\
0\xb3\xd6\x02H\xa0\x02\x17[\x9c\x9d\xc8Z\xcc\xd3\xdb\
\x08\x93'D\x82\xe9a\xd6\xa3T\xa7H\x098w\xe3\
\x90\xc3\x13\x18\xb7\x0d\xb3(TqLF\xe9`\xa6-\
\xeb\xda\x83\xa1\xf4\xb2\x93\xfa\xe11\xdf\xbdW\x8fgZ\
\xfd\xd9\x81\x5c\x95J\x87'\xb1\xecs9\x06\xc4\xe8=\
\x10\x981\xf9\xbdC\x02\x96f9\x01\x81\x03\xbf\xfc]\
\xed\xc0<\xb3tx\x129{\x91v\x8a\x82\x14\xc3\xc2\
\xb7 \xce\xdf\x19\x22g\xfa\x96{v\xf1\xf3q\x8c\xa5\
qm\xc5\xae\x15\x7f\xbb\x85\xab\xfdF\xcc\xb4\xa2\xed6\
\xb2\x92\xb1d\x88E\xda)\x02)\xc4HE\xd4qM\
#\xc4 8_\x97\x15H\xa2\xab\xfd\xb7qp%\x06\
\xd3\xcf\x8d\x11\x83@S\xbeLV\x22\x89y\xf3\x1ci\
\xe1J\x8cF\xb5\x8c>\xd8\xc7\xca\x8a$1(\xf0\xc0\
_Wb4\xaee\xf4\xc1p\x83\xacL\x0a.\x97v\
\x5c\xc0\x95\x18\x8dl\x19}p*(+\x94D\xccZ\
^t\xbdJ\x9f\x8a1\x00\x0c\xec\xcf\xcb\x8a%R\xa9\
\xcb\xa5\x9d\xbcp%Fc\xbb)\x89\xe8\xc3\xdc\x87*\
\x18G\xb6\x12\xcc\xb6\xf6\x94\xb6\xb2\x22<\x89m*\xc6\
b0\xaf +\x98\x92ky\x0a\xa7\xb4\x97\x16\xd1\xe6\
\xe7<a\xffEl\x95\x18\x04\x93=&\xe6\x98\xee\x04\
\xae\xcd\xdaR\xc2\xa3T{;\x14\xc7\xddj\xd4>1\
\xfa0\xbd\xb4\xe8P\x85\xd3\x10]\xce\x0b\x5c\xf1'9\
&<\xf1Y\xeb\x0b\x5cm\xefi\xad\x18\x04\x83\x8c\xe3\
n \x80\xa3\xe7\x197\xc2\x80\x7fn\xf4\xe1\x8bK8\
FP,\x88v\xbb\x1e\x7f\xbf\xd7\x87l\xb5\x18}\xc0\
q\x8f\xca\x8a\xd7\x91\x13!\x06\xc1'Z\x17\xbc\xffi\
\x5c\xb6b\x9d\x91\x05\xc6\xc5&\xeb\x8281-c\x10\
\xcc\x04F\x1f\x8e2\xe4\x90*9q-c\x10\x18\xe0\
\xf7\xd5\x9e\xf7\x9ctJ\x85\x5c=\xb1b\xf4\x11\xce\x92\
\x1c\xce\x8a\xc6 \xdfv-5\x7f_[\x84\xa7\xe3T\
\xd7R\xb8\x09\xefZY\xa6\x89G\xd8}i\xbd\xce\xe2\
\xb0\xc2\xc8]-\x18\xc7\xbe-\xcb2E\x04\xae\xb0\x19\
\xea\x08\xf7\xc7Z\x1c\xe8\x8a\x5c\x98B\x88\xdf\xeb\xaaO\
|n\x0a\xb8e\x1f\x8e{L:\xd2\x05\xb1\x92\x7fb\
\x9c\x83\xcb&\x1a\xd1\xf6\x9a\x07\x1c\xb4\x18\x9e\xee\xb6\x8a\
\x07\xc1\xc8{L\x91\x03\x8c\xf2\xc2\xa1?\xe2\x82\x0d\xfc\
\x97\xc5\xe1\x8b\xc8\x1d\x92a`\x11\x22\x80\x171\xca,\
mN\xe1\x10\xfc(\x08\x08s2\x9c}!\xc6\x81\xab\
H\xd3\xfb\xbc\xa8\xf3\xd8\xaa\xaa\xf8(\xa2\xa6\xe1\x03\xc1\
\x96\xd9\xe8\xebj\xe2\xb1\x00\x00\x00\x00IEND\xae\
B`\x82\
\x00\x00\x07?\
\x89\
PNG\x0d\x0a\x1a\x0a\x00\x00\x00\x0dIHDR\x00\
\x00\x00d\x00\x00\x00d\x08\x06\x00\x00\x00p\xe2\x95T\
\x00\x00\x07\x06IDATx^\xed\x9dY\x88\x1cU\
\x14\x86\xe3\xbe\x80h\xdc@Q\x5c\xdeD\x11q\x03A\
\x8c\xfb\x8b\xb8\xa1\x82\xeb\x93\xe0\x83>\x88\xc1\x18#.\
\x8d\xfa\xe0\x83[$\xf8 \x82\x22bt\xc0'7p\
\x1b\x0c:\x11\xd2\xe9ZNMfd\x84\x01\x85\x88 \
\x064\xad\xc4\xad\xfd\xcf\xa4+\xa9\xfc}\xbb\xd3Uu\
\xabk\x99\xfb\xc1\xcf$\xd3\xb7\xce9u\xff\xbeUu\
{nU\xafX\xe1p8\x1c\x0e\x87\xc3\xe1p8\x1c\
\x0e\x87\xc3\xe1p,Sz\xbd\xde\x81\x91\xe7]\x14\x86\
\xe1]\xa1\xef\xaf\xc6\xcf\xb5\xb1\xda\xed\xf6\x91\xdc^\xc1\
k7&\xdb\x15\xa9 \x08\xce\xe7\xfc\xca\xec\xec\xec\xb1\
SSS\x07\xf1\xefk\xcb|\xa7s\xb2\x84\xe1+0\
\xe1'\x09\x82\x9eI\x9dN\xe7\x04\xdeN\x89\x82`\x8a\
\xdb\x16\xa5(\x0c\x1f\xe0\xfc\x0a\xcc\xbaM<\xaf\x0d\xc3\
N\xe1\xd7j\x05F\xc4\x01\xd8\xd1uP\x97w\x9eU\
yC\xb4\x8d\xef\xff\x08S\xce\xe1\xd7k\xc1\xcc\xcc\xcc\
\x11i:\xb3\x16\x86\xec\xd6\x0e\x8c\x96\xcb\xb9M\xa5\xe9\
\x8f\x8c\x8d\xbc\xc3\xa3T#Cz8\xf4\xeeB]w\
p\xbb\xca\x22\xbb\x0fS\x03;<Ju2D\x05S\
\xfe\xc5\xef\x1f\xe2\xb6\x95c\xe9\x04\x1e\x04;y\x07\xf6\
\xa7\xba\x19\x92\xd0z\xbdz\xe4m*\x83^M\x19\x8a\
\xde\xafjlH\x0f'\xfaw\x17\x16\x16\x0e\xe3\xedJ\
G\xdf)\xa3.mG\xa9\xce\x86\xf45377w\
\x1co[*\x91\xef_l(t,5\xc0\x10\x95T\
j\xae\x82\xeb\xf4\xbb\x0dE\x8e\xa5\x86\x18\xd2C\xdb\xed\
\x91\xe7\x9d\xc71J\x01\x05=\xcc\x05\x8e\xab\xa6\x18\xd2\
\xd7\x0el\xb3\x8a\xe3L\x1c\x14\xd22\x147\x96\x1af\
H5\xe6*\xe2\x0c\xd9G0\xe5?l\xbb\x96\xe3M\
\x0cq\x86\x0cS9s\x15q\x86\x0c\x15\xae\xbe\xde_\
\x5c\x5c<\x9cc\x17\x8a8CF\x0aq\xa6=\xcf;\
\x86\xe3\x17\x868C\xf6/\xdf\x0f'6W\x91\x1c\x86\
\x88\xc8\xa9\x1cO\xc1k\xeb\x07\xda\x16$t\xfcM\x9c\
_A'\xde\xc3m\xf3\x08'{\x7f\x22\x87/\xc9a\
\x08:\xe3\x12\x8e\xa7DQt\xa8^\xd3CW\x17)\
\xbc!.\xe4\xdc1\xa8\xef1\xae7\xaf0\xf2o\xe5\
<\xd6\x91\x1c\x86\xe0p\xf18\xc7\xab\x0a8\xc6|\xc1\
\xf5\xe6\x15F\xc9\x13\x9c\xc7:\x92\xc7\x90 X\xac\xe2\
'\xa6\xfa'[\xd4\xf7\x0f\xd7kA-\xcee\x1dM\
bH\x9cF\xcfr\xcc2i\xb7\xdb\x87D\xbe\xbf\xc9\
P\xa7\x0d\xb58\x9fu4\x89!\xf1\xd8\xd2\x99-F\
\xca\xfd\x1c\xb7\x0ct\xb4\xe2d\xfe6\xd7hQ-\xce\
i\x1dMbH\x9cE\x1bq\xa88\x83\xe3O\x0a\x9c\
\xe4/\xd3e?\x86\xbal\xaa\xc5y\xad\xa3I\x0c\x89\
3I\xfff\x8dw\xe8f\xfc\xfbU=\x01\x86\x86\x85\
m6\x85\x8b\x8a\xa7qxz\x03\xb9\x16\xb8\x96\x82\xd4\
\xe2\xfe\xb3\x8e&1$v2\xab\xc5\xfdg\x1dMb\
H\xecdV\x8b\xfb\xcf:\x9a\xc4\x90\xd8\xc9\xac\x16\xf7\
\x9fu4\x89!\xb1\x93Y-\xee?\xebh\x12Cb\
'\xb3Z\xdc\x7f\xd6\xd1$\x86\xc4Nf\xb5\xb8\xff\xac\
\xa3I\x0c\x89\x9d\xccjq\xffYG\x93\x18\x12;\xf5\
\xa5\x0b\x1f0\xb7\xfa5\x0c\x82_\xf0\xff\x07\xb9\xff\xac\
#\xce\x10\x93\xb6\x88.\x8f\x129W?\x1b\xe3>+\
\x14q\x86\xec\x95\xefo\xc6\xcc\xffR\xee\xa3\x89\x22\xce\
\x10\xd5\xdf\xd0\x9aRV\x990\xe2\x0c\xe9\x8a\xe7]\xc7\
\xfdR\x1a\x92\xd3\x10\x9c\xf4\xfe\x846\x84a\xb8j\xd8\
\xa2\x872\xd9\xd6n\x9f\x84\xc3\xd0\x15A\x10\xbc\x8ez\
\xff\xa0\xfa\xbb\xb3Ap%o\xa3\xe8\xa2\x06\xbc\xbe\x0e\
?\xbf\xee\xdf\x1d\xf0W\xa8k\x80}\x7f\x13\xfe\xff\xa8\
\xc6\xe5m\xac \xf9\x0c\xd9\xb2\xad\xd39\x8dcV\x15\
\x9c\xa4\xcf\xc2\xd5R\xa7_\xbb\xd1\x0c]\x0f\x80N\x7f\
N\xdfh\x86\xfdM\xaa\x8b6\xcfLOO\x1f\xcc1\
r!\xd9\x0d\xd92\xec>\xf5*\xa3k\xac`\xca\xb7\
&3\xf4^\x11\x1c\xbe\xbe2\xec\xebP\xc1\xbc\xcf\xd1\
\x0fGs\xac\xccH\x06C\xf4\xdd\x83\x1d;\x9dc\xd5\
\x05\xd3\xc9[\xcd\xc0\xe1\xc9\xe3}\x1dG\x91\xe7}l\
\xed!\x05\x92\xcd\x90\x0d\x1c\xa7\xce\xe41cO\x9f\xd8\
\xba\x99T\xb2\x18R\x85\xfb(,a\xc3\x0c\x95\xce\xe4\
\xe7\xe7\xe7\x8f\xe2\xf8\xa9\x91\x0c\x86|\xd7n\x1f\xcfq\
\x14]H\x86\xc9\xd5\xa7h\xf3Y%\x84ZP\xd3-\
\x5cg\x8c-3b!\xd7\xed\x9c#5\x92\xc1\x10}\
\xc8\x00\xc7Q\x8aX\x9c\x96WZ\x13\xd7\xa9\xd86C\
\xa5\x7f\xdf\xe7<\xa9\x91\x0c\x86p\x8c\x18\x1c\xca\xa6\xb9\
m\xc9\xea\xa2\xd3\xaf2\xd4\xb9Rv\x7f^\xc5\xeds\
I\xf7\x9fs\xa5F\x9ak\x88q\x9eQ\xc4\xc8\xd8#\
\xdf\xdf\xca\xf9R#\xcd4d\xa2##\xa1\x8f8g\
j\xa4y\x86L~d\xec\xd5\xf3\x9c75\xd2,C\
\xca4\xc3\xcet@\x9acHY\x87\xa9%\xe9\x0d=\
\xa6O\x00R#\xcd0\xa4\xd4\x91!z\xeb\x83\xad\x07\
\xa4I\xfd\x0d)\xdb\x0c=T\xd9\xbb\xaf]\xeam\xc8\
\xf0\xc3T\xf1+\xe1\x97\x14\x85\xe1\x0b\x9c?\x17R_\
C\x9ag\x86\x22\xf54\xa4\x99f(R?C\x9ak\
\x86\x22\xf52\xa4\xd9f(R\x1fC\x8cWS\x8d2\
C\x91z\x18\xb2<\xccP\xa4\xfa\x86,\x1f3\x14\xa9\
\xb6!]]S\xc5yt\xd2\xa7\x1fU\x18\xda\x17\xa1\
\xfc\x1f\x18\xa6A*j\x88\xde\xd1\x1b\x05\xc1\x0d\x9c\xa3\
\xd1f(\x92\xe1!\x98\x1c#\xc6\xa6!\xfapg\x8e\
\xdfx3\x14t\xe2\x9d\x86bF\x8ac\xc4\xd82\x04\
\x9d\xfe;?\xe0X\xbf\xa0\xa5\xf1f(\xfa\xed9\x86\
\x82F\x8ac\xc4X3$\x08\xdeL\xc6\xd5E\x15\xf8\
\xdd'\xdc\xae \x95g\x86\xb2\xf4\xa8\xf10\xdcn(\
l\xa88F\x8c5C\xe8\xa1d\x22r\x0d\xb7)B\
\x18\x81/&\xf3\x96\x86\xa4|\x02\x1co\x1fc\xc3\x10\
t\xca.^p\x86\xd9\xf9[\xdc\xae\x00\x95;2\x92\
`\x87ODG\xfcf(\xd2(\xde>\xc6\x86!\xa8\
\xe5\xcbdL\x1d\xc1\xf8\xfd\xcf\xdc\xce\xa6*32\x92\
\xa03\xd7r\xa1\xc3\xc4\xdb\xc6\xd80\x04Z\x93\x8c\x99\
\xe5\x1c\x97R\xd5\x19\x19I\x96N\x9c\x9e\xf7\x8e\xa1\xe0\
\x01\xf1\xb616\x0c\x99\xf5\xfd\xb3\xf7\x89\xe9\xfbOr\
\x1b[\xaa\xe4\xc8H\xa2_\x0a\x86\xeb\xff\xf7\xb8p\x16\
o\x17\x93\xd7\x10t\xd0\x0f\x1c\xb3\xff\xb8\xa7\x81\xb6\x16\
T\xcd\x91\xc1\xe8H\x89\xc2\xf0\x11\x19\xf1\x15H\xbcM\
LnC\x82\xe0\xb5d\xbc\xa5\x1bh\x8ayvb=\
\xccH\xa2\xf7\xd0\x89\xe7\xbdl\xba$\xe6\xb61y\x0d\
\xc1h\xb8\x99\xe2\xa5\x9e\xb4\x8e\xa1\xfa\x99\x91\xa4?O\
\xb9@;\x07\x87\x94\xd5z\xff\x1d\xb7\x89A\x9b\xfb\xf4\
\xf5\xac\x9a\xc0\xe5n\xbd\xcd(\x13\xdb\x97\xbb\x95?\x81\
W\x9d(\xc7wc\xb1\x9c\x19\x16@G>\xc5\x1d\x9b\
E\xce\x0cKX\xb8\xdc\xdd9\xec\x9b\x13\x1c\x19\x90\xc1\
\xa7.\x8c\xa3.\xe6Q\x1f\xea\x83\x9dq\x81\xb1\x92c\
:r\x10z\xde\xf7\x86\x0e\x1f\x94\xef\xcfc\xfe\xf2\x12\
~^;\x91\xaf\x93X\xae\xa0\xb3\xef\x1d\xe8\xfc\xc1Q\
p&o\xe7(\x10t\xfa\xf5\x98\x8b|\x80\x13\xf37\
n\x148\x1c\x0e\x87c\xb9\xf1?\x9fDwH\xba\xf6\
r\xc6\x00\x00\x00\x00IEND\xaeB`\x82\
\x00\x00\x04 \
\x89\
PNG\x0d\x0a\x1a\x0a\x00\x00\x00\x0dIHDR\x00\
\x00\x00d\x00\x00\x00d\x08\x06\x00\x00\x00p\xe2\x95T\
\x00\x00\x03\xe7IDATx^\xed\x9d\xbbk\x14Q\
\x14\x87\xe3\xa3P\x10\xc5\x07b-X\xf8\x00\x0b\x0bm\
E\x0b-\x14\x11\xb4\xd0N\xb0\xb0\x16A\xd4J\x05A\
\xb1\x12\xfd\x1b$\xa5\x85\x8dB\xb0\x09A\xd7\xcc\x9d\xc7\
\x1a\x82E\xc0W\xa3\x8dM@\xc1\x8c\xe7l\x9c<\xce\
Nv\xf7\xde\x99{\xe7\xc8\xfc>\xf8\x91\xb0{\xef\x9c\
;\xe7\xcb\xce\xce\xb2\xb3\x9b\xb11\x00\x00\x00\x00\x00\x00\
\x00\x00\x00\x00\x00Z\xc6\xc4\xc4\xc4\xc6\xd4\x98\xf3i\x1c\
\xdf\xa7\xdc\xce\xb2\xec\xb0\x1c\x03\x02A\xcd\xdfC2\xde\
\x93\x88\xbcHb\xccB\x96$\x8f\xe5X\x10\x80\xcc\x98\
\xd7+e\xac\x0cI\xb9*\xc7\x03\x8fd\xd3\xd3\x07\xa4\
\x84U1&\x91s\x80G\x92$9\xd7'au~\
\xcb9\xc0#$\xe4B\x89\x84U\x91s\x80G D\
\x19\x10\xa2\x0c\x08Q\x06\x84(\x03B\x94\x01!\xca\x80\
\x90e\xf2<_/o\x0bN\xdb\x85|\x9c\x9a\xda\x9a\
\x19\xf3$\x89\xe3\x1f\x891\x7f\xb28\x9e\xa5}\xbe&\
\xc7\x05\xa3\xcdBf;\x9d]q\x1cGr\x7f9t\
\xfb#9>\x08m\x15\xc22\xe8\x11a\xe4\xbe\x16\xe1\
G\x0bI9$\xe7y\xa7\x8dB\x86\xc9X\x8a1\xd7\
\xe5\x5c\xefh\x12299\xb9\x99\xea\xddH\xa3\xe8\x0d\
\xad\xeb-\xfd\xfe\x8c~\xee\x95\xe3\xaa0\xb2\x8c\xc5\xdc\
\x92\xf3\xbd\xa3E\xc8\xcc\xcc\xccN\x12\xd1\x91\xb5i}\
?\xe9\xd0qB\x8ew\xc1RFNO\xf6\xc7\xe56\
\xbc\xa3A\x08\xcb\x18\xd2\xa8\xf9\xaaRleP^5\
r\x1a\xdc\xb4\x90\x11d\x14q\x96b+\x83\xc7\xf2\xba\
\xe4v\x82\xd0\xa4\x10\xaa\xbd\xbd\xec05 \xf34\xe7\
\xa4\xdc\xce lk\xb0\x0c\x16(\xb7\x13\x8c\xa6\x84\xd8\
6jEF\x96b[\xa3q\x19L\x13Bl\x1bU\
\x92\xa1Rlk\xa8\x90\xc1\x84\x16b\xdb\xa8\x01YS\
\x8am\x0d52\x98\x90Bl\x1b5B\xfa\xa4\xd8\xd6\
P%\x83\x09%\xc4\xb6Q\x16Y\x92b[C\x9d\x0c\
&\x84\x10\x97\xd3N\xfa\xf9T\xde> \xf3\xa91\x17\
mk\xa8\x93\xc1\xf8\x16R\xe5\xaf6K\x92\x07\xf2\xfe\
:\xa2V\x06\xe3SH\x15\x19\x05uK)\xab\xa1\x0a\
_B\xea\x90QP\x97\x94A5\xd4\xe0CH\x9d2\
\x0a\xaaJ\x19\xa5\x86\x0a\xea\x16\xe2CF\x81\xab\x14\x9b\
\x1a\x8dS\xa7\x10\x9f2\x0al\xa5\xb8\xd4h\x94\xba\x84\
\x84\x90Q0\xaa\x94*5\x1a\xa3\x0e!!e\x14\x0c\
\x93RG\x8dF\xa8*\x84w\x9aw^\xceY+u\
6\x8a?r'\xb7\xcf\xe1+I\xea\xaa\x11\x9c*B\
\x9a\x94Q@\xeb\xbf\xcc\x02h\xdb\xbf(\x9f\xf8\xf2\x9d\
,\xcb\xb6\xc8q\xff\x0d\xaeB\x9a8L\xb5\x02\x17!\
\xbd\xabC \xc3\x0f.B\xe8\xd8}G\x8eY+\x90\
a\x89\x8b\x10\xba\xed\x9d\x1cS\x16\xc8p\xc0E\xc8\xbf\
\x0b\x92\xfb\xc6AF\x0d\xb8\x08\xa13\x99\xe7r\x0cd\
\xd4\x84\x8b\x10\x9as\x84O3\xe58\xc8\xa8\x01\x17!\
\x0c\x1d\xb6\xce\xd0}\xdf\xc5\xd8\x17\xddnw\x87\x1c\x0b\
,p\x15\xc2\xcc\xcd\xcdm\xa2\xf9\xa7)\x97\xba\xc6\x1c\
\x94\xf7\x03\x07\xaa\x08\x01\x1e\x80\x10e@\x882 D\
\x19\x10\xa2\x0c\x08Q\x06\x84(\x03B\x94\x01!\xca\x80\
\x10e@\x882 D\x19\x10\xa2\x0c\x08Q\x06\x84(\
\x03B\x94\xd1\x8d\xe3SR@[\xd3{[:\x8a\xe2\
\xd4\x98+\xb2O\xc1\xe0w\xfa\xe4\xc2\x90^\x1e\xca^\
\x05!\xcf\xf3uT\xfcK\xc9\x82Z\x1dz\xb4,4\
\xf2\x8drL\xba\xf8_u\xfa\x16\xd5\xf6\x90\x94\x9b\xb2\
WA\xe8t:\xdb\xe8\xc9\xfd\x9b\x5cP\xdb\x93%\xc9\
]\xd9\xab`\xd0\xc3\xf3X\xca\x1f\xc0/YX[\xc3\
\x97:\xc9>\x05\x85\xce\xb8\x8e&q\xfcU.\xac\x8d\
\xa1>L\x8d\x8f\x8fo\x90=\x0a\x0e\x7f\xb10\x1d;\
\xef\xd1\xa9\xdfg\xb9\xc8\xb6$\x8b\xa2\x97t\xc4\xd8-\
{\xd3(\xbd\xb3\xaf4\xdd\xcf\xafS\xf8\xc5c\x1bB\
\x87\xa8\xb3\x1f\xa2h\x9f\xec\x05\x00\x00\x00\x00\x00\x00\x00\
\x00\x00\x00\x00\x00\x00\x00\x00X\xe6/]l6\x93q\
xS\x04\x00\x00\x00\x00IEND\xaeB`\x82\
\x00\x00\x06\xd3\
\x89\
PNG\x0d\x0a\x1a\x0a\x00\x00\x00\x0dIHDR\x00\
\x00\x00d\x00\x00\x00d\x08\x06\x00\x00\x00p\xe2\x95T\
\x00\x00\x06\x9aIDATx^\xed]I\x88$E\
\x14\x1d\x05\x97\x93:.\xa3\xb83\x82ztWp=\
\xb8\xc0\xb8\x5cdT<\x8b\x0b\x22\x8a\x1eD\x5c(<\
\xab\x07EPa\x84V\x14\x14\xf5\xa0\xe2\x82K;\xa8\
M+MeDd\x96\xedL\xab\xed\x08\x8a\x1b\x03:\
C\xbbb\xf9~vFu\xf4\xab\xacj\x97\xca\xcc\xc8\
\xccx\xf0\xe8\x99\xf8?\xf3\xff\xf8/\xd7\xc8\xc8\xacu\
\xeb\x02\x02\x02\x02\x02\x02\x02\x02\x02\x02\x02\x02\x1a\x82$\
I\xf6\x8e\x95\xba81\xe6~\xfc}2\xd1\xfa\xf9\x22\
\xc9\xf1\x032,,,\xec\x03\x01\xee0Z\xff\x18k\
\xdd/\x8b\x9cG\x00\xf0i\xb7{8\x8a\xf3\x11\x17\xab\
\x0cr.\x16\xd8{\xae\xe9\xf7\xfb{p{\xe31?\
?\x7f\x90\x89\xa2\xcf\xb8Pe\x91\xf3\xb10\xc6L\xc3\
\xfeh\xebDA\xc7\xdf\xe4\x22\x95I\xce\xc7\x22\x13D\
|\xda#\x0a\x0e\x0b\x97s\x81\xca&\xe7d\xe1\x08\xd2\
\xc7y\xed\x89V\x88\x82\xce\xbe\xc5\x05*\x9b\x9c\x93\x85\
+H\xc6f\xef)Q\x14\x1d\x80N\xfe\xce\x05*\x9b\
\x9c\x97E\x8e \xc2\xe6\x8a\xd2\xd3\xfa\xcc\x9c\x0e\x97N\
\xce\xcbb\x84 \xcd=|\xe1\xfcq\x05w\xb6\x0ar\
^\x16\xa3\x04\xc9\xd8\xbc=\x05\x1d\xde\x9c\xd3\xd1\xd2\xc9\
yY\xac!H\xf3\xf6\x94\xba\x0b\x22l\x94(M\x10\
D\xd8\x18Q\x9a\x22\x88\xb0\x11\xa24I\x10a\xedE\
i\x9a \xc2Z\x8b\xd2DA\x84\xb5\x15\xa5\xa9\x82\x08\
k)J\x93\x05\x11\xd6N\x94\xa6\x0b\x22\xac\x95(m\
\x10DX\x1bQ\xda\x22\x88\xb0\x16\xa2\xb4I\x10\xa1\xf7\
\xa2\xb4M\x10\xa1\xd7\xa2\xf8\x22\x88\xcc\x03\xe3\xdc\x04Z\
\xebW\xd8wB\xf4s\xe8\xde\x17A>\xe9v\x8f\xe1\
\xdc\x042G\x8c}'H\xffD\xf1E\x908\x8a.\
\xe5\xdc\x04\xb2\xe7$Q\xf4\xda\x90\xff\xe4\xe8\x97(\xbe\
\x08\x92(\xf58\xe7f!\x05\x83\xfd\x9cD\xeb\xeb\x90\
\xef\xf5\x93f\x1c\xc7Gq\xcc\xca`<\x11\xc4(\xb5\
\x0b{\xc3a\x9c_\xeb\xe0\x8b )\x8d\xd9\xc2\xf9\xb5\
\x0e^\x09\xa2\xd3=\xe5\x06\xce\xb1U\xf0P\x90\xbf\xf0\
\xb7\xe3\xd5\x89\xb6L\xf8&\x88%\xee?\xde\xc5\xd5\xd5\
\xe9\x9co\xe3\xe1\xab \x96\xc8\xaf\x87\xbf\x0f\xe0~\xe4\
\x16\xf0*\xc9\xb7(b#8\x92\xebS:$\x11.\
B[)\xb5\xe0\xfa\x94\x8e \xc8\x0a\x83 \x9e\xd1\x0b\
A\xe4\xb8\xcc\x89\xb5\x96\xa8\x05\xd7\xa74\xc4q|\xa8\
\x89\xa2gq\x99\xf9\xcbPb-\xa5\xd4\x22\xd1\xfa\x19\
\x9c\xdc7p\xbd\x0a\x05\xc48\x0e\x09|\xc1\x09\x05f\
T\xeas\x1c\xbe6r\xdd\x0a\x83\xa9\xf8}\xc2:\xd0\
h\xfd\x0e\xd7\xad\x10`w<\x97\x83\x07\xe6SF\x98\
\xb9~\x13G\xc1\x0f|\x1aE\x9cSn\xe7\xfaM\x1c\
\x08\xd4\xe1\xc0\x81#\xd9\xe1\xfaM\x1c\x12$'\xb0\x8c\
\x1d}\x80s\xcb\xfa6R\xfa\xce\xf5\xa8\x5c\x10$6\
\xcd\xbem\x81\xf4\x9d\xeb\xe1\xa5 h;\x15\xb67\x84\
\xd8\x8aNa\xfb\xdc\xdc\xdc\xfe\xf2\xe8\x15\xf6\x19\x9c\x9b\
ntmh\xbb\x0bW*\xb3q\x14\xcd\x8d\xa5\xd6/\
#\xce\x89v\xb9(\x8a\x8eE\xac\x17e\xb4\x17\xed\x9b\
\xdcu\xba\x90\xe1y,{7|>\x8e\x8dyX>\
\x9a\xe3\xda\xe5KFi\xa1\x8dy\xc9\xacq\x09[\x0b\
A\xa4\xc38\xa9}5\xb0k\xbd\x83\x9fQ\xc0\xfe\x90\
\xbb\x0e\x14\xf1,i\xff\xd7o\xf6B\x98\xc1:q\xb9\
\xe9\xd8\xfe\xc0=\xd3E+\x11W\x10S?\x12c\xee\
\xb16\xd9P\xd0\xb6\xdbY\xffVwYF-\x04\x91\
\x8f\xd1\xb0\x8f\xb4\xb9>\xb2\x15\x93\xcfM\xd2\x0eAn\
\xe3e\xc7R\xa9\x9dv\x9d\xf8\xffwlC\x9c\x13V\
\xa2\xa6[\xff\xd5\xd9\x83\xac\x15?c\x9e\xb3\xf6l\xcf\
\x1e\xd8\xe0\xfb\xb3\xbb<\xa3\x16\x82t\xbb\xddC\xd8G\
\xda\x5c\x1f\xee\x08\xb6\xd2\x9b\xa5])u\x04l\xdf\xf0\
\xf2c\xd8\xb1\xeb\xc4\xbf\xbfg;\x04\xde\x86\xf5\xad\x17\
\xbb<\xb4B\xdbR\x8e\xcf\xe0#h\x99\x8fk\xdfm\
my\xe0~8\xec\xb0\xef\xc4!Ar\x02OT\x10\
A\xfa\xc9\x0e\xa5.\x83\xcff\xb4?\xb8*\x16\x0e\x85\
\xd2.\xec)u\xb2\xbb\xce8G\x90t\xddJ\xbd-\
\x93\xe9pH\xfb\x9am\xa9=\x082\xdc\x11W\x10\x17\
R\xf8U\xb1\xb4N\xd8\xc7\x22\x1e!H\xba\x1c\x0e=\
\xdc6\x88\xddFA\xc0)\xb9\xaa\xb2\xe4\xc3R\xd1\x82\
\x8cc[\x05\x19\xcb \xc8\x7f\x80\x04\xc9\x09\xec\xad \
\xd8\x13\x1f\xe1+*\xac\xef'\x11`\x95_\x10d\x98\
E\x08\x82{\x88\x0b \xc8}\x83e\x95\xfaM\xeeM\
b\xeaG[\x05)\xff\x1c\x02A\xa4]>C\x081\
\xeeE\xb1O\xca\xfc\x82 \x95\x5cee\x820\xe2 \
H}\x05\xc1\x9e\xf5\xab\xe4\xe0\xf0\xfc~\xbf\xbf\xa7\xf5\
\xe7~8\xecX\x9f\xc2\xc0\x1d\x19$\xdd`AF\xf0\
\x05\xeb\xcf\xfdp\xd8\xb1>\x85A\x82\xe4\x04\x1e\x12\xe4\
\xff\x8ce1P\xac+\xc9/f\x1f\x0b\xdc\xdd\x7fK\
y\x9d\xc7>\x02\xf7D\x9fr\xccX\xd6(\xca\x97\xbc\
3\xffi\xb6e\xec\x0c\x02\x16\x05\x09\x92\x13xH\x90\
t\xb4W\xeb\x1d\xd6\x8e\xe2\x7f\xc9\xa3\xbd<$\x22\x1f\
\xd4t\xed\x16J\xa9\xe3a\xff\xd3\xf1\x9db\x1f\x8bx\
y\xb8\xdf\xfa-\xf1^i\x91\xd0\x882\xf2\xbf\xd3\xda\
d\xb4\x17\x82\xedr\xedCTj\xe7\xe2\xe2\xe2\xbe\xe2\
_\x0bA\x04\xf2\x0c\x04\xa2\xbc.\xe41'\xc1\xc2\xec\
\xec~\xd82\x1fC\xe7?4k\xbc\xd7\x81\xf5_\x8b\
8\xef\x83S\xdb\xe6\xe6\x0ef\xbbE\x92$Gg\xf7\
\x18\xef\x991\xcfC\x04\x22\x02\xfcfd\xc3\x18z\x1e\
\x82K\xe3t\x0f\xe6\xe7/\xa0\x8c\x8b\xc9d\x0fg=\
\xf5\x10\xa4-\xf0R\x90\xf0L}\xb8&\x95\x0a\x12\x98\
\xcb\x0e\xd7o\xe2\x08\xf3\xb2\xfe9K\x99\x97%\xb3\xf1\
8p`>q?s6\xd7\xaf\x10\x980\xb7wM\
\xcad\x0b\xae[a\x80 \x1be\x867'\x11\xb8L\
\xf9\xa5!\xa9\x11\xd7\xadP\xe0\xcab\x03\xee!\x9e6\
\xe1\xfd\x10\x97K\xa8\xcbS\xa3nFKAx\x83\xca\
a\x95oPY\x18\x1a\xf8k3\xa5\x16\x5c\x9f\xd2\x11\
\x04Y\xa1\x17\x82\xf0 ]\x9b)\xb5\xe0\xfa\x94\x0e\xdc\
\x97\x9c\xc1\x89\xb5\x96q|\x1a\xd7\xa7td\x13\x93+\
\xffQ\xb0\xaa)\x93'd\xf4\x9a\xebS\x09b\x0f~\
6\xafj\xca\xcd2\xd7\xa52 \x99M\x9c`\xdb\x88\
C\xf7%\x5c\x97JQ\xf0\x87&\xfd\xa61\xafr=\
*G\xaf\xd7;\x10\xc9m\x1fJ\xb6\xf9\xdc.\xcfD\
\xb8\x1e^ \x9di\x12E[s\x92n*g\xbc\xff\
\xf0f\xfa\x9d\xdc\xe57\xa0~\xc8\xe9@S(S\x8d\
n\x1d\xf55m/\x81\xcb\xe1\xbd\x06sh\x8d\xd9\x22\
\x13\x0f\xeaL\xe9\x83\xf4\x05\x87\xa7\x0b\xa5o\xdc\xdf\x80\
\x80\x80\x80\x80\x80\x80\x80\x80\x80\x80\x80\xba\xe2o0;\
\xc9\xe5\xb2\xc3$\xd3\x00\x00\x00\x00IEND\xaeB\
`\x82\
\x00\x00\x09]\
\x89\
PNG\x0d\x0a\x1a\x0a\x00\x00\x00\x0dIHDR\x00\
\x00\x00d\x00\x00\x00d\x08\x06\x00\x00\x00p\xe2\x95T\
\x00\x00\x09$IDATx^\xed]y\xa8$\xc5\
\x1d^\x15\xef[\xd1\x18\xf1\xc2\x03/b0\x1e1!\
\x1eQ\x5c\xc5\x13\x17\x155\xc6\x1c\x06\xa3x\xa0\x09\x82\
\xf1\xc0\x17\x154 \x89\x8a\xcfkQQ\xbc\xd8\x15\x11\
/<\xc0\xd5\xa8\xeb\xc6L\xa6\xbb\xaafv\x1f\xfb\x84\
U\xff\xf0\x06\x15\x0d\xc1\xf3\xe5\xfb\xeau\xbd\xad\xfeM\
\xcf\xf1|\xd3=}}\xf01\xefu\xfd\xaa\xeaW\xf5\
u\x9d]\xd33o^\x8d\x1a5j\xd4\xa8Q\xa3F\
\x8d\x1a5j\x94\x04\xadVk\x1d\x13\x86\xf3[Z_\
\x83\xcf{ZJ-J\x932\xff\x1a\x11&''\xd7\
\x85\x00\x7f\xd6J}l\x94\x9a\xca\x8a\xd2\x8f\x1a\xc0D\
\xb3\xb9-*\xe7_\xb2\xb2\xb2\xa0\xf4\xc5\x01\xad\xe7\xb4\
\xa9\xa9\xa95\xe4\xf5\xd2c\xc5\x8a\x15[\xea xS\
VTV\x94\xfe8h\xad\x97 |\xbcr\xa2\xa0\xe0\
\xcf\xc9J\xca\x92\xd2\x1f\x87H\x10\xdaTG\x14t\x0b\
\xc7\xcb\x0a\xca\x9a\xd2'\x07O\x90)\x8ckwUB\
\x14\x14\xf6\x05YAYS\xfa\xe4\xe0\x0b\x12\xb1\xdc-\
%\x08\x82\xcdP\xc8\xafd\x05eM\xe9\x97C\x82 \
dyEi+\xf5\xd3\x84\x02gN\xe9\x97C\x17A\
\xca\xdb}a\xfc8A\x16v\x14\x94~9t\x13$\
b\xf9Z\x0a\x0a|JBA3\xa7\xf4\xcb\xa1\x8f \
\xe5k)E\x17\x84,\x95(e\x10\x84,\x8d(e\
\x11\x84,\x85(e\x12\x84,\xbc(e\x13\x84,\xb4\
(e\x14\x84,\xac(e\x15\x84,\xa4(e\x16\x84\
,\x9c(e\x17\x84,\x94(U\x10\x84,\x8c(U\
\x11\x84,\x84(U\x12\x84\xcc\xbd(U\x13\x84\xcc\xb5\
(y\x11\x84\xe7\xc0\xa4o\x84R\xeaIi;$\xe6\
s\xeb>/\x82,o6w\x94\xbe\x11<#&m\
\x87\xc8\xfc\x89\x92\x17AL\x10\x1c+}#\xd8rZ\
A\xf0L\x87\xfd\xf0\x98/Q\xf2\x22H+\x0c\xef\x94\
\xbe9\xb0\xc2\x10\xfe\x8b\x96R\x7f\x80\xbf\xe7\x0c\x9b\xc6\
\x98\xede\x9e#\x83\xce\x89 :\x0c?Gk\xd8F\
\xfaW9\xe4E\x10K\xad\xef\x96\xfeU\x0e\xb9\x12D\
\xd9\x96\xf2G\xe9c\xa5\x90CA\xbe\xc3\xe7X\xae\x06\
\xda,\x917A\x1c\xb1\xfex\x11\xb3\xab\x03\xa4\xbf\xa5\
G^\x05q\x84\x7fm|\xde\x88\xf5\xc8\x85\xe0\xa9\xf4\
7-\xe2&\xd8N\xd6O\xe6\xa0#\xb2\x12\xaaJ\xd6\
\x85\xac\x9f\xccQ\x0b\xb2\x9a\xb5 9c.\x04a\xbf\
,\x1d\xab,Q\x17\xb2~2\xc3\xf2F\xe3\x87\x18\xc4\
\x1e\xc14\xf3\x7f\x1d\x8eU\x94Q]<\x9c\xf9\x8e\x01\
\x84\xd8\x1d|K:Ts\x9a-\xa5V-\x0f\x82\xdd\
d\xbd\xa5\x02.\xb8\xb4RM\xe9D\xcd81\x9e,\
\x91u\x97\x0a\x90\xd1\xa12\xf3\x9a\xc9D/r\xb0\xac\
\xbf\xa1#\xe5\x07>\xa5\x22\xc6\x94?\xc9\xfa\x1b:\x90\
\xd1\x98\xcc\xb8fW\x8e\xc9\xfa\x1b:\x98IB\xc6l\
\x9e\xaf\xa2;\xdb\xbc\x8ad\xd9e}\x8c\x5c\x10\x9d\xd5\
 \x96C\xb0\xec\xb2>\x0a!\x08\x0f\x22\xe8 Xl\
\x82\xe0e\x8cE\xc7\xc9p\xc2\xbeAH\xa9\x07\x91\xde\
\x1b\xb0kX*\xf54\xf8\x17\xdc\x89[K{\x89V\
\x18\x1eh\xb4\xbe\x85y`6\xb8\x0c\xf1\x1eEz\xbf\
Y\xbat\xe9\xfa\xd2\xd6\x01y]\x80|_\x87\xedm\
\x8dFc\x83\x84\xf0\xfd\x10\xf6,\x09\x1f~\x92\x10^\
LA\xb4\xf7\xfa\x0d.\xa2\x9a\xcd\xe6V.l\xd1\xa2\
Ek\xa12\xef\x95\xe9\x0a~\x82\x8a;\xc9O\xd3\x01\
\x15\xb5!\xc2\x1eH\x883\x9d\x1f\xdf\xc3b\xcc\xcfe\
<>k\xf7\xed\xe4\xab\x9e\xec4?\x0c\xdf\x99IG\
\xa9\xb7\xe5\xb3\x96\xc2\x0a\x82\x0a{_\xc49\xc4\x85\xa1\
\xd0\xd7\xca4\x93\x08\xbb/\xe5\x91\x1f\xde\xd5\xb8\xfe\x9a\
\xb4M\xe0\x7f!\xc0/\xfd\xb8\xb8v^\x87\x9d\xb7\x05\
\xc2\x97\xea\xc8p^\xf3\xd3\xc0\xcdp?\xf2\xff\x1b\xca\
\xf3+\xa4\x7f\x14\xfe\xfe\x1do.\xfc\x7f\x89o\x97\x0a\
\xcc\x5c\x04Q\xea\xc3X\xbc 8\x8c\xd790\xcef\
\x0b\xa6\xa3R\xb5\xbeC\xdat%o\x0ac~\xe0\xe2\
\xb6\xb4>\xbf\xc3\x06~\xba\xee\x91\xadX\x86\xfb-{\
\xe40\xe9\x08rb,-\xb4\x02|^\x84\xeb\xa7\xa0\
\x0b9\x1d\x7f\xdf\x17=\x9ae\x85\xeaU\xabV\xad7\
\x93\xa61{\x22\xec[\xe1\xcf'\xe0\xe5\x88\xff[|\
\xbe\x22\xc2\xd8\xed\xfc\xc3\xc5\xef\x22\x08\xbb\xb8\xc5\x0c\xaf\
\xa6 h\xe2\xb1\xeb\xa8t\x11u^;\x0c\xf7\xa5p\
r\xd0\xb5\x03x\xdc\x97/ \xd2>.\x9c\x07\xe5\xe4\
qR\xe4\xf79\xdf|g\xc3\xbb\x08\x12\xf9qj%\
\x05i+u\xb8L\x0f-\xe3q\x1e~\xc3\xdf\xe3\xa8\
\xb4+\xbb=\x1fG\xa5M\xc4\xe2i}}\x87\x8d1\
\xbb \xeck\xdf\x8ey2\xac\xa7 \xf0\x177\xc2\xde\
\xf2z\x92 v\x1c\xd3\xfa\x1c\xe6\xcf\x89\x87\x1c\xf8S\
\x83IA\x10\xde\xc5\x88\xff\xaeL\xb3\x83Z?6\xb9\
l\xd9&.=\x14zM\x5c\xff\xc6\xb7\xe1\xaci&\
C\x0f\x083\xb1\xb4\xc2\xf0\x5c^\xef#\x88-\x97\xbc\
&\x05\xb1oD\x0a\xc3\x15\xb1xA\xf0\x90o\x93\x1a\
L\x0a\x82\x10h\x11'\xcf\x8c\x13=\xc8\xd3$\x14\x82\
q\xa2WC\xc5\xc2\xe5\x0c\xcc\x01b>%l/\xe7\
\xf5~\x82$Q\x0a\x82k\xd7I\x1b\x12\xbe\x1e\xe1\xdb\
\xa5\x02\x93\x92 \x04D9\x0b\xe9|&\xd3\x96\xe4@\
O\xfb\x94Z\x08\xed\xe2~\x0a&\x08\xc2Ec\x87\x1d\
n\xb0\xcb|\xbbT`\x06\x10\xc4\x9e8\xc7\x1d\xcf\x13\
\xe9~_jdA\x85 \x84\x9d\xf7\x87\xe1\xefQ\x98\
\xbf\xdb1$\x08\x16\xca\xf5\x0b\xbb.g\xdf1\x86\x84\
\xe1\x0d~zD\xbb\xdd\xde\xd5\x881\xc4M\x9d\xa5 \
\xb6\x8b\xea\xf3XZ\x0a\x92\xd4\xadE\x1c\xf3\xedR\x01\
3I\xc88&\x88\xef *\xf6V/.\xa7\xa3~\
\x1c\xbb0\xa4h\xa8\x843qm\x1c\x9f\xf3\x9d\xbd\x03\
\x07\xcbX~a\xf8\x1f\x17\x86\xffo\x16\xbe|\x81\x1b\
\xe2\xc7.\xdc\xbe\xd0yz\xebeu\xbe=fY\xae\
\x1cv\x8b'\x9e\xee\x0c\x0b%\x08\x8f\xe6\xc7\xaec\x5c\
\xe0\xdb\xady\xc7\xcb8\xee1\xa7?\xed\xb5\xe3\x08Z\
\x05\xdf\xb7\xab\xa3uH\xb4'\xb5:n\x18>\xef\xfc\
\x81\xcd\x1e\x09\xeb\x90O\xc1+\x98\xaeNX\xc1\xd3\x17\
\x17\xbf\x9b \x5c\x18\x1a\xd9\xa2#\x16J\x10\xfbfk\
\xa5>\x90\xe1\x92\xa8\x94\xc9\x994\xc3\xf0\x1e\x19\xde\x8b\
Z<\xf8\xc1\xb5\xdb\xa4M7\x22\xee{~\x85v\x13\
\xc4\xa6\xdb\xa5\xeb*\x94 \xd6\x06\x03\xa6\x0c\x8f\xd9\xb2\
\x15\x84\xe1\x02\xcf~\x81\xb4\xe9F\x1e @7\xb4\x91\
\x8bKp'\xb7\xc73\x09\x9f}\xf7\xb28\x8b\xf3\xc3\
\x93\xba.\xb9\x97\x95{A\x08T\xfaU\x09]\x09\xf9\
\x0d*\xf5b\xdf\x96\xc0\xf5\xb3\xd9\xb7'\xd8\xcf\xd0\x8a\
\xd1l\xee%\xe3\x12v\xb7\xd7\xdfb\xe9\xe4J\xd8\x1c\
$\xe3\xc1\xef\x9f\x09\xbb\x1b\xfdp\xd9u!\xfdw\xe4\
\xa2\xaf\x10\x82\x10\xd1*w\xdc>\x9b`_\xae\xf5-\
\xdd*\x94\xe0Y/\xd8_a\xbf\x13\xe8\x9e\x85\x90\x18\
3\xd8M\xc9\x96\x91\x04\x8ca\xfb#\xceMH\xe7%\
\x8e=\xdcNG\xfc_\xfb\xfb_\x12l\xd1\xd1Xs\
\xfb\xc4\xc4\xc4\xc62\x1ce\xfb\x11\xd71\xf8|\x0e\xdc\
/!\xbc\x18\x82T\x05\xb9\x14\x84}\xb8Nx\xde\x5c\
F\x16\xa2\xcb\xaa\x12\xf35\xcb\xaa\xcfe\xe5K\x10d\
~HB\xc6\xa5#\xd7+\xf8\xbc\x9a\x93\x04nb6\
\x1a\x8dM\xf9L\x86\xd7\xfc\x1d\xe7\xa8N\x96\xc8\xf8\x11\
\xc7|\xbb\xd4\xd0\xc3\x81r\x10\xb3\xc1^\xb32\x89\x1e\
\xf51&mS\x01\xb7<\xb8&Hp\xa0\xf0\xc4\xca\
\xfd\xaf\xb2\xbc\xfd0rA\x08~\x07\x82\x0fa\xf4,\
\x0e'\xe4\x9d\x5c\x8b\xc8\x19\xd4 \xc8\x85 \x0e\xdd\xf6\
{\x8aH\x1e\xe1\xf1\xcb\x16\xedB\x9f\xcb\xed\x14\xbb8\
\xd5\xfa\x0c?\xdca6\x82D{}WG[=O\
\xc8\xad\x9c9C\x97\xe7;\x86\x1f\xf2\xb0\x9e_6\xfb\
|\x5c\xd8\xa1\x15\xdd*[\xd1\xa0\x82p2\x80kK\
Ez\xdf\xc9\x1baN(\x8b \xa8\x94\x7f\xfa\xe5\xe2\
\xa0n\xba\xffrP\xec\x95L\x83\x08b\xc5\x98>\xae\
*m\xf8\xa0\xeeeg7g\xb4r\xf2\x83.C\xe0\
\x13~\xb9\xd0\xa5l\x97`\xe3sF\x94~\x82\xf4\x14\
c\x9a+\xfd\xbc\xe7\x84\x16\x0f7wfP8\xa2R\
\xdf\xf0\xcbe\xcf\xf4\xf6\xff]F+J/A\x06\x10\
\x83-d\xa1\x9f\xf7\x9c\xc0\x05\x93\xe9\xde\xb4\x8b\xc4\xaf\
X\x16\xbflh%\x07\x0f0\x8b\x1c\x07_J\xb8n\
\x9fL\xf6\x13\x83\xcb\x07\xb9\xf2\x9f3L\x0e~6o\
\x18LzN\xd3V\xea\xe8\x01D\x89\x9d|\x19\xe0\xba\
%\xc5\x08\x82`'\x99\xe7\x9c\x81&{\x8c\xcc\xac\x88\
\xd4J}\x8c\xf5\xd5\x0e\xb2|\x03\x8a2+\xa6&\x86\
C\xca/\x9a\xcc\x8c\xe8\xa6\x02\xee]\xc9\xf2\x0dS\x94\
\xd4\xc5 \xda\xed\xf6\x16\xc8l\xa5\xcc\xbc\xa0\xfcwZ\
\xa2d\x22\x86\x83=)\xce\xaf\xab%8R4\xf2\xe5\
\x08\xbc\xc9d\x191H\xcf\xff\xbe\xa2\xf0\xdbW\xe8\xde\
w\x96i\xa6\x8a\xe8\xd4\xe2\xc5p\xe0#\xe9P\xd1\xc8\
\xa9\xf0\xb0ZJ\xa6-#\x09\x98B\xaem\x8c9\xd2\
\xf0\x09\xa3\xd6w\xf3\xb0A\x11\x09\xff/\x95e#f\
#\x0a\xc6\xa5\xb7F*FU0H\xf75\x92n\xaa\
\xca\xe8%J-\xc6\x88\x90\xd4}\xb5F=fT\x1d\
<\x14\xc8\x07v\x86\xdb\xebApS\xd2\x0c\xadF\x8d\
\x1a5j\xd4H\x13\xff\x07\xbb\x16c{Qi\x93\x85\
\x00\x00\x00\x00IEND\xaeB`\x82\
\x00\x00\x05\x17\
\x89\
PNG\x0d\x0a\x1a\x0a\x00\x00\x00\x0dIHDR\x00\
\x00\x00d\x00\x00\x00d\x08\x06\x00\x00\x00p\xe2\x95T\
\x00\x00\x04\xdeIDATx^\xed\x9d=\x8f\x1bU\
\x14\x86\x03\x05\x82\x1a)\x02~\x06\x01\xa4\xd0\xf2'\x80\
 AC\x83D\x13\x12\x22\x1atJ:\x08\x155\x05\
_\xa2B\xe2\xeb\x0fl\x15e\xe6\xde\x19e\xe9\xb6\xe2\
\xab\x85\xa5C,\xf7]\xef\x0d\xe6\xf5\xbb\xd8\x9e=3\
c\xe2\xf3J\x8fv\xb5\xb6\xefs|\x8e\xc7\x9e\xd1\xda\
\x9eK\x97\x22\x91H$\x12\x89D\x22\x91H$\x12\x89\
D\x22\x91=\xcd\xc9\xc9\xc9\xc3}\xd3<\x9bs\xbe\x96\
\xdb\xf6z\xf9y\xeb\x81bq\x9f\xaeu]\xf7\x0c\xee\
+\xdf\xff\x9d\xc9\x0fw\xef>\xd5\xe5\xfca)\xf8\xe7\
.\xa5\x93}\xa0\x0c\xe6\xa7\xf2\xf3\xf6\xbd;w\x9e\xe4\
~\xcc\x96\xf2(y\xa8\x14\xf5N\xe1\x0f.x\x8f8\
\xc6\xd6\x83^p\x7f&\xcd\xc1\xc1\xc1c}J_\x88\
\x02\xf7\x93\x9c?GO\xb8O\x93\xe4l\xcb\xf8t\xa5\
\xa8\xe0\xcbY\xb6\x94n\xf14\xc5\xc5\x04\xe9\xf4\xb5\xe5\
\x16\xf7k\xd4\x9c\xbe\x80\x97\xe7M.$\xb8\xcf\xf1\xa4\
/\xf4\xd8\x9b\x12E\x04\xcb4\xcd\x07\xdc\xb7Q\x82}\
\xef}\xda\xb5\x1dL\xdb\xfe2\xc9qJ\xdf\xb6\xcf\xad\
\xc8\x03M9x\xe4\xfe\xb9\xa7L\xfe\x95\x15q )\
\x87\x04/q\xff\xdcSD7X\x1c\x9cC\xdb\xbe\xc5\
\xfdsO\x11\xd9\x8a88\x0f\xe3\xfe\xb9\x07\x12!\x0e\
4\xc6\xfds\x0f$B\x1ch\x8c\xfb\xe7\x1eH\x848\
\xd0\x18\xf7\xcf=\x90\x08q\xa01\xee\x9f{ \x11\xe2\
@c\xdc?\xf7@\x22\xc4\x81\xc6\xb8\x7f\xee\x81D\x88\
\x03\x8dq\xff\xdc\x03\x89\x10\x07\x1a\xe3\xfe\xb9\x07\x12!\
\x0e4\xc6\xfds\x0f$B\x1ch\x8c\xfb\xe7\x1eH\x84\
8\xd0\x18\xf7\xcf=\x90\x08q\xa01\xee\x9f{ \x11\
\xe2@c\xdc?\xf7@\x22\xc4s\xf2kJ\xe9c\x80\
\xdf\xc5\xe5sb\xdc?\xf7@\x22\xc4\xb3\x90s\xfe\xfe\
\xf0\xf0\xf0\xf1Z\x1b~\xc7\xdf\xf8z3bK\xad\x1b\
'\x90\x08\xf1\xe4\xa0\xf1GGG\x8fr}}\xdf?\
R.\xff\x8a\xaf?\x13\xc6\xf5\xb9\x07\x12!\x9e\x94\xf3\
\x86Q\xb3CC1\xae\xcd=\x90\x08\xf1d\xac\x1bF\
\xcd\x8e\x0c\xc5\xb8.\xf7@\x22\xc4\x93\xb0\xe90jv\
`(\xc65\xb9\x07\x12!\x1e\x9dm\x87Q3\xf3P\
\x8c\xebq\x0f$B<*C\x87Q3\xe3P\x8ck\
q\x0f$B<\x1a9\xa5o\xd7\x0d\xa3O\xe9\x0d\xc0\
\x7f_\x0e\xd6\xe8\x9b\xe6\x1b^\x7fd\x8c\xebp\x0f$\
B<\x16\xdf\xad\x1dF\xce\xaf\xe7\xb6\xfd\x0btm\xfb\
&_\xbe\x9c\x19\xb6\x14\xe3\x1a\xdc\x03\x89\x10\x8f\xc1\xc6\
\xc3\xa8\xb7\xd9\xc1\xa1\x18\xfb\xdd\x03\x89\x10{\xb3\xf50\
*;6\x14c\xb7{ \x11bO\x06\x0f\xa3\xb2C\
C1\xf6\xba\x07\x12!\xf6\xe2\xc2\xc3\xa8\xec\xc8P\x8c\
\x9d\xee\x81D\x88=p\x1bFe\x07\x86b\xecs\x0f\
$B|Q\xdc\x87Q\x99y(\xc6.\xf7@\x22\xc4\
\x17a\xb4aTf\x1c\x8a\xb1\xc7=\x90\x08\xf1PF\
\x1fFe\xa6\xa1\x18;\xdc\x03\x89\x10oM9\x02\xbf\
\xb7\xeeC\xf68\xfa\xf6\x18F\x05kmrD\x8f\xda\
\xf8\xb6\x031^\xdf=\x90\x08\xf1\xd6\x94\xc6\xbc\xcak\
/\xc7{\x18\x95M\x86\x92s~\x8do7\x10\xe3\xb5\
\xdd\x03\x89\x10oMJ\xe9\x05^\xbbf\xacaT\xd6\
\x0d\x05\xb5\xf1m\x06b\xbc\xb6{ \x11\xe2\xad)M\
y\x97\xd7F\xc6\x1eF\xe5\xbf\x86\x82\xda\xf8\xfa\x031\
^\xdb=\x90\x08\xf1\x10\x8e\xbb\xae{\xbe\xae{\xfa\xf9\
\xf7\xc5\xf7Q\x8d>\x8c\xca\xe9Pr~{\xf9\xf3\xe4\
\xa5\x86\xab\x9d\xdf\xb7TX]w\xb4@\x22\xc4C\xf9\
\xb3\xf0u\x97\xf3G]\xd3$q\xf94\xc0\x8d\x1aP\
\xcb\xa2\xa6\xd5\xeb\x0c\xc3\xb8\x7f\xee\x81D\x88\x03\x8dq\
\xff\xdc\x03\x89\x10\x07\x1a\xe3\xfe\xb9\x07\x12!\x0e4\xc6\
\xfds\x0f$B\x1ch\x8c\xfb\xe7\x1eH\x848\xd0\x18\
\xf7\xcf=\x90\x08q\xa01\xee\x9f{ \x11\xe2@c\
\xdc?\xf7@\x22\xc4\x81\xc6\xb8\x7f\xee\x81D\x88\x03\x8d\
q\xff\xdc\x03\x89\x10\x07\x1a\xe3\xfe\xb9\x07\x12!\x0e4\
\xc6\xfds\x0f$B\x1ch\x8c\xfb\xe7\x1eH\x848\xd0\
\x18\xf7\xcf=\x90\x08q\xa01\xee\x9f{\xba\xf8\x12\xcc\
\xcd\x99\xe2K0s\xce/\xaf\x88\x03I\x9f\xd2\x8b\xdc\
?\xf7\xe0\xec9,\x0e4\xe5\xc1{\x85\xfb\xe7\x9e\xb3\
\x7f\xb5\xe2\xcc2+\x05\x04\xff\x90S\xfaq\xb2\xd3V\
\x14\xe1m. \xf87e \xefs\xdfFKJ\xe9\
rn\xdb\xdf\xb8\x88`A\xe9\xcd\xef}\xdf?\xc1}\
\x1b5x\x87\x08\x17\x12\xdc\xe7&\xf7k\xf4\xe0\xf91\
7\xcd'\xa2\x98}g\x9eS\x1e!xo.N\x84\
%\x8a\xdaK\xcaS\xf9g\xeb\xde\xaf<z\xf0h\xc0\
\x9b\xcd:\xbf7\x97\xfd\xef\xc0kF\xf9yc\xb6-\
C\x05\xe7\x5c\xc2i~\xf6i\x97\x18\xbb\xb6\xd8\x9b\x9a\
\xfc\x05|\x9b\x9c\x1d\xa7\x5c\xc1\x11}y\xe4\x5c\xef\xdb\
\xf6\xbd\x07\x09\xdc'\xdc\xb7\xf2\xf4\xf4\xf4Nm\x11\x91\
H$\x12\x89D\x22\x91H$\x12\x89D\x22\x91\xc8\xc4\
\xf9\x1be\x91>\xfd\x83\x87?\xe8\x00\x00\x00\x00IE\
ND\xaeB`\x82\
\x00\x00\x0c4\
\x89\
PNG\x0d\x0a\x1a\x0a\x00\x00\x00\x0dIHDR\x00\
\x00\x00d\x00\x00\x00d\x08\x06\x00\x00\x00p\xe2\x95T\
\x00\x00\x0b\xfbIDATx^\xed]\x09\xac\x1dU\
\x19\xae\x1b\xee\xbb\xe2\xbe\xe0F\xdc7\xd4\xb8\x00*(\
\xd1\x80K\x14P\x11b\xd4\xe0\x86K\x14\x15\xa8\xd8\xaa\
\xa8$\x92\xe8#\x14\xaa\x12pAk\xab\xa0\xd6\x0d\xad\
\xdah\xa0\x14}\xbe9\xf7\xcc}\xaf\x0f\x1e\xb6\x02.\
\xad(\x81\x0a\x15\xdbJ\xfd\xbe\xb9s\xeb\xf4\x9bsf\
\xb9wf\xee\xf2\xee\x97|I\xe1\x9e\xff?\xdb\x9c\xe5\
\xff\xcf\x7f\xce[\xb2d\x82\x09&\x98`\x82\x09&\x98\
`\x82E\x8cV\xab\xb5?xXh\xcc\xdb\xc3Vk\
yh\xedJpu;\x08~\x8a\xff^\xd7n\xb5~\
\x00\xae\xe1\xff\xc3\x7fOYk?\x8e\xb4o\x85\xcc\xc1\
\xd3\xd3\xd3\xf7U}\x13\x94\x04\x1a\xf4\xe9h\xd8\x93\xc1\
\xb5\xe06pO\xaf\xb4\xc6\xdcn\x83\xe0\x1av\x18\xfe\
\xfd\xe10\x0c\x9f\xac\xf9M\xe0\xc1\x9a5k\xee\x84\x86\
\xfb\x966j\x0d\xdc\x0c\xae@\xc7\x1f\xb2g\xcf\x9e;\
h9&\x88\x81F\xfa\x80\xa3\xf1\xea\xe6\xd5\x189\xa7\
\xcc\xcf\xcc<\x5c\xcb\xb3\xe8\x819\xffG\x8e\x06k\x84\
\xe8\x94\xff\xd8V\xeb+(\xc3\x01Z\xaeE\x0b4\xc8\
\xd7\xb4\xa1\x06\xc0\x9d\xd8\x10\x5c\xd0n\xb7\x1f\xad\xe5\x1b\
\x1bl\xd9\xb2\xe5n\x98\xaf\xdf\x82\xca.Ee\x8f\xc4\
\xbc}GMC\xb4\x8dy>\xbe\xd4\xdb\x1c\x8d4\x08\
\xde\xc2\xdd\x1aviw\xd1r\x8e4f[\xad\x17`\
\xa1\xbej\x9f\xcab{\xea\xed\x94 x1\xd2\xac\xc5\
h\xb9\x16\x9dw#:\xe8\xbf\x8e\xc6j\x8c(\xc7\x1c\
\xb7\xcfZ\xce\x91\x03\xbf\xac\xb6\xb5\x9fF\xa5vi%\
\xa3\x8aZ\xfbj\x95q\x81\x8b-\xbfTt\xccv\xd5\
\xd1 w\x83\xcb\xb8\x0b\xd4\xf2\x8d\x04\x8c1\x8f\xc0\x97\
\xb5\xd1Q\xb1\xbdDg}B\xe5\xb2\x80Ny.\xe4\
nU=M\x12eX?r\xbb1\x18^/\xc2\xd7\
\xfc7\xad\x8c\x12\xd3\xd8\x9bT6\x0f!\xd7 \x87\xae\
&\x89N\xf9+\xa6\xd5gi\xd9\x86\x12h\xe4\xd7\xa0\
\xd0;\xb4\x12Jt\xd8\xe5\xbd,\x96t\xa1\xa8\xaeA\
\x10\x9dr3]9Z\xbe\xa1\x02:\xe3\x84\xd0\xb3^\
\xecCl)Q\x99{\xaa|Q@\xc7-)\x9d\x03\
 \xed\x96^Fy#\xc0\x17s\x5c\xd8Y\xf8R\x05\
Op\x1b\xd2\xbdNe\xcb`~~\xfe\xde\x83\xdeu\
\x09w\xa3NGk9\x07\x0a6r\x9832\x90\xe6\
w0\xb4\x1e\xaa\xb2e\x81\xd1u\xbc\xea\x1e4#\x0b\
\xdf\xda\xc3\xb5\xac\x03\x01\x16\xb7\xe7\x85y;\x1fk/\
\xc1zq\x0f\x95-\x0bl\x16\x1e\x82\x0e\xb9>\xa5\x7f\
\x08\x88N\xf9\x17\xdbB\xcb\xdc(\x22\xfb \x7f7u\
\x96\xcf\x00,\x03|\x81\x87\x22\xaf\x05\x87\xfe\xe1\xa11\
[\xe7\xa6\xa7\x1f\xa6eo\x04ld,\xcc\xbfN\x15\
*A\xd8\x19\x9fR\xb92\xa0[\x1c\x8b\xe6Qmc\
~\xab\xba\x87\x95\xb4S\x06b<\xd2\xa8\xd3\xc2\x08\xcf\
S\x992\xc0\xd7\xf6J\xd0:\xf4\x0e=1\x92?\xa3\
\xf5\xa9\x15\xf8b_\x12f,\xe26\x08\xbe\xdb\xebW\
\x82/\xecq\xd0\xf1\x13\xd59J\xe4.p\xb6\xd5z\
\xb9\xd6\xad\x16,,,\xdc5g.\xdf\xc04*\x97\
\x07NO\x90}\x0f\x17G\x87\xce\xd1\xa31\xf3\xbd\xb4\
Ci\xa0\xc1NIe\xfe\xffB\xdc873\xf3\x18\
\x95\xc9\x03\x83\x10\x06y0U#\x97j]+E\xbc\
\xab\xf2~\xc1X\x80\xdf\xa02y@G\x1c\xc8\xafI\
u\x8d\x09w\xd4z\xfa\x08{\xe2\x9b\x8eL#\x22\xe3\
\xf35}\x1e`W\x1cd[\xad\x7f\xa8\xaeq\x22\xd6\
\xd3ok\xbd+\x811\xe6I^\x97\x05\xa6\xaa\xab\xa6\
\xa7\x1f\xa42Y\xe0\xc6\x80\x0e\xba\x94\xae\xf1\xe3\xee\xb9\
 x\xa2\xd6\xbfo\xa0\x01\xbf\xec\xc8\xacCc\xde\xaf\
\xe9\xb3\x80\x91\xf1\x0c\xc8\xdd\x94\xd23(\x06\xc14\xa6\
\xdb\xf7n\xda\xb4\xe9\x81\xa8\xe7\xcbR\xbf\xf7\xc9^f\
\x8fL\xd0e\x81\xd1\xf1o\xcd\x88\xc4\x94\xd3^\xbf~\
\xfd\x9dU\xc6\x07\xe8z\x14\xe4\xfe\xacz\x9af<U\
N\xb5\xdb\xedg&\xcb7;;\xfb\x00\xd4\xf5vM\
\xdf\x0f\xe9\xebb\xbd\x93\xf9\xf4\x05\x1a:\x9a\xc9\xde\xcc\
\xac=N\xd3\xfb\x80\xca\xef\x07\x99+UGS\x8c\xa7\
\xdcK1\xa2\x8f\xf1mI9RT\xae\x0aVf,\
\xd2>\xc0\x90\xfb\x93f\x10gr]\x99C&|\x95\
_T\x1d\x8d\xd0\x98\xeb1\x15\x9dYd\xc7\x83\xb4\x7f\
H\xc9W@\xb6a%\x11\x92q\x04H*\x03\x12_\
\xd3\x874\xbd\x0f\xb4\x5c\xab\x9e\x0a\xb2\x18M\xb1\xc6\x5c\
\xc4|\x8b:79}\xa9\x9e*YI\xe4\x0a\x14M\
\xa9b\x92\x15.\x1aU\xce\xe9\xa11[#^\xa0\x83\
 \xb8\x9f\x96#\x0f\xa1\xa7\xaeU\x91Q\x91\x9ag)\
\xf0\xcb\xe2\x81\xbe*\x8eh\xcc\xf75\xbd\x0fH\x7fj\
J\xbeBv\x17h\xee\xde4\xef\xa2\x88\x5cBu\xdb\
D\xc6l\xedk\xda\x8a\xb7\xa7i\xc5\x1d\xe5\xc7jz\
\x17\xf8\xa5\xd2NI\xc9\xf7\xc9x\x81\xe6\xbd\x90\x13*\
9\xfcB}4\x8f:\xd8\x9e\x99y\x8a\xe6]\x18m\
k\xdf\xa7\x0aINWE\x83\x14\x90\xfe\x0c\x95\xef\x93\
\x9b\x91\xff\xe9\x95n#\x97D^\xe6\x9f;\xf2\xaa\x9c\
\xc8\xe7$\xcd\xbb0\xd0\xe8\xdfQ\x85\x11\x83\xe07\x9a\
\xd6\x85\x0d\x1b6\xdc\xbd\x8a\xd1\x81\x0e\xb8\x8d\x97mx\
X\xd5\xab[?\x0b\xa8\xe7#\xc3\xfc\x00\x8dJ\x88\xbc\
.\xd6\xfc\x0b#\xf4\x1bpghZ\x17\xc2\xce\xf53\
\x95-E\x8e\xc6Z\x5c\x0f\x09 \x8fOj\xbeu\x11\
\xeb\xd4_4\xffB\xa0\x1bA\x95u\x89=\xfd\x11\x9a\
\xde\x05t\xc8\x15*[\x96\xbcM\xa5z\xab\x047.\
a\xe76U*\xef\xba\xb8\xb0q\xe3}\xb4\x1c\xb9\xe0\
\xb5\x00U\xd4\xe5\xcc\xcc\xcc\x835\xbd\x22\x8a\xed\xad\xc0\
\xee\xc8\x8b\x0e\xe4\xd6;\x8a|\x09\xc3\x83\x8an\xc3\x93\
\xa0~\xcd\xb3n\xf6\x14\x9d\x82/\xf3\xcd\xaa\x88D#\
o\xd7\xb4.`t\xbc[e{\xe0f\x9fQ\xc7\x1d\
`|\xa8\x95<J\xe6\xbf\xd7\x96\xd9\xfer\x04:\xf2\
\xad\x97\xc6\x1c\xaf\xe5\xc8\x85/\x88\x01\x1db4\xad\x0b\
\xb4ST\xb6,9\xb7\xab^\x02\xba_\x1fY\xe2\x0e\
\x99\x98;\x98F\xe5\x14\xd8\xf1\xdc?GO]\x5c\xae\
e\xc9\x05\x84V8\x14\x156\x08\xbd\x06eA\xd2\xce\
p])\xe3\xd7_\xb0\x11yZ\xf74\x95O\xc2\xb7\
\xado\x80SZ\x96\x5c`\x0d\xb9\xd0\xa1\x88\x0b\xfa\x85\
\x9aV\x11o#S\xb2eH\xbb@\xf5\x12\xf14\x95\
J\xef\xe1Z\x95O\x22\xac\xc9\x91\x98\xc7\x22m\x98B\
\xfc\x22BJ\x19\xb8B\xd3*\xd0\x98\xafr\xc8\x95\xa3\
\xc3\x13\x10Y\xfd\x19\xe1G\x0e\xee\xf4-\xf4\xbc\xdf\xe1\
H\xdf\x14\xbf\xa7\xe5\xc9\x85\xefK\xc4\xff\xff\x82\xa6U\
\xf4\xbb\xa0\xd3\xa7\xe4:\xaf\xe0NJ\xd3\xe6\x11\xe5}\
\x8e\xea!\xf0\xc1\x9d\xadi\x1b\xa31\xbf\xd0\xf2\xe4\x22\
\xe4A\x8e*jE\xc3\xedLM\xab\xc0\xdc\xfcy\x95\
+I\xe7\x1c[U\x87\xc4\xb1e\xff\xd4\xb4M\x11\x1f\
\xdc\xcf\xb4L\xb9\xa0\xabB\x15\xc5\xcc\x9d\xb2\xa2\x87a\
\xd2r\x85\xa9\xc7\xaa]p\xfa\x09y\x87\xdc!\xe3\xe1\
N\x97\x11\xd6\x94#1\x83\xe5\xa7\xac0\x08\xbe\xeaP\
\xc4\xe1v\x91\xa6U \xdd\xd7SrE\x19\x04\xd3\xaa\
/\x09\xdfT\xea\xa2\x0d\x82\x1f\xaa<\xd1\x94#\xd1G\
\xd4\xe1\x1bZ\xa6\x5c@\xf0,U\x143s\xe7Bx\
\x9d\x92\x05\xc8\xc3%\xd5\x97D|$\x90{\x87\x91i\
f\x8dy\xaa\xca3\xb22v\xddk\xfa&Y>\x10\
\xbd\x1f\xc30\xec}\x84\xec\xa0\xb1\xa6\xfa\x144\xfa\x98\
\xd6!\x9f\xd4\xe3\xbc:\x87\xdf\x969\xd27J\xde\xdd\
\xd7r\xe5\x82\x97\x19UQ\xcc[}\xee\x8c.\xd0i\
\xe78\xe4rY\xc6\x91H\xa3/\xec\xbc\xa5\x95\x5cS\
vr\x9ar\x8d\x0c\x82\xe5F\x1e[4\xdf\xa6\xc9C\
5-[.\xb8;QE]\xe6\x05Tc\x1d\xf8\xac\
\xca\x14a\x9e#\xd1\x05.\xda,+\xe9Z\xc0\x93\xe0\
=@\xcds\x10D9^\xa8e\xcb\x05v:\xf7\xf2\
ykm\xce\x93\x18\xf8\x02\xde\xa92\x05\xe8u$V\
\x05\xc6\xd9:\xf2m\x9cE\xbc\xe5N\xa0C\xaeSe\
d\x9e-\x82\x0e;Te\xf2\xe8s$V\x8586\
\xb9\x88\x0f\xacn\xfe]\xcbV\x18\xbe\xdd\x12\xdf0\xd1\
\xb4I\xf0\xfa\xb3\xcad\xd1\xe7H\xec\x17q\xd4\xcc\xe1\
\x1c\x19C\xd2\x19\xfd\x1d\xe1\xa2\x12\xefR\x851w\xf1\
\x02\xbf\xa6O\x02;\xa1?:\xe4|\xbcT\xe5\xfb\x01\
;\x17:\x97\x0d\xc3\x02\xee\xe0\x07\xb5\xbc\x85\xd1\xe2e\
\x9a\xb4\xc2\x88<\xc0\xd2\xf4I\x94z\x19\xce\x98cT\
\xbe,\xe2`\xbcci\xf4\x0d\x81\x9d\xe1%v\x80\xcf\
\xd6\xb2\x97B\xe8\x0bt\xb0\xf6\xc7\x9a6\x09t\xd8\x1b\
S2\x0e\xfa\x1c\x89E\x11ym\xad={\x90\xbe\xa9\
\x12\xbc\xa1\xef\xa8\x99\x0c\xaf\xe8.\x8c\xa0\xfd5}\x17\
\x0c^\x0b\xf3^x \x83\xe0K*\x9b\x07\xfa\xb40\
\x12ND\xfe\x97\xa5\xf4\x0d7\xcf\xd5\xba\x94\x06\x9f\xe7\
s(\x8e\xd8\xce\x09\xb6.\xb2\xcd\xf49\x12\x15\xf1C\
\x05\x87\xd1x\x1c\x96\x05\xba,[U\x04[\x13m}\
/\xb1K\x86\xf9\xb7\xdb\xfbi\xfa.\x0a\xdcF\xfa\xbd\
\xca(\xa2\xe8\x15>\xef\x17\x04\xd78\xe4G\x86\x98\x9a\
\xaf\xed+\xae7\x890\xc3\xff\x83\xc6z\x9b\xa6\xef\x22\
\xbe{\x1e\xaaL\x97>G\xe2\xa8,\xd0eh\xab\xba\
\xb0CD\xaf\xf0x\x9cy\xe8\xf9\xb9\xac\x85\xcav\x9e\
\x86M\xc9\x91\x0c\xc6K\xa6\x8d\xefgL\x8d\xc8\x02]\
\x98\x9cb\xabx\x9aj\x1f\x84\xbe(\x14f\x98\x11@\
\x1c\xbf\xe5\xee\x9c\xf2\xb8&D\x17-y\x8d,\x08\xa6\
\xf5\xf7\xb1\xa1\xb5+\xb5]\xfa\x06\x1a\xef\x80\xd0\x13`\
\x80\x0e\xb99\xeb\x0b\xc0\xef\xafU\x99E\xc4z\xaeE\
\x13a\xd69\x871\x17h\xfa$0\xb5\xfd*%\xb3\
\x08\xd8\xd3\xe9`Qp\x14p4h\xa6{\x99\x11-\
\x18\x8f\xb0\xa1x\xbc\xb2)b\xed\xd8^\xfb\x1b\xbfm\
k?\xa6\x19\xefe\xce\xe33\xf8\xfd#)\x99\xf1\xe6\
\xc9\xda\x06\x95#\xbakn\xcc&G\xe6\x1d\x1as\x85\
\xcf6\x89\xbd\xaf\x03\x0d0h\x8ch#_;T\x0e\
4\xea!a\xf6\x8d\xa3U\xbe\xc3&\xba[xi\xc5\
!3N\xdc\xd5\xd3\xa9`?\x083\x8c\xc5\x98\xde\xf8\
-\xdby\xc3}\x9c\xd7\x93S\xb5\xce\xb5\x83\xf6E+\
\xe7\x11Lp\x99\xcauAo\xf0\xb8X\xe1I\xb6\x8d\
\xf9\xa5ov\xa8\x1d|\x12\xd5\xe6?\x13;\xe5+ \
~{\x87\xf5\x9c\xdb\x8f\x229\x15\x0f\xec\x99\xd8.\x18\
\xed\x91\xb9\x15&\xad]\xed;\xf3\xa0\x95>&#\xe5\
\xa627\xb7jE\xfc\x8eI\xe6\x9f)\xc2\xef\x97\xfb\
\xee\x96\xdb\xce\xbb\xf1ebv\x87\x8a\xac;=\xdbZ\
\xaf\x81\x02\x8dzt\xde\x97\x1e=]a\xcc\x91*K\
\xa0\xb3^1\x8aN\xc5\xa8\xce\x15\x1cA\xd7\x02\x16,\
o\xa4\x90t'\xb8\x9e\x04D\xa7<>\x1c\xa1\xc7\x93\
YW~\x88Z\x8f\xa1B|(U\xe4\xf9\xbe\x1bP\
\x99\x13\xf55\xba\xe8\xf5\x87\x8e\x0b~\xa8\x17{\xbaE\
\xe8\xadN\x96}h\xc1s\x8d\x12\xc6\xdf\xd5\x8c#\xd6\
3\x15\xaeKaSO:\x95\xa51[iK%\xcb\
;\xf4\xe0\xf6\xaf\x80\x9d\x92\xe4f\xfa\xba\x92\xef\x5c\xd1\
\xf5@\xdf\xd90\xad-v\x14\xff(X\x17\xfc\xeaC\
\xfe\xa9\xedl7\xcb\xbe\x15f\x00\x83\xb5\x97\xf0\x08\xb7\
\x1b\x8c\x17E\x99t\xde#\xe9\xeb\xafF\xf7I\xd6a\
\xb9\x8e\xe4\x91D\xfcF\xef\xac\xa3\x92yd\xa8\xd1e\
\xbcO\x81i\xed\xa8(>\xb7s$\xbc\x8e\xbf9\xd2\
\xd7B\xcb\xb7\xee\x83\xe0\xa5Z\xaf\x91F\xe4%n\xb5\
N\x0b=g\xf3%\xc8\x0d\x03\x03'\xae\x8cFS\xfa\
\xf7*\xc9\xb8\xb2\xa5>\xa3v,\x805\xe2\xb1\xf1\xa3\
\x04\x8d}\xe1e\x19\xd9\x16\xd6\xae\xae#\x00|h1\
;;\xfb\x04\xda#\xe1\x10u\x0c\xed\x0a\x94\xe9|\xf0\
@-\xef\xa2A\xfc\x17\x17Ng \x996PS\x8c\
\xf3\xfe\xdc\xc0\x1d\x83\xc3\x84(\x5c\xc8\x98#\xd00\xe7\
\x85\xbe\x00\xefj\xb9\x0d\x1f\xc29\xdcpT\x16Q8\
\xae\x88\x22\x1e;\xaf6|\x14\xd3\xc7\xc5a5\x1dD\
\x1d\xab\xb0K;\x89\x86\xebXl_\x07\x89\xd8\xd0<\
\x987XC\x9eVZ\xbb\x92\x81\xd7q\x87q\x1b\xbc\
.\xfe\xf7*\xf0\x5c\xf04z\x00\xf82\x9e\xcbo6\
\xc1\x04\x13L0\xc1\x04\x13L0\xc1b\xc2\xff\x00\xee\
\x95\xa65fG\xde\xae\x00\x00\x00\x00IEND\xae\
B`\x82\
\x00\x00\x07\xa1\
\x89\
PNG\x0d\x0a\x1a\x0a\x00\x00\x00\x0dIHDR\x00\
\x00\x00d\x00\x00\x00d\x08\x06\x00\x00\x00p\xe2\x95T\
\x00\x00\x07hIDATx^\xed]Y\xa8\x1cE\
\x14\x8d\xe2\x86\xe2\xae\xb8\xa3\xe2\x8e\x8a\xa2\xa8(\x0a\x8a\
\x89\xa2\xe2n\x82\xe2\x9fJTL\xa2`\xf0C\x14\xa2\
\xf8\xa1\x10?\x0c\x06\xdc\x22.\xe8\x87\xa0b\x8cK\x8c\
\xfa\xd4\xb8$:LWW\xcd\xbc<}B\x10\x09\xa2\
\x06\xd7$\xa2\x89\x8e\xe7N\xa6\xa1r\xa6{^&o\
\xba\xab\xba\xa6\x0f\x1c\x86\xd7s\xaa\xeb\xde:\xaf\xba\xab\
z\xa9\x992\xa5B\x85\x0a\x15*T\xa8P\xa1B\x85\
\x0a\x15\x02A\xa3\xd1\xd8\xc9(uQC\xeb\x07\xf1\xf9\
l#\x8e_\xc9\x93\x5c\x7f\x85\x0e\xc6\xc7\xc7w\x86\x01\
w\xeb8^k\xe2\xb8U\x149\x8e\x0a\xc0X\xbd~\
0\x1ag%7V\x11\xe4X\x12\xa0\xf7\x5c\xdfj\xb5\
\xb6\xe3\xed\xc1c\xd5\xaaU\xfb\xea(\xfa\x96\x1b\xaa(\
r<\x09\xb4\xd6#\xf8~\xe1\xd0\x99\x82\xc4\x97r#\
\x15I\x8e'A\xc7\x10\xd1\x0c\x8f)8,\x5c\xce\x0d\
T49\xa6\x04\x96!-\x9c\xd7\x9e\x1a\x0aS\x90\xec\
2n\xa0\xa2\xc91%\xb0\x0d\xe90\xec\x9e\x12E\xd1\
^H\xf2\x1fn\xa0\xa2\xc9q%H1D\x18\xae)\
\xcd8>+%\xe1\xc2\xc9q%\xc80$\xdc\xc3\x17\
\xce\x1fWp\xb2.\xc8q%\xc82\xa4\xc3\xf0z\x0a\
\x12\x9e\x9e\x92h\xe1\xe4\xb8\x12L`Hx=\xa5\xec\
\x86\x08\x832%\x04C\x84\xc1\x98\x12\x8a!\xc2 L\
\x09\xc9\x10a\xe9M\x09\xcd\x10a\xa9M\x09\xd1\x10a\
iM\x09\xd5\x10a)M\x09\xd9\x10a\xe9L\x09\xdd\
\x10a\xa9L\x19\x06C\x84\xa51eX\x0c\x11\x96\xc2\
\x94a2D\xe8\xbd)\xc3f\x88\xd0kS|1D\
\x9e\x03\xe3\xd8\x04q\x1c\xbf\xc9\xda\x01\xd1\xcfK\xf7\xbe\
\x182Z\xaf\x1f\xce\xb1\x09\xe4\x191\xd6\x0e\x90\xfe\x99\
\xe2\x8b!&\x8a.\xe3\xd8\x04\xd2s\x1aQ\xf4v\x97\
~p\xf4\xcb\x14_\x0ci(\xf5$\xc7\x96@\x1a\x0c\
\xdf\x9f\xdb\x88\xe3[\x10\xef\xccA\xd3\x18s\x18\xd7\xe9\
\x0c\xda\x13C\xb4R\x7f\xa27\x1c\xc8\xf1\x0d\x1d|1\
\xa4M\xad\x17q|C\x07\xaf\x0c\x89\xdb=\xe5V\x8e\
q\xa8\xe0\xa1!\xff\xe1s\x9eW'\xda\x22\xe1\x9b!\
\x091\xff\xf8\x10\xa3\xab38\xde\xe0\xe1\xab!\x09\x11\
_\x13\x9f\xf31\x1f\x99\x0d\xce\x90x\xfb\xa1\x0c\xa7a\
\xeeq\xe0n\x9c\xbb\x97\xf0\xdd\x90m%\xf2Z\x0a^\
U\xab\xd5v\xe5\x9c\xbdFh\x86\xe88^\x83y\xc5\
4\xce\xb34\x08\xc9\x10\x1c\x96\x22\xa5\xd4!\x9cc\xa9\
\x10\x8c!J}?Z\xab\x1d\xc4\xf9%@\xaf9@\
\xc8\xdb\xbdC(\x86\xc8\xa5\x15\xceM.\x89`\x18\xfd\
8\xbe\xff\xcd\xd2\xfe\x8a\x09\xe8\x02\xf4\xa6CY\xef\x05\
\x820D\xeb\xd78/\x18t&\xbe\xfb\xb9K\x9bP\
\xa9_`\xd89\x5c\xce9\x820$\x8a\xce\xb7s\x92\
\xff~\xb96\xd6\xa5#\x22\xf7\xdf\xe5\xcdc\xbb\xacs\
\x94\xdd\x10\x8c\xaa\xd6\x8e\x8c\x8c\xec`\xe7\x84\x1e\xf3\x22\
\xeb\xb2\x88\xf2\xcf\xd9e\x9d\xa3\xec\x86\x80\xcb\xec|0\
\xef\xd8\x11\xdb\xd6\xa5\xe8R)=\x89\x0du\x8a\xd2\x1b\
\x82\xde`\xe7\xd3\x88\xa2S\xbb4\x13\xb0\xa9\xd4\x89\xf6\
>\x9c\xa2\xec\x86\xe0|\xf1\x8c\x9d\x0f\xfe>\x895\x13\
Q.\xad\xd8\xfbp\x8a\xb2\x1b\xa2\xa3\xe8\x0d\xcago\
l\xdf\xc8\xba,\xe2\x90\xf5\xf7\xf8\x8a\x15{\xd8\xfbp\
\x8a\xd2\x1b\x12\xc7k8'l_\xcc\xba,\xa2w\xbc\
\xca\xe5\x9d\xa2\xec\x86\x08\x91\xc3\xc9vNh\xe4\xd3\xf0\
\x9f\xff\x17\xebR\xb8\xa1\xd1h\x9cb\x97u\x8e\x10\x0c\
\x01\x17r^\x0d\xad\xefI\xd11\xe7r9\xe7\x08\xc1\
\x109\x0f\x8cF\xd11v^\xd8>\x87uL\xe4>\
\xcb.\xe3\x05B0D(\x97J\xec\xbc\xb0\xed1\xd6\
0\xd1\x8b\x1e\xb5\xcbx\x81@\x0cY'+\xe1\xd9y\
a\xdbG)\xba-\x08\x13\xdf\xb7\xcbx\x81\x92\x1b\xb2\
\xd1D\xd1\xc7\xf8\xbc\xd9\xceIn\xd7\xcaa,E\xbf\
\x05\xe5\xc4\xef\xdd\x1d\xc52\x1a\x82\x06\xffT\x96\xfeC\
c\xee\xc9\xf9\x08\x90\xd3\xa5\x5c&\x8b\xd0^\xc2\xe5\x9d\
\xa2L\x86`\xceQG\xbcgs\x0e\x0c\xa3\xf5\x12.\
\xdb\x83\x8b\xb9\xbcS\x94\xc1\x10\x1cZ\xfe\xc5\x09\xf8\xbe\
\xad\xb9\x08\x88|n\xe4\xf2\x13\x11\xbd\xed\x06\xde\x8f3\
\x94\xc0\x90\x0dF\xa9k8\xee\x04\xadVk\xfbf\xb3\
y\xb44*\x0ee/\x88y)\xfb\xe8\xc9N\x99\xe7\
e\x1f\xb2/\xd9'\xd7S\x18<7d\xa3,\xe6\xcc\
1\x0bd\xde!\xc3V\xd3\xeb\xae\xe0\xb6\xf3'p\xbe\
\x98\xc3\xf5\xe6\x0e\x9f\x0dI\x9b\xb8\xad^\xbdz\x17|\
\xf7\xd0\xd6\x8c\xa2&K\xa9CV\xf6\x96:9\x8e\xdc\
\xe0\xab!8\x81\xbf\xc3\xb1v\xd6\x87\x5c\xce\xda\xdc\xa9\
\xd4\x17\xb2\xae1\xc7\x93\x0b<5d=\x1a\xff\x08;\
N\x99/\xc8sW)\xdaB(#\xbcB\xe6,^\
\x1a\xa2\xf5\x02\x8eSN\xd8]\xba\x82Y\xc8\xfdw\xdf\
\x0c\x91\xd7\x11\x10\xd3\xf1\x14\xe3T\xd6\xb9bC\xa9\x0b\
\xec\xd8\x06\x0e\xdf\x0c\x01Wv\xc5\xa8\xd4g):W\
\x5c\xce\xf1\x0d\x14\xbe\x19\x82\xc6\x7f\xc4\x8e\xcf\x18s\x14\
k\x5c3\xd7\xe1\xb0w\x86h}\xa5\x1d\x1f\xb6\xdd\xc9\
\x1a\xe7Tj\xb6\x1d\xe3@\xe1\xa1!\xa7\xdb\xf1\x99(\
z\x9a5\xce\xa9\xf5\x13v\x8c\x03\x85o\x86\xf0\x8a\x0e\
q~KkL\x86\xf9]\x90\xf4\xcd\x90z\xbd\xbe?\
\xc57\xc2\x1a\xd7\x94\x98\xec\x18\x07\x8a\xb2\x1a\x82\xe1\xe7\
\xc3\xf8n\xef<)up\xbdB]\x19\xd2\xad\x03\xe7\
\xd9\xba< u\xa4\xd4;\x5c\x86\xf0]\xc0\x1es\x90\
{m]\x1e0\x95!\xf1&^0@\xc7\xf1h\x8a\
Nx\xbb\xad\xcb\x03f\xd8\x0dA\xe3\x7f\xd7\x15\x9fR\
?\xb0N8\xd9\xbb|\xf2\x0a\x9c\x8e\xa2\x971\xa7x\
\x0f\xfb\x9b+\xaf1\xb0\xc6\xb80\xc4\x97\x1ftiS\
\xeb%vlr\xb9]\xaemu\xe9\xe2v\xa3L\xb5\
\xb5\xfd@\xcab\x1f\x9b\xec\xfd\xa5\xfd\xda\xa8qb\xc8\
\xe6w\xf1\xba*u\xc49vl\x98\x83\x9c\x97\xa2i\
s2K9e\x0e\x14\x8c9\xc1\xd6\x19\x17\x86\xc8I\
\xd4x\xf0\xa3`\xed\x9e@\x0b\x89\xc9\x83\x0d\xac\xeb\xf0\
G[\xd7/\xb2\x0e\x838|]m\xeb\x8c\x0bC\x04\
\xc6\x83\x9f\xcd\x93\xbbr\x1cW\x8f\x11\xd6[\xac\xed\x07\
f\xf3=s\xde\xa74\xf4t\xd2\xb91D\xf7\xf1`\
YnTj\x86\x1d\x93\x5cB\xc9z\x82\x04=\xe7\x0e\
[\xdb/\x8c\xef\x86\x08r^h\xb2'\x91`\x93\x1f\
\xbdA\xa3?\xc0\xba\x848\xb7\x1cik\xfb\x85)\x83\
!\xcdfs\x1fT\xf6\x0dW^\x041\xb0\xb8\xd8\x8e\
\xa5}^\x93\x17\xfbS\xb4h\x8c/m\xed\xb6\xc0\x94\
\xc1\x10\x81\x8c\x5c\xe4X\xce\x01\xe4\xccw9\x0e\x93\xd1\
\x10B4\xc6L\xd6\x0b\xe4MZ\xc4~\x93|?!\
\x95\xfa\x83\xf7+\x94\x95Qm]\xd6\x95\xe6\xc2\x0c\x11\
\xb4\xd7\xc9\x8d\xe3\xbbL>\x0f\xa0u\x11u]g\xd7\
\xdf9w\xa4\xae\xc2 \x8b\x04\x8c\x8d\x8d\xedn\xeb\x05\
\xd0\xdf\x9f5_\xc9\x83\x85\x1a\x92\xa0\xfd\x02\xbe1\xd3\
\x8c\xfc\xb7j\xbdH&Ny\xf0\xebZm?\xbb\xde\
^7\xa4\xe455[+\x90\xf7\xd2\x8b4C\xe8\xc4\
\x10W0\x19\xe71\x99;\xa4=\x17\x85\xc6\x99\xc5\xda\
\xbc\x89\x9e\xfa\x01\xc7\x11,p\x1c\xff\x84\x1b\xa0M\xa5\
nc\xad\x00\xbd\xec\xda.m\xfe\xecz\xc94X\xe8\
\xcds\xa2-\xaf3aH\xce\xc3\xe2\x04\xf2*\x1b4\
&\xa5\xd1\xf2\xe2z\xa5\xd4\xb1\x1cG\xd0\xc0\xe8\xe6B\
\xf4\x88\xd7\x91\xfc\xe7r\xf9$\xeb\xa7,\x12\xc8s\xb7\
\xf2\xb4#\xf4+q\x0e\xaa\xe5\xc28\xfe\x0a\xbd\xf1%\
\xaf\xd6E\xa9P\xa1B\x85\x0aA\xe1\x7f\xd2R\xf8\x98\
\xfa\xdf\xa4'\x00\x00\x00\x00IEND\xaeB`\x82\
\
\x00\x00\x08Z\
\x89\
PNG\x0d\x0a\x1a\x0a\x00\x00\x00\x0dIHDR\x00\
\x00\x00d\x00\x00\x00d\x08\x06\x00\x00\x00p\xe2\x95T\
\x00\x00\x08!IDATx^\xed\x9dY\x88\x1cE\
\x18\xc7\xbd\xc5\x03\xc4\xe3\xc9x\xe3\x83\x07>x\xdf\xb7\
\xbe\xa8 \x9ex\xbch<\x08\x82\xa8\x11\x11EC\xf0\
\x88\xc6;\x82x\xa1x\x0bA|\xd0G\x8f\xe0\x91\x80\
\xb8nWU\xf7\x1a5\x10\xf1\xd6\x8d\x9ahb\xd4H\
\x8c\xff\xff\xecD\xe3\x7fzg\xba\xa7\xabzzw\xeb\
\x07\x7f\x9c\xac=\xf5}\xfdUWw\xd7W\xc7l\xb4\
Q$\x12\x89D\x22\x91H$\x12\x89D\xc6\xc5Z\xbb\
\xcb\x88\xb5'\xa5\xc6\xccp\xc6\xcc\x82\xe6f\xc6<\x8e\
\x7f\xbf\xe0\x92\xe4%~\xe6\xdf\xa0[3k\xaf\xc2\xf1\
'\xa7i\xba\xab\x96\x13\xa9\x80s\xeex\x04\xf6\xed\xd4\
\xdaU\xd0\xba~\x84\x0aZ\x89\xcaz\x17\x15w\x86\x96\
\x1f)A\x96$\x87\x22\xa0k4\xc0\xfd\x0a\x15\xf37\
*\xf84\xb5\x13)\x88\xb3\xf6\x19\x0djU\xa1\xa5\xbc\
\xa9v\x22\x05I\x93dH\x03\xeaA?\xa8\x9dHA\
p\xcf\xff>'\xa0\x95\xc4\xdb\xd6\x92%K\xb6T[\
\x91\x1edY\xb6\x05\x82\xb7V\x03\xeaCx\x8e\xec\xa5\
\xf6\x22=\xc0\x9b\xd5\x9e\x1aH_B\x85\x1c\xa7\xf6\x22\
=@\x85\x1c\xab\x81\xf4%T\xc8Ej/\xd2\x03t\
\xec.\xd4@z\xd4\x0dj/\xd2\x03\x06-'\x90~\
\x94$\x0f\xa9\xbdH\x0f\x18\xb4\x8e@\xfa\xd3+j/\
\xd2\x03<C^\xcf\x09\xa4\x17\xa1\xc39\xac\xf6&%\
#\xc6\xec\x9f:\xf70\x93}x\x06\x5c\x8e\xa0n\xa3\
\xc7\x14ahhhs\x04\xedG\x0d\xa4G\xfd\x05\x1b\
\xdb\xa9\xdd\x22\xac[\xb7n\xe34MOE\x19\xf71\
\x89\xd9\xd8Wh\xdcbN\x80\x93\xbfmx\xe2p\xf8\
\xa7\xcc\x98\xbb\x99\xa5\xd5\xe3\xbb\x919wEN\x10}\
\xeb&\xb5\xdb\x0dT\xe0\xd6\xcc2C\x8b7,\x07\xe7\
\xf8+\xcf]\x8f\x1f(I\x92\xec\x01\xe7\x96\xe5\x9c\xf4\
z1A\xf82*\xe70\xfd\xae\xc2V\x86\xab\xee\x97\
\x9c2|k5\x93\x97j_1\xc6L\xc3\xb1sz\
\xb4\xd8e\x1f\x0f\x0f\xef\xae\xdf\x1d\x08\xbcr\xd0\x02\x92\
\x1c's\x85+j!\x02~\xde\x82\x05\x0b6\xdb\xb0\
\x1c\xdc\x0a6a\xff\x00\xc7,\xd7\xef\x84\x12+\x9e6\
i{C_\x08+\x0b\xb7\xdd\x17\xd3\xa2\xd9fc>\
Z\xb4h\xd1VZN\xedp`\xa8\xc3\xb9b\x1am\
\x0d*9w?\x9e;\xcf\xe3\xe4?\xcf9\xa6.}\
\x06=\x0a\xdd\xd4z\xbb3\xc6\xe5\x1c\xd3S\xb80\x9f\
\xd3\xf8\xd4\x0a\xaftuj\xaa\x0b\x17\xd69\x1a\xa7Z\
\x18\x19\x19\xd9!D6v\xa2\x0b\xb7\xe4\xef\x18\x1b\x8d\
Wp`\xfcYu&\xaa-c\x9e\xd6x\x05\x05\x0f\
\xbc\xa3;\x9c\x88\xfaW\x1csa\x8c4n\xc1hO\
:\xe8p$\xea?qR\x85\xc6-\x08x\x90\x9f\xa2\
\xc6\xa3\xf2\x85J9Q\xe3\xe7\x1d\x18Z\xa4\x86\xa3\xf2\
\x85;\xc9\xfb\x1a?\xaf\x8cX{\xb8\x1a\x8d\xea\xae\x22\
\xd9\x89\xbeq\xd6>\xa1\x06\xa3\xba\x8b\xb3)5\x8e^\
\xc8\xb2l\xdbV\x22-\xc7\xe8 \x84\x8b\xe3\x0bt\xc2\
\xe6\xe3\xf3<<\xd7n\xa4\xf8\x99\x7f\xe3\xff\xd3\xe3\x07\
%\xc6\xac\xdf\xacwWP\xf0\xa5j\xacv\x19\xf33\
\xfc\xb8\x1d'x\x90\xfa\xa7\xf0\x18|\xe7\x8e\xb4\xc6\xdc\
\xd8xb\xec\xd4\xbf\xca\xa4\xce=\xa6\x86\xea\x12N\xe8\
w\xfc\xf7\x1e\xb4\x82\xed\xd5\xaf^\xb42\x0acc\x17\
\x7fh\xb9\xb5)DG\x11\x05\xcf\xee0T\x83P\x09\
\xdf\xfax0\xa2\xc5\x1c\xc1\xb4\x86\x96_\x8bB\x8c\xe1\
\xb7\xc7\x05F;\x8c\x05\x14\x02H\xa6\xa9/\xfd\xc2\x81\
\xb2~3\xb9\xfd\x8a\xad\x9bc<\xea\x8b\x17\xb2\xe1\xe1\
\xfdp\xc5\x8e\xa8\xd1\x10b\xcb\xf0Y\x19\xeb\xe1z\x91\
\x1a[\xca(\xd7\xa8\xa8\x0f^i\x0de&\xc9\x939\
\xc6\xbd\x89W\x95\x8f\xdb\xd4x\xa0\xb2\x8f\x0c\xfdL\xc1\
\x9b\xde[\x9f\x0c\x0f\xef\xac\xb6\x83\x81\xa6\x7f6\xdfz\
\xd4\x11\x1fB\xb0\xe6\xaa=\xdf\xc0\xc6\x03j\xd7\x93\xfe\
\x82f\xcf\x9f?\x7fS\xb5\x19\x1c\x8e#\xe3\xc4\x16\xe6\
8UE\xcb\xeb\x18O\xe0\x1b\x1b|\xff)\xc7~\xdf\
By_r\x0a\xac\xda\xaa\x15N\xd9I\xf9Jj\xcc\
\xdf\xea`?b?Cm\x84\x02\xb7\xde;\xd5~\xdf\
r\xee\xd5:.\xa4\xc2\xe0\x8a;\xb3\xdd_\xe8t\xb6\
\x84\xf0Fr\xa0\x96\x1d\x0a\xf8|\xb0\xda/+\x9c\xf3\
Zh\xa6\x96\xdd\x08\xf0L9_\x1d.#\xa6<8\
\x11M\xcb\x0d\x05m\xf16\xa3~\x94Qf\xed\xb5Z\
n\xa3\xe0\xdb\x85:]T\xccCiy\xa1\xa90k\
\x86\xfa\xb0\xce\x0b\xa8/\xd0J\xa6\xe78^T\xf3\xb4\
\xbc\xd0d\xce\xdd\x96\xe3G!q-\xbc\x96\xd78\x98\
\xa2P\xc7\x8b\x8a\x19[-/4\xb0y\x9d\xfaQT\
\xe8+\x1d\xa3\xe55\x8e*+\x9f&Z\x85\xf0\xe2\xd3\
\xf2\x1a\x07nYW\xab\xe3%4\xa1nY\xa8\xccK\
\xb4\xbcF\xc19\xb2\x9c\xe3\xaa\x8e\x17\xd5D{\xa87\
~\x13\x02T\xc6\xf5\xeat\x19\x0d\xe2\xb5\x17>\x7f\xa5\
~\x94\x12^\xf5\xb5\xdcF\xc0\xce\x91\x8f\xdez\x91\xd1\
@_\xa4iz\x88\xda/+v\x86\xd9)\xd6\xb2\x07\
FkD\xce\xb9W\xd5\xd1\x0a\xbaCm\x84\x02\xb6\xe6\
\xe4\xd8/\xad\xf6\x85x\x0f\xd3Hj\xa3V\x98\x22\x87\
#K\xd5\xc1\x8aZ\xbex\xf1\xe2\x1d\xd5\x96o>\x1d\
\x1a\xda\x09\xb6V\xe4\xd8\xaf\xa2\x0fq\x81\xee\xad\xb6\x82\
\xd3\xba\xf7Z{MZt1KI\xe1\xb6u\xaf\xda\
\xf4M\xa8U\xbenl\x11\xd0\xc5j/\x18\x1ct\xa9\
\x92\x1e)\x22\x0e\x1e\x85|\xc7\xc7\xb3\xe3(\xd8\xf8S\
\xedzU\x92<\xc9\xc1<\xb5\xed\x1576\xaf\xb7\x96\
qu\x04\xec;\x8e\x81\xab\x0fU\xc9\xb2l\xb7\xba\xd6\
\xb5p\xb8\x9b\xc3\xde\xea\x83\x17P\xf8\x01>\xd2\xeb\xa5\
\xc4\x09\x09\x1e\xf7LlU\x86\xb5i\x87\x9d\xb0\x1a\x0d\
2\x94\x8b\x82\xe7\xe5\x18\x0b.\xb6\x14\x8e\x81\xab?e\
i\xadi\xa9\xa9e\xa8p\x0e\xb3\xd4\x9f\xcap\xb2\x97\
\x1a\xaaK\xbc\xdfC\x0f\xf4\xf3\xf6\xc5\xef\xe0\x99\xf7`\
\xf0gFw=\xa2~U\xc65a*)\xa7\x85&\
\xc9\x9d\x1c\xe9\xeb\xd6\xa3o\xef\xb6\xc0N\x1f\xfb\x19\xbe\
_mK+H\xce\xabq\x93\xad\x8d\xf9\xb2\x9d\x87\x9a\
\xdd\xce\x12\xcc\xe4g\xe8\xe5\xca\xe9\x10\x8f\xe2kp\x90\
\xc9\xd6$\xf4|\xacI\xaaG5\x8e\xde\xa82\xf84\
U\x15<7\x07\x03\xef\xab\xd1\xa8q\xf5\x9e\xc6\xcf;\
\xad\xbd\xd7;\x0dG\xe5\xa9\xae]\x82l\x5c\x16]D\
oh\xdc\x82\xc1NV;\xe5\xacND\xd9\xb1t\xbc\
\x8f\xcel)\x06\xd9Ql\xbc\x9c{J\xe3\x15\x1cn\
\x91\x07\xe3_w83\xc5\x85\x96\xf1\xad\xebc\xe9\x9d\
\x172k\xcfU\x87\xa6\xbc\x8c9K\xe3T+\xdc|\
\xac\xc3\xa9\x22J\x12\xdb\xca1\x8d-g~\x04\x95\xfb\
i\xc71\xf5i)\x7f\x1a\x83\x03c\xed]\xe4\xfa\x1a\
b\xb0\x83\xde\xc0\x8cp[;n\xbb\xaa\xce\x8d\xa35\
<\xe1\xbc\xbd\x0e\xd7o\xf1\xc7TC\xce\xf7\x82\xc8q\
\x93Nk/\xd0-\xfe\xb8\xfd \xfc8\xcf\x95Y\xfb\
\xd2\x94-\xfe\x08\x17\xee\xa4]6\xc1lo 9\xa7\
\xc8\x9a\xc1\xf6\xaf\xea\xac\xd62\x02hE\x9a\xa6\xfb\xaa\
}\x85\xf3\x06\xda9\xb3n\xc3\xd5\xa3\x8d\xd9\x04s=\
\xec\x04\xe1\x8aZ\xf9?G\xb9\xa5\xaa13\xca\x0ee\
\xe2\xbb7\xe7\x9c\xb4_\x193]\xedv\x83\xa3\x97\x99\
sw\xb1UIY\xab\xd0\x9a\x8e\xd7\xe3\x1b\x01\x1c\xdb\
\x0bN\xdf\x02\xa7\xe7r\xb3\xe1n)\xf2n\xb4\xdf\xe0\
\xb8V\xaf3\x90~\xb4LwE-Jk\xd1\xab\xb5\
\x97\xf1\xd9\xc91\x1a\x9c\xf3>z\xcc\xa4\xc4\x96\xd8z\
\xb6\x0f\xbd\xa6\xf6\x22=@\xd0^\xc9\x09\xa4\x17qk\
Z\xb5\x17\xe9A\xa8yS\x14\x07\xb3\xd4^\xa4\x07i\
\xc8\xdf\x0fi\xea\x04\xe9&\xc3>IG })M\
\x8fR{\x91\x1e\xa0B\x8e\xeb\x08\xa4'q~\x96\xda\
\x8b\xf4\x80\xaf\xd0\x1aH\x1f\xc2\xf3c\xed\xc0g\xa9O\
D\xf8\xe3\x8f!\xc6\x5c\x9c\xb5\xdf\xa8\xadHA\x10\xc0\
\x1f4\xa0\x1e\xf4\x81\xda\x89\x14\x84k\xf8r\x02ZM\
!\xb6\xdb\x9b*\xa0/r\xba\xe7\xdb\xd6\x9a\xe0\xd3r\
&;\xac\x14\xe8\x9d\x8e\xc4e\x09\xf1\xbblm\x13b\
\xa1\xffD\x82\x19\xd7\xd64$cf0\x89\xc9\x1f\x1c\
\xe3F\xc5\xadA%\xfe2\x1c?\xf3oLp:w\
%\xf7^\x0f\xb2\x14 \x12\x89D\x22\x91H$\x12\x89\
D&\x11\xff\x00\x89\xfd\xa9\xee\x5c\xb4x=\x00\x00\x00\
\x00IEND\xaeB`\x82\
\x00\x00\x04\xb0\
\x89\
PNG\x0d\x0a\x1a\x0a\x00\x00\x00\x0dIHDR\x00\
\x00\x00d\x00\x00\x00d\x08\x06\x00\x00\x00p\xe2\x95T\
\x00\x00\x04wIDATx^\xed\x9d;o\xd3P\
\x18\x86+.\x026\x0ae\xe5\x22`(\xf7\x81\x99r\
)\x7f\x00!&.\x0b\xf0\x03\x80\x8d\x9b\x10\xa8HP\
\x06`\xa0l\x08\x06\xa4\xee\x5c\xb6\x88\x81LQ|\xce\
\xb1\xd3\xaa\x14\xa9\xa2H\xb0\xd1\x1dZ\xca\xf7\xa51J\
\xbe\xd8\xc9I\xec\xe3Z\xf2\xfbH\xaf\x9a&'9\xd6\
\xf7\xc4\xf1qrl\x0f\x0c\x00\x00\x00\x00\x05\xa4Z\xad\
n\x0b\x8cy\xe8k]ndl\xa6R\x19\x92\xed@\
\x06h\xadw\xf9J}'\x09\xcb\xcd1J\xcd{\x9e\
\xb7S\xb6\x07\x8e\xa1\xe2\x7f\x942\xc2\x04\x9e\xf7^\xb6\
\x07\x0e\xa9\xd5j[hMX\x92\x22\x9a\xd6\x92%Z\
K6\xcb\xe7\x01G\x04\xd5\xea>)\xa1-\xbe?,\
\x9f\x07\x1cQSj\x7f\x9b\x00\x11n#\x9f\x07\x1c\x01\
!9\x03Br\x06\x84\xe4\x0c\x08\xc9\x88J\xa5\xb2\x9e\
FG\xa7\x8d1W)\xa3\xfc\xbfl\xc3$\x11b\xdb\
G\xe1\x09\x82\xe00\xed?\xcc6\x17\x95\xff\xe7\xfbe\
\xdb~\x85\xd0\x0e\xe3\x11\xdb>\x0aMcG\xef\xa7,\
j#\x0b\xf4\x8e>\xda\xd2\xbe\x0f!\xfc\x1a\xf5\xd7\x8a\
hKk\xca\x0f\xca`s\xfbBCE\xb9!\x8b$\
\xd2\x22\xa5W!\x9dd\x84\xa17\xc4\xb5\xb0}\xe1\xf1\
\x8dy#\x0b\x14\x91\xffRz\x11b#\x83\xa3\xb5~\
\xdd\xbaT\x05&P\xea\xb9,PL\xeaRl\x85\xd8\
\xcah\xe4\xa9\x5c\xae\xc2BBND\x14(.\x0b\x81\
\xd6\x97\x22\xeeoI\xa3\x8d\xad\x0c\xde\x8e\x8c\xc8\xe5*\
4\xf4\xb15!\x8b\xd4!\xbf#\xee\x93\xb1i\x13\xe6\
\x85\x5c\x9e\xc2\xb3\xbc\xbc\xbc\xc6h\xfd*\xa2X\xae\xf3\
vrrr\xad\x5c\x1e0\xb0*R \xa3\x1b\x19J\
\x81\x0c[2\x90\x02\x19\xbd\xe2P\x0ad\xf4\x8b\x03)\
\x90\x91\x94\x14\xa5@FZ\xa4 \x052\xd2&\x81\x14\
\xc8pE\x1fR \xc35=H\x81\x8c\xac\xb0\x90\x02\
\x19Y\xc3R\xb4\xd6\x8f\xa9\xf8\x8bM\x22\xfeP\x1e\xf1\
c\xb2=\xc8\x88\xa9ju\x87\xaf\xd4\x05\x0e\xdf\x96\x8f\
\x03\x00\x00\xc8\x0f<z\xf1=\xefx`\xcc\x95\xc6d\
3D\x84k\xc35r>\xd2\x9b\xf2\xbc\xbd4\x8a\xf1\
#\x86\x99HT<O\xd7j\xb5=\xb2\x8e\xa9P.\
\x977\x19\xcf\xfb\xda\xd6)\xd21<3rnnn\
\xa3\xacgblfz 1\xa1!\xb9\xacgb\xe8\
s\xf1I[G\x88m\xc6e=\x13C\xab\xde\xed\x88\
\x8e\x10\xbb\xdc\x94\xf5L\x0c\x8d\x1e\x0ev:\xf2\x15\x89\
\x0e\xd7LN\xfcN\x0d\xfa\xd8\xba';D\xba\xe6\xae\
\xacc\xaa\xd0\xc6\xfd,\xad-\xa5\xfa\xe1\x03J\xfdB\
\xda\xc3\xb5\xe1\x1a\xd1\xed3\xb2~\x00\x00\x00@n\xa0\
\x0d\xd59\xdf\xf3>a\xa3\x1e\x9fzm\xa8F<\x00\
\x92\xf5K\x15\xea\xe8~\xc4\xb0\x0e\xe9\x10\xdeU\x90u\
L\x05\xdf\xf7\x0f\x91\x90\xbf\xb2C\xa4sx\xc7Pk\
}@\xd631\xf4\xc2wdg\x88]h-\xb9%\
\xeb\x99\x18|\xb9\x98(\xe9\x7f\xb9H\x1b\xa8\x8b\x11\x1d\
!6Q\xea\xbc\xacgb\xf8G\x16yZ\x0a\xa4{\
\xe8\x8d<3;;\xbbA\xd63\x15\xf8\xe7H\xfeY\
Rv\x8aD\x876\xe6\x1e\x0d\x86v\xcb:\xa6J}\
\x1a\xa71#d\xfe\xb2\xfcq\x1fYI\xa36\xc70\
\x83\x12\x00\x00\xf2\x0d\x9fV\xbc>$\xc7d\xeb\xd5\x85\
7\x984\x92\x19\xf7[\x0fGX\xe4C\x14\xb01\xcd\
\x18\x9b\x03vJ\xa5\xd2:\xf9<\xe0\x00\x0b\x19\x90\x92\
\x15=\xc8\x80\x14\xd7\xf4!\x03R\x5c\x91@\x06\xa4\xa4\
M\x0a2 %-R\x94\x11\x06R\xfa\xc5\x81\x8c0\
\x90\xd2+\x0ee\x84\x81\x14[2\x90\x11\x06R\xba\x91\
\xa1\x8c0\x90\x12\xc7*\xc8\x08\x03)Q\x04J\xbd\x8c\
(V\x5clN\x92l\xd3f%\xc6L\xc8\xe5)4\
5\xadO\xb6\x15)>NN5\xce\xc7\x95\xcb\xe5*\
,\xb98\x19\xbf1\xcf\xe4r\x15\x16\x5c\xae\x22g\xf8\
J]\x97\x05\x12\xc1\x05]\xb2\xc4\x183\xb8\xda\x97<\
\xc2\xb5s\x05|a.*\xce\x97\xe6B\xf1\xac\xbf\xa8\
\x0bv\xf5#\x84\x89\xeb\x83g\xf6\xcb\xb6``\xe5\x92\
v\xf4Y~\x8a\xcf\xa6\xc3\x7f\xe3.i\xd7\xaf\x10\x86\
_\x93\xd6\x88Q\x9e\xd0\xd6\xa9\x0f\xd0\x03I\x84\x00\x07\
@H\xce\x80\x90\x9c\x01!9\x03Br\x06\x0dS\x87\
\xa5\x80\xb6P\x1b\xf9<\xe0\x88\xc6\x8ed\xec\xa9\xa2\xf8\
1\xec\xe8e\x8c\xd1\xfa\x83\x14\xd1\x94w\xb2=p\x0c\
\xcft\xa75a^\xca Q\xdfh\x8f|\xbbl\x0f\
2`\xa6R\x19\x22\x09c$\xe63\x87n?\x98\x9e\
\x9e\xde*\xdb\x01\x00\x00\x00E\xe0\x1f_\xa3\xd4\x18\xe9\
\xd6\xae\xfc\x00\x00\x00\x00IEND\xaeB`\x82\
\x00\x00\x08?\
\x89\
PNG\x0d\x0a\x1a\x0a\x00\x00\x00\x0dIHDR\x00\
\x00\x00d\x00\x00\x00d\x08\x06\x00\x00\x00p\xe2\x95T\
\x00\x00\x08\x06IDATx^\xed]i\x88\x1cE\
\x18\x8d\xf7\x89'\x8aJ<\x10\xc4\x13D\xf0\xf8c\x8c\
g\x94\x88'\xc6x!x\x10\x15Q<\x10\x14\x05\xd7\
\x03D\x10/\xdc\x1f\x1a\x12\x0f\xf0`\x15\x09\x11\xc53\
\x1bE\xd7$\x8e\xd3]\xd53Y\xc9\x0a\x1b\xff\xa8$\
\x81(\x01\xc5\xa0Y\xdf\xebLOz\xbe\xa9\xb9\xbb{\
\xba\xab\xfb\xc1\xa3w\xbb\xae\xaf\xbe\xd7uv\xcd\xcc\xac\
Y\x05\x0a\x14(P\xa0@\x81\x02\x05\x0a\x14(`\x09\
*\x95\xca\xee\x9e\xeb\xce\xabh\xfd$\xaeK+J\x8d\
\xc5IY~\x81\x1a\xa6\xa6\xa6\xf6\x80\x00\x0fj\xa56\
yJ\xcd$EiG\x01\xe0\xa7r\xf9\x088g\xb5\
tV\x12\x94\xb6\x04@\xeb\xb9nfff'y\xdf\
zLNN\x1e\xac\x1d\xe7g\xe9\xa8\xa4(\xed\x09\xa0\
\xb5\x1eG\xf8h\xeeDA\xc5?\x93NJ\x92\xd2\x9e\
\x005A\x18'?\xa2\xa0[\xb8L:(iJ\x9b\
\x02\x84\x04\x99\xc1\xb8\xf6Z.DAe\xbf\x90\x0eJ\
\x9a\xd2\xa6\x00aAj\xb4\xbb\xa58\x8es\x00*\xb9\
U:(iJ\xbb\x02\x18\x04!\xed\x15\xa5\xaa\xd4Y\
\x86\x0a'NiW\x80\x16\x82\xd8\xdb}a\xfc\xb8\x5c\
Vv\x18\x94v\x05h%H\x8d\xf6\xb5\x14Tx\x81\
\xa1\xa2\x89S\xda\x15\xa0\x83 \xf6\xb5\x94\xac\x0bBZ\
%\x8a\x0d\x82\x90\xd6\x88b\x8b \xa4\x15\xa2\xd8$\x08\
\x99yQl\x13\x84\xcc\xb4(6\x0aBfV\x14[\
\x05!3)\x8a\xcd\x82\x90\x99\x13\xc5vA\xc8L\x89\
\x92\x07A\xc8\xcc\x88\x92\x17A\xc8L\x88\x92'A\xc8\
\xd4\x8b\x927A\xc8T\x8b\x92\x16Ax\x0eL\xdaF\
(\xa5>\x92q#b:\xb7\xee\xd3\x22\xc8\xdar\xf9\
hi\x1b\xc13b2n\x84L\x9f(i\x11\xc4s\
\x9cK\xa5m\x04[N\xc5q>i\x8a\x1f\x1d\xd3%\
JZ\x04\xa9\xb8\xee\xab\xd2\xb6\x00t\x18\xc2\xcf\xae(\
u;\xec]\x145=\xcf;R\x9694\xe8\x94\x08\
\xa2]w\x0bZ\xc3a\xd2\xbe\xdc!-\x82\xf8\xd4z\
\x89\xb4/wH\x95 \xcao)wH\x1bs\x85\x14\
\x0a\xb2\x0d\xd7\x91T\x0d\xb4I\x22m\x82\x04\xc4\xfac\
\x05fWgH{\xadGZ\x05\x09\x08\xfb\xaa\xb8>\
\x87\xf5\xc8=\xe0\xb5\xb47.\xe2!\x98-\xfd\x938\
h\x88tB^I_H\xff$\x8eB\x90\x1d,\x04\
I\x19S!\x08\xfbeiXn\x09_H\xff$\x86\
\xb5\xa5\xd2\xe1\x18\xc4\xde\xc34\xf3\xef&\xc3r\xca\x9a\
/\xdeM|\xc7\x00B\x1c\x0f\xae\x97\x06\x15\xdc\xce\x8a\
R\xd3k\x1d\xe78\xe9\xb7X\xc0\x05\x97V\xaa,\x8d\
(\xd8H\x8c'\xe3\xd2w\xb1\x00\x05\xcd\x95\x85\x174\
\x13\xbd\xc8\x1c\xe9\xbf\xc8\x11\xf3\x0b\x1f\xab\x881\xe5\x01\
\xe9\xbf\xc8\x81\x82Fd\xc1\x05[rD\xfa/r\xb0\
\x10C\xc1l\x9e\xdf\xa2;;0\x8fd\xdd\xa5?\x86\
.\x88Nj\x10K!Xw\xe9\x8fL\x0a\x82\xf9\xfa\
\xbe<R\x03\xae\xaah}\xb7\x0c'\x90\xf7]\xe0j\
\xc6\xc3\x93\xb8O\xfd\xbe\xe3\x9c\x8b{_!l9\xca\
>!\x9c\xa6\x13\xfco)R\xeam\xa4[\x83|J\
>\x95\xfa\x18|\x04e\x1c*\xe3w\x825\x82 \xdd\
K\x0d\xf9\x88\x95\xae\xdc\x05\x80\x00/\xf0\xfe\xc4\xc4\xc4\
^\xf8\xff\x8fz\x18\x1c\x1aN\xd7\x0accc\xbbT\
\x5c\xf7ui\xbb\xe0f\x94{\x95L\xdb\x0e\xd6\x08\x82\
\xa7t\x99\xc8gC\xf0\x84\xf2\xca\xff\x1b\xc2\xb5\xfe\x90\
a\x9e\xe7\x9d\xd8P\xb6\xeb\xfe\xd7\x98\xb3\x19\x88\xf7\x94\
\xb4\xdbD\xc4\xfb\xa7\xd5\xb1\x22\x13`\xeb[H\xf3,\
|p#\x04\xbf\x18\x7f\xdfB\xe1\xf1\xff\xfd2n\xe4\
\xf0\x22\x14\x84ObS>\x8e\xf3>\xc3x\x95a\xc1\
\x93[u\xdd\x93eXc\xce\xcd\xf0\x07\xe0\x1e\xb6y\
\xe0\xd0\xf3d\x1e\xa9\x84\x17\xa1 \x04\xd2~\xd0\x94\x97\
Ro\xc8{\x8c\x17\xa4\xe9S\x90+\x1a\xca@+\xc0\
\xf5^\xdc_\x80\x96z=\xfe~\xb3\xf6\xfa\x97\xc2\xeb\
\xe9\xe9\xe9=e\x1e\xa9\x84\x17\xb1 \xb5\xaei\xa3\xcc\
Opcx\xb0\xedK\x10t#\x0di\xe0t\x19\x07\
\xf9\x9eF\xe1J\xa5\xd2\xde2,\xb5\xf0\x22\x16\x84\x80\
s\x16\xca\xfc\x84\xf3\x16\x86\xe3\xf7#HU\xa9\xf3e\
\x1a\x8ea<`\x87\xbfG1\xcb{l\x90w\xf0\x14\
\x11>X\x84|\x9ea\xd7\x9a\xd8!\x0b/\x06A\x08\
\xcf\xd0u\xd5X\xef\xaa\x02\xf4#\x08\x8f\x94\xc2\xc6_\
e\xba&b\xe20\xb5j\xd5~2};\xf8\xdf\x88\
\xe4\xba\x93\xe1|0\x06\xbe#\xe3\xc5\x02/&A\xd0\
%\x9d\x22\xf3$y_\xc6\xedG\x10\x02-\xe2\x9a\xfa\
8\xd1\x86(s\x05\x9e\xf0\x9de\xfaV@\x9a\xa7e\
\x1e\xb5|.\x90q#\x87\x17\x93 ^\xcc-$\x00\
D\xb9\x19\xb6\xfe)\xd3Kr\xa0\x97i[\x01\xf1?\
\x95\xe9I\x88\xff\xb0\x8c\x1b9\xbc\x18\x04\x91\x0b\xc0&\
\x8a\x05\xe3 \x82\x10\xfc\xc2N\xe4y+\x1c\xf6\xbc?\
\x868\xceb\xfc\xff{C\x9e\xb55O7`\xdd\xa5\
=5\x8e\xc8\xb8\x91\x83\x85\x18\x0a\xee[\x10\xe3\x02\xb0\
\x99\xf5\x05#\xd1\x8f \x1cd\xe1\xf4\x9b\x10w\x14\xd7\
y2\x9c\x03rC\x9e\xae\xfb\xa3\x8c\xd3\x0aV\x09b\
\x5c\x00bM \xef\x05\x0bF\xc2$\x08\xd7\x13\x82\x17\
\x8e\x8f\x8f\xefZ/'4\xed\xf5\xc7\x11\xb4\x0a~\xa7\
/\xe3\xb2{\xe2~ZC\x9e\xae\xfby\x90\xb6\x13\xac\
\x11\xa4\xd7\x95:\xca\xb8\x92a&AL\xe4\xe0\xcc\xfd\
\xabZYKex;\xf6\xf2r\xc9\x1aA\x0c{Y\
\xf5\x05\xa0q\xc1\xd8b/\xab\x1d1\xdd=\xd5O\xe3\
\xbaW\xcb\xb0V\xe4!\x05\xeeD\x87mm\x07k\x04\
\xf1z\xdd\xed\xc5 \xcc\xfb\xb5\xdd\xde\xcd\xd2\x06\x03\xff\
*\x97\xcb\x87\xd4\xf3S\xea6\xe4\xb1\xc5\x10\xafN_\
\x8cr\xf9\xa4\x1dVt\x865\x82\xf0)\xe4\x87l\x14\
\xdf\xb8a\xd6#\xc3\x09~\x0c\xcd\x0f\xdf\x1e\xaf\xfe>\
\x04\xe5\xcd\xc5\x0c\xe9\xcb\xfa\xfb\x0cI\xa5V\x22\xce\xfc\
p^\x04\xcf\x93!\xecQ\xffs\x87\xe1\xf8\x183\xd8\
M\xf5\xd22\x02X#\x88-H\xa5 |\x8a\xb5\xe1\
}\xb3\x8d\x94\xfbT:\x8d\x82\xe4\x89\xe1q\x89\x18\xae\
 \xc5\xb9\xact\x09\x82\xc2\xcf1\x14l\x1d1\xc0\xff\
\x86\xeb\xe3\x98b\x9f\xce\xdd\xdcR\xa9\xb4?\xdf\x97\xf0\
\x9e\xdc\x0d\x1e\xaa D\x1b\x03\xec\xa0\xd6/\xf7\xf2\xc6\
\xb0\x8d?Fd\xdcX\xc0\x93\xdd\x9c\xaf\x1b\x0c\xc8<\
+Z?!\xeb\xdb\x09C\x17\x84\xe0g \xf8\x12\xa6\
\x97\x83\x03i'\xea\xf2\x9d\x9cAu\x83T\x08\x12@\
\xae\xa6\xb3L\x1e\xe1\x09\xd7\xad\xb6C|'\xf7\xc4\xfc\
\x85\xa3\xd67\x84\xc3\x03\xf4\x22\x88\xff+v\x18\x87\xfc\
\xc5\xaeR\xcb#?\xdd\xa2\xed\xf9\x8c\xe1\x86`#2\
\x80\xff~\x5c\xc4C+zE\xb6\xa2n\x05\xe1d\x00\
\xf7&D~\xdb\xe4\x830\x10l\x11\x04N\xf9&\x5c\
/\x0e\xea^\xeb_\x0ej\xf8J\xa6n\x04\xf1\xc5p\
\xdd\xef\x0dqx\xf2\xf2\xeb \xde\xc0\xa8\xa4\xe4\x07]\
\x22\xe0\xf2p\xbd\xd0\xa5\xcc6\xc4\x09\xb3.J'A\
\xda\x8a\xb1\x9d\xeb\xc2e\x0f\x04<Yg\x1a\x0a\xc8\x1c\
\xe1\xd45\xe1z\xf9\x1f\xdd\xeb\xfc\xbb\x8c\xbe(\xed\x04\
\xe9B\x0c\xb6\x90\xc5\xe1\xb2\x07\x02\x17L^\xeb\xa6\x9d\
%ne]\xc2uC+\x99\xd3\xc5,r\x14\x5ci\
\xb8\xef\xbf.\xe8$\x06\x97\x0fr\xe5?0\xbc\x14\xfc\
l^\x14\x84s\xee\x93u\xab*uI\x17\xa2\xfck\
\xb8\xd7\xee\xbeO\x8a\xe18\xce1\xb2\xcc\x81\x81&;\
_\x16\x96Ej\xa56a}u\x94\xac_\x97\xa2\xf4\
\xc4\xd8\xc4\x08\x10\xf3\x17M&FtS\x0e\xf7\xaed\
\xfd\xa2\x14%v1\x88j\xb5z\x10\x0a['\x0b\xcf\
(\x7f\x88K\x94D\xc4\x08\xc0\xc1\x89sjiD\x16\
\xc9/G\xe0C&\xeb\x88Az^\xbf\xa2 \xcf_\
\xd0\xbd\x1f+\xf3\x8c\x15\xfe\xf7\xe4bp\xf4\xe4\x89\x91\
\x0c\x92S\xe1\xa8ZJ\xa2-\xc3\x04L!w\xf3<\
\xef\x22\x8fo\x18\xb5^\x02\x83\xc6\xb2H\xd8\xff\x90\xac\
\x1b\xd1\x8b(\x18\x97\xd6\x0fU\x8c\xbc\xa0\x9b\xeek(\
\xddT\x9e\xd1N\x94B\x8c!\xc1\xd4}U\x86=f\
\xe4\x1d<o\xcc\x17v\x1e\xb7\xd7\x1d\xe7E\xd3\x0c\xad\
@\x81\x02\x05\x0a\x14\x88\x13\xff\x03\xed\xf5q\xff\xdb\x1b\
\xdb\xb6\x00\x00\x00\x00IEND\xaeB`\x82\
\x00\x00\x04\xee\
\x89\
PNG\x0d\x0a\x1a\x0a\x00\x00\x00\x0dIHDR\x00\
\x00\x00d\x00\x00\x00d\x08\x06\x00\x00\x00p\xe2\x95T\
\x00\x00\x04\xb5IDATx^\xed\x9d=\x8b$U\
\x14\x86G\x11\x11\xcc6P\xc1\xc4\xdc\xcc\x0f\xf0\x07\x18\
\x08\xc6\x0b\xba\x1b\x0a&&\xa2\xbb\x9a\xdeL\x93]5\
4\xf7\x03\x144\xd5\xc4\xf9\x03J\xdd{\xabZvq\
q\x10G\x0d\xc5u\x11\x03a<o\xf7\x16\xb6o\x9f\
]\xba{NU\xf5N\xbf\x0f<l\xb03\xf5\x9e:\
\xa7\xbb\xeavOu\xd7\xc1\x81\x10B\x08!\x84\x10B\
\x08!\x84\x10{\xca\xc9\xc9\xc9\xfdm\xdb>Sk\xbd\
Xs~\xc3\xfe}\xfbL\xb9\xd8\xa7\x8b\xe6\xd3\xd8W\
\xde\xff\x9d\xa1\xeb\xba\xc7\xda\xa6y\xdf\x0a\xfd\xb5-\xe5\
d\x1f\xac\xa5\xfcb\xbeg\x0f\xc0G\xb9\x1f\x93a\x8f\
\x92\xfb\xac\xb8\xcb\xe6-.x_\xb4g\xcd\x9fm\xce\
o\xa2\x17\xdc\x9fQ9::z\xc8\x0a\xfa\x94\x0b\xdc\
Wk\xd3|\x82\x9ep\x9fF\x01\x8f\x86\xae\x94\x8f\xb9\
\xa8}\xd7\x86\xf2\xf9$\xcf\x94vq\x98Z)H\x9a\
v\xf8\xe2~\x0dJ)\xe5\x11;n\xde\x5c)D\xce\
\xc59\x05\x8b\x1c\xee\xdb``5\xc5E\xc8\xffkC\
\xb9\xca}\x1b\x04\xac\xbd\xf7ii\xbb\xadX\x12\x8fr\
.\xe9\x9a\xe6Y\x0e\x97\xbex\xf1\xc8\xfd\x0b\x07\xafR\
9X\xfa\xda*\xf4e\xee_8\x16t\x89\x83\xe5\x1d\
\x1cc\xb5eAi%X\xde\xc9\xc4\xfd\x0b\x07!N\
\xb0\xf4M\xdc\xbfp\x10\xe2\x04K\xdf\xc4\xfd\x0b\x07!\
N\xb0\xf4M\xdc\xbfp\x10\xe2\x04K\xdf\xc4\xfd\x0b\x07\
!N\xb0\xf4M\xdc\xbfp\x10\xe2\x04K\xdf\xc4\xfd\x0b\
\x07!N\xb0\xf4M\xdc\xbfp\x10\xe2\x04K\xdf\xc4\xfd\
\x0b\x07!Np\xa85\xe7\x1f\xdaZ\xbf\xa8\xa5|\xcf\
\xffw\x8f\x99\xb8\x7f\xe1 \xc4\x09\x0e\xb3\xab\xf5\xad\xe5\
\xab9f\xa5\xbc\xd0\xe6\xfc\x1d\xff\xdc=bZj\xdd\
0 \xc4\x09\x8e\xf2+\xce\x03x\x1b\xbb\xd6z\xde\x06\
s\xcd\xf9\x9d]6\xf1\xbe\x84\x83\x10'8\xcaK\x9c\
\xb7\xcc\xe1\xe1\xe1\x03\xf63\xaf\xd8\xa1\xec'\xe7ww\
\xd1\xc4\xfb\x10\x0eB\x9c\xe0\x10\xedp\xf5\x1a\xe7yt\
]\xf7\xa0=c^\xb5s\xcdo\xbc\x8d\x1d3q\xed\
\xe1 \xc4\x09\x0eq\xdd\x81\xf4\x94R\x1e\xc6\xd5\x84\xf6\
\xbb\xbf\xf3\xb6v\xc4\xc45\x87\x83\x10'8\xc4M\x07\
\xd23\x9b\xcd\xceu9\xbfk\xdb\xf8\x8b\xb79\xb1\x89\
k\x0d\x07!Np\x88\xdb\x0e\xa4'\xe7\xfc\xb8m\xe7\
\x03;\x94\xfd\xcd\xdb\x9e\xc8\xc45\x86\x83\x10'8\xc4\
\xd3\x0e\xa4\xa7i\x9a'\xec\x19\xf3\xa1m\xf3\x1f\xce\x18\
\xd9\xc4\xb5\x85\x83\x10'8\xc4\xa8\x81\xf4\xccr~\xb2\
+\xe53\xce\x19\xd1\xc45\x85\x83\x10'8\xc4\xe8\x81\
\xf4\xd8\xc9\xff9\xf3\x1b\xce\x1b\xc1\xc4\xb5\x84\x83\x10'\
8\xc4\xa1\x06\xd2c+\xb2\xe7\xdb\xa6\xf9\x96s\x074\
q\x0d\xe1 \xc4\x09\x0eq\xe8\x81\x80\xfeU\xbf\x1d\xca\
\xaes\xfe\x00&\xce\x0f\x07!Np\x88c\x0c\xa4\xe7\
\xf6\x15\x98\xe7-\xf7G\xae#\xd0\xc4\xb9\xe1 \xc4\x09\
\x0eq\xcc\x81\xf4\xe0\xf3\x1c\x96\xfb\x0e\xd7\x12d\xe2\xbc\
p\x10\xe2\x04\x878\xc5@z\x06\xfa\xacK\xe2\x9cp\
\x10\xe2\x04\x878\xe5@\xecd\xff\x22\xd7\x13`\xe2\x9c\
p\x10\xe2\x04\x87\xa8\x81l\x01B\x9c\xe0\x10\xa7\x1c\x88\
\x0eY\x8eS\x0cd~R_\xbc1\xb9RO\x80\x89\
\xf3\xc2A\x88\x13\x1c\xe2\x98\x03\xd1\xb2w\x0d\xc7\x18\x88\
^\x18n\xe0\xd0\x03\xd1['\x1b:\xd4@\xf4\xe6\xe2\
\x96F\x0fDo\xbf\x9f\xd2\xa8\x81\xe8\x0fTA\x9ev\
 \xfa\x13n\xb0\xdb\x0eD\x179\xac\x06\x87\xb8\xe9@\
t\x19\xd0\xc1n\x0cD\x17\xca-\x81\x10'8\xca\xcb\
\x9c\xb7\x8c.%u@\x88\x13\x1c\xa2=\xea\xbf\xe6<\
\xa0\x8b\xad\xef\x02B\x9c\xe00qN\xd0\xc7\x116\x00\
!Np\xa8\xb5in\xd8\x10\xbe\xd4\x07v\xd6\x00!\
N\xb0\xf4M\xdc\xbfp\x10\xe2\x04K\xdf\xc4\xfd\x0b\x07\
!N\xb0\xf4M\xdc\xbfp\x10\xe2\x04K\xdf\xc4\xfd\x0b\
\x07!N\xb0\xf4M\xdc\xbfp\x10\xe2\x04K\xdf\xc4\xfd\
\x0b\x07!N\xb0\xf4M\xdc\xbfp\x10\xe2\x04K\xdf\xc4\
\xfd\x0b\x07!N\xb0\xf4M\xdc\xbfpZ}\x09\xe6\xfa\
\x8e\xf1%\x98\xb5\xd6\x0b+\xc1\xd2\xb5+\xe5%\xee_\
8\xfa\x22\xe5\xf5\xadc|\x91\xf2\xfc\x06.9\xff\xcc\
\xe1r\xc5\xe3Q\xbej\x1c\xcco\xf3\xb3Z\x80\x5c\xb2\
\xab\xf5\x0a\xf7m0\xe6\xb7\xab\xa8\xf5\x0f.B.\x9c\
\xdf\x02i\xec\xfbRa\x05\xc1\x85\xc8\x85v2\x7f\x9d\
\xfb58\xba\xe5\x91/\xae\x94\x1c\xed\xdc\xc1\xcc?[\
\xa1\xa1\xfcg\xce\x1fMvS\xb0\x9e\xf9\x05\x08\xb8\xd9\
\x22\x8e\x9b\x5c\xe0\x9e\x88\xdb?Mr\x98\xba\x1b8\x89\
\xe16?V\xe01\x17|\x86=\xc6j\x0a\x8b\x1c\xee\
\xc7\xce\x80g\x8c\x15\xf8\x14^\xd1\xe3\x99\x83K<\xcf\
\x92\xb7o\xbdz\x01\xfb8\xd9\xb9B\x08!\x84\x10B\
\x08!\x84\x10B\x88\x1d\xe0_\x97s\x18\x0619\xca\
X\x00\x00\x00\x00IEND\xaeB`\x82\
\x00\x00\x06\xbc\
\x89\
PNG\x0d\x0a\x1a\x0a\x00\x00\x00\x0dIHDR\x00\
\x00\x00d\x00\x00\x00d\x08\x06\x00\x00\x00p\xe2\x95T\
\x00\x00\x06\x83IDATx^\xed\x9dK\x88\x1cU\
\x14\x86\xe3[\xc4\x17\xa2\x18\xdf\xa8 \xe2[\xc9\xc2 \
\x8a\xa0\xa0(\xa2\x0b\x17\x82\xe2&\x90\x85\x9b\xb8S7\
\xc3\x08.\xdcF\x5c\xe8Jp!8\x04\x1f\xa8\x18E\
\x1c!(\x83\xb4]U\xf7V\x8f-\x83\x0cF%\x04\
\xc50q\x90\x98\x19\x1d\xff\xbfgz\xec>]\xd5\xb7\
\xaa\xba\xab\xeb\xd1\xe7\x83\x9f!\xe9\xba\xff}\x9c\xaa\xea\
\xaasoW\xed\xd8\xa1(\x8a\xa2(\x8a\xa2(\x8a\xa2\
(\x8a\xa2(\x8a\xa2(\x8a\xa2t\xf0<\xef\xc2\x96\xef\
\xdf\xdcn6/\x97\x9f)\xd1\xf8\xbe\x7f\x05\xc6\xec\xce\
F\xa3q\x81\xfc,3A\x10\xdcb\x83\xe0\x13h\x0d\
\xda\xa0L\x10\x84\xd6\xf3\x1e\x95\xdb*\x9bpl\x8c1\
\xad\xeexA\xeb\xf8\xf7g\xa1\xe7\xdd!\xb7ME\xc7\
\xd8\xf7\xff\xee1\xee\x971\xaf\x85ax\xa6,7\xad\
p,8&\x03\xe3\xd4\xdd\x911\x96\x08\xcc\xe3\xb2\x5c\
\x22`\xbe\x13&\xab\xd2T\x0aG\xcb\x02\xb6\xbdZ\x96\
\x9f68\x06\x1c\x0b9>R\x08\xcaq\x9cu\xae\x94\
\xe5\x9d\xa0\xf0\xac4\x8b\x13\x1a\xf2;\x22\xff\x88\xf4\x98\
\x16\xd8w\x8e\x81\x1c\x978\x85\xc6\xbc,=\x9c\x84A\
\xf0\x814\x1a&D\xfe_\xfc}enn\xee4\xe9\
UW\xd8W\xf6y\xab\xef\x03c\x12'\x1c!\x1fI\
/'\x88\xfa\xbc4J\xa8\xaf\x16\x1b\x8d\xcb\xa4_\xdd\
h6\x9b\x97X\xdf\xff<\xa2\xffNql\xa5\x9f\x93\
\x11\x02B\x1dE\xf9\x07\xa5g]\xc0\x1e~/NQ\
\xbfF\xf4;\x91\x8a\x08\x08\xb5\x0e\xcdnll\x9c*\
\xbd\xab\x0a\xfar\x0a\xfa\xb4\x0f:\x19\xd1\xdf\xc4**\
 \x1d\xf1|\xd9j\xb5.\x92\xfeUcia\xe1|\
\xf4\xe7\x80\xec_\x16\x15\x1a\x10\x0a\x87\xf7O\x08\xcc\xdd\
\xb2\x8e\xaa\x80\xb6\xdf\x85\xef\x8b\x1fe\xbf\xb2\xaa\xf0\x80\
P\xb8\x129\x81\xbf\xfbd=e\x07W\x9b\xcf\xa2\xdd\
\x7f\xc9\xfe\x8c\xa2\x5c\x02\x12\xfa\xfe\x17\x18\xe4%\xf9\xff\
.\x19\xcf{\x077Q\xe7\xca\xfa\xca\x06\xdb\xc8\xb6\xca\
\xf6\xbb\xc41\xe1\xd8\xc8\xff\xef\xdb&\x8f\x80\xa0\xe2\xd7\
\xdb\xed\xf6y\xd6\x98w\xe5gN\xf9~\x1b\xfe\xb7\xca\
:\xcb\x02\xdav#\xdai\x07\xda\xed\x10\x02\xf8!\x93\
\xb0\x1c\x1b\xf9Y\xdfvy\x05\xa4g\xdb\xbdCs^\
\xd1\xe2i`Oo\x9de\x00}y\xda&H\x19\x09\
\xad\xa1\xdc\x0b\xbc\x0a\xebx\x14\x1d\x10b\xad\xdd\x85\xf3\
\xed\xb2\xdc\xce%|a\xbe\xddh4\xce\xe9\xf5*\x82\
\xa5\xa5\xa5\xb3\xd0\x9e\xfd\xb2}N\xf9\xfe\xcf\xa1\xe7\xdd\
\xd3\xebU\x8a\x80\x90\x1f\x1a\x8d\x8bqE\xf5\xa9\xdc\xd6\
%\x94i\x22\xa0\xd7K\xbfI\x9141(\x85\x9d\xe9\
K\xb4\xfbR\xe9W\x9a\x80\x10\x1e\xb6<|\xed\xe6\x8d\
\xe1@\xb98\xa1\xcc\x0a\x8e\xb0'\xa5_\xde\xa0\xce\xc7\
\xb0\x97\xff!\xdb3L\xcc]\xe1\x8b\xfb\xd5\xb8\x9b\xde\
R\x05\xa4\x8b\xf5\xbc\xfb\xb1\xcd\x11Yn\x98\xd8Q\xfc\
\xdd\x8fS\xd8\x19\xd2o\xdc\xcc\xcf\xcf\x9f\x8e\xbafQ\
\xe7?\xb2\x1d\x0e\xfd\x86`<$\xfdz)e@\x08\
\xa70\xb1\xed!Y\xd6%\xd4\xfd\xedb\xb3y\x8d\xf4\
\x1b\x17y\xb7\xab\xb4\x01!y\xee\x89Y\x98\xc4\x91[\
\xea\x80t\x81\xdf\x13(wL\xfa8\xb4\x8ezf\xe2\
\xce\xd5i\x81\xdfK\xf4\x8c\xa8g\x98\x8e\xb1\xed\xd2k\
\x18\x95\x08\x08\x81\xe7u\xf8\x02\xfdNz%\xd0A^\
\xc1I\xbf4\xe0\xcb\xfb\xb9\x08\xdf\xe1B[\xd9f\xe9\
\xe5\xa22\x01!\xcb\xcb\xcbg\xe3T\xf4\xa6\xf4s\x09\
\xf5\x1dF\x9bvK\xbf$t\xae\xfcR\x9e\xa6\xac1\
o\xb0\xad\xd2+\x09\x95\x0aH\x17\xec}\xcf\xd8\xf4w\
\xc4'\xb1\xa7?\xdf\xbd#N\x0a\xef3\x22\xbc\xe2\xb4\
\xca\xb6I\x8f4T2 \x84\x0b\xef\xd0\xf9\xef\xa5w\
\x02\x1d\xe0\xfc\x84\xf4\x8b\x83\xa7\xbb\x08\x8f\x01\xe1\xe6p\
\x91m\x92\xe5\xd3R\xd9\x80\x90\x91\xb2\xaaax\xbb\xf4\
\x8b\x03\xdb\x7f-=\xfa\xfc\xc6\x98\x85\xaet@\xba\xf0\
K\xd7l\xce\x99\x0c\xd45D\x89\x13\x94\x5c5\x08\xff\
\xe3\xd2\x83u\xb2n\xb9\xfd(\xd4\x22 $k\x82\x12\
\x17\x09o%IP\x86\xcd\xe6M\xf8\xb2~\xcfn^\
\xca\xae0]\x8e:o\x93\xdb\x8dJm\x02B\xb2\xce\
]\x8f\xeb\xfc?\x0ej\x15\x10\x92uu\x07OI8\
\xc2\x9e\x92~\x93\xa6v\x01\xe9\x826\xdc\x97e\xfd\x13\
\xefs\x8a\x5c\x04^\xdb\x80\x90\xcc+\x04=\xaf\x11\x04\
\xc1\xb5\xd2o\x12\xd4: dk\x0dm\xea\x04eQ\
\x8b\xc0k\x1f\x90.\xd8\xe3\x1f@\xddGe[\x86\xc9\
\xa4\xcc\xd4\x8e\x83\xa9\x09\x08\xc1e\xeaU\xa8\xff\x1b\xd9\
\x9e\x04\x9a\xd8\x22\xf0\xa9\x0a\x08\xe1\x1c\x0b\xa7Pe\x9b\
\x12h\x22\x8b\xc0\xa7. ]L\xc69\x16\x9b\xf3\x22\
\xf0\xa9\x0d\x08\xf1}\xff\x06\x5cQ\x05\xb2}.\xe5\xb9\
\x08\xbc6\x01a\xb2\xd0\x1a\xf31\xfcWQ\xff\x0a.\
w\xdfg\xbaCn'a\xda\x84\xe9\x13\xd9F\x97:\
i\x1akwI\xbfQ\xa9E@\xe2\x92\x8b\x86w\xdf\
\x09\x7fN\x8c\xed\xf7\xd8\x94\x0b\xa3Y\xa7&\x17{H\
\x98~?$\xcb\xc5\xc1\xa3\xcc\x14\xbc\x08\xbc\xb2\x01a\
2\x90IA\xe9\x1d\xa54\xe7\xfb\xac\x09JN\x96\x8d\
#AY\xc9\x80\xa4\x9d\xc2M\xfb\xdbn&(9\xdd\
kS&(\xed\xb4M\xe1r\xe1\x00\x17\x10H?\x87\
~I;\x8f\xde\x05\xfd\xd8\x8d\xb6\x1e\x8e\xf0\x1c*&\
(k\xbf\xc8\xc1d\x5c\x06\x84r{\xa5W\x1a\xb6\xe6\
\xd4\x0fJ_\xa7\xea\xbc\x0c\xc8d\xbc\x89C=/J\
\xaf,\xf0F\x10^3\xf4\x8c\xa8g\x98\xea\xb5PN\
\x97\x92\x0e\xaa\xb0\x80\xe4\xbd\xa89+y\xb7\xab\x94\x01\
\x99\xc4\x9e8\x0ay\x1e\xb9\xa5\x0a\x88\xfe`\xa7D\x01\
\xd1\x9f\xb4mR\x8a\x80d]S\xa5?\xfaLH\x9a\
\x80\x18\xfdYt9~\x16\xad\x0f\x0e\xe8W\xa1\x0f\x0e\
\xd0GkD\x8bcR\xc8\xa35\xd2\xca\xe8\xc3g\xb6\
Ux@\xf4\xf1L\xfd*4 y\xce]O\x92\xcc\
s,\x11** \xb9\xaf\xee\x984Y\x17\x81K\x15\
\x11\x90\x89\xac\x7f*\x8a\xaa=\x04sb+\x04\x8b$\
\xf3\x22\xf0 c@B}\x90\xb2\x93\xac\x0fR\xe6\xf2\
&\xe9\xe5\xc4\xea\xa3\xc6\x13\xc3\xbes\x0c\xe4\xb8\xc4\x09\
\x01\x9c\x91\x1eNpc\xb4\x13\x05\xff\x94fRL\xca\
19'\xcbO\x1bI\x13\x94\x9d1\x8dHH&\xa2\
\x13\xf9\x88\xc5k\xdb\xd2\xd7U\xf4\xc1\xb1p\xbc\xae\xe2\
D+\x08\x1e\x96\xe5R\x11D\xbc\xd0\xc52\xcf\xa3/\
t\x89\xa5\xf3\xde\x15\xbe\xf4\xe6\xff\xf1Z\xe3\x12\xd9q\
\xac\xf9\xda\x86\xaf\xed\xd1W\x1e\xa5\x83c\xc51\x1b\xeb\
+\x8f\x14EQ\x14EQ\x14EQ\x14EQ\x14E\
Q\x14EQ*\xce\x7f\x17\x94\xccao\xd6\xf1\x1e\x00\
\x00\x00\x00IEND\xaeB`\x82\
\x00\x00\x04\xc9\
\x89\
PNG\x0d\x0a\x1a\x0a\x00\x00\x00\x0dIHDR\x00\
\x00\x00d\x00\x00\x00d\x08\x06\x00\x00\x00p\xe2\x95T\
\x00\x00\x04\x90IDATx^\xed\x9d\xcbk\xd4P\
\x14\x87UPw\xbe\x05\x11_\x7f\x84\x8f\x8dK\x1f\xa0\
\xe8\xc6\x07\xd5\xb5\xe8J\x14\x5c\xe8\xb2\xb8\xaeK\x17\x0a\
j\xd7\xdd\xfa\xa2\x08\x8a\x1b\xa98Nro2V;\
\xfe\x05\xea\xce\x85\xe8\x14\xe39en\x1dN3if\
\x92\xdc\x9c\xdc{~\xf01\xd0\xb9IN\xce\xd7\x9bd\
\x1eM\xd7\xac\x91H$\x12\x89D\x22\x91H$\x12G\
\x12\xc7\xf1\x86(\x0cO\xc4Z\xdf\x85\xc7\xc7\xb1R3\
UB\xb7/\xe9\xa7\xdb\xedn\x04\x01\xb7\xb4R?\x22\
\xa5\x12[\xd0:$\x90\xcf\xed\xf6nh\xce{\xda,\
\x1b\xd0ZL`\xf6L$I\xb2\x96\xfe\xdc\xf9\xcc\xcf\
\xcfo\xd7A\xf0\x956\xca\x16\xb4\x1e\x13\xad\xf5\x1bx\
\xfe\xbewR`\xc7gi\x93lB\xeb1\xe9\x0b\xc1\
1\xfeH\x81\xc3\xc2\x19\xda \xdb\xd0\x9aL\x06\x84$\
p^{\xe8\x85\x14\xd8\xd9W\xb4A\xb6\xa15\x99\x0c\
\x0a\xe9\xe3\xf6L\x09\x82`\x0b\xec\xe4\x1f\xda \xdb\xd0\
\xbaLR\x84 \xeeJ\xe9(u$e\x87\xadC\xeb\
2\x19\x22\xc4\xdd\xc3\x17\x9c?\xce\xd2\x9d\xad\x03Z\x97\
\xc90!}\xdc\x9b)\xb0\xc3\x17Rv\xd4:\xb4.\
\x93U\x84\xb87S\x9a.\x04qJ\x8a\x0bB\x10g\
\xa4\xb8\x22\x04qB\x8aKB\x90\xc6KqM\x08\xd2\
h).\x0aA\x1a+\xc5U!H#\xa5\xb8,\x04\
i\x9c\x14\xd7\x85 \x8d\x92\xe2\x83\x10\xa41R|\x11\
\x824B\x8aOB\x10\xf6R|\x13\x82\xb0\x96\xc2E\
\x08~\x0f\x8c\xd6\x86QJ=\xa5cK\x82\xe7[\xf7\
\x5c\x84|j\xb7\xf7\xd3\xda0\xf8\x1d1:\xb6D\xf8\
I\xe1\x22$\x0a\x82\xd3\xb46\x0c\xce\x9c8\x08^\xac\
\x18_\x1e\xbc\xa4p\x11\x12\x87\xe1\x03Z\x9b\x096\x0c\
\x9e?\x1a+u\x05\xea\xbdZ6Q\x14\xed\xa5\xdb\xac\
-\x9a\x89\x10\x1d\x86?a6\xec\xa2\xf5y\x17.B\
\x96\xd0\xfa\x11\xad\xcf\xbb\xb0\x12\xa2\x96f\xca5Z\xa3\
Wa(\xe4/<N\xb2:\xd1\xda\x0c7!\x06x\
\xfd\xf1\x1a\xae\xae\x0e\xd1z\x9d\x0fW!\x06\xa8\xaf\x03\
\x8fS\xf0z\xe4:p\x11\xeb\xad\x0a\xf8%\xd8C\xfb\
c=X\x08m\x82\xaf`/h\x7f\xacG\x84\xfcG\
\x840C\x840C\x840C\x840C\x840C\x84\
0\xc3i!q\x18>\x89\xe3x\xdf\xd2\x9f[k}\
\x1b~\xd6\xa3cF\xa0\x87\xeb\xc0u\xe1\x07YZ\xa9\
\xe9\x941\x85qY\xc8\x87$I\xd6\x0dn'V\xea\
|4\x9e\x94\x1e.;\xb8.\x5cw\x14\x04\xad\x94\xb1\
\x85pY\xc8\x14\xdd\x0ef\x0c)+d\x98\xc4Z\xdf\
K\x19_\x08g\x85\xe0G\xaet;&#H\x19*\
\x03\x03\x87\xad\x97)\xcb\x14\xc2Y!\x084\xf3\x12\xdd\
\x96I\x7f\x9bYR\xf0\x9c1\xb49\xb8\xee\x94e\x0a\
\x93\xb5Mk\xa9J\x08\xb0\x08\xeb\xbeL\xb7g\x02M\
=\x17\xa5\xff}\xfc\xb8\xcb\x15\xc6u!\xc8\xa8\xcd\x1d\
u|\xa9\xf8 \x04\xc9\xdb\xe4\xbc\xe3\xe8\xfaK\xc3\x17\
!H\xe69\x01\x9f[\xedy\x5cG\xcazK%\xab\
\x06k\xb1$\x04\xc9\x9c\x01\xc3\xd2\xbf*\xabtf\x18\
|\x13\x82\x8c$\xc5\xa6\x0c\xc4G!H.)\xb6e\
 \xbe\x0a\xc1\xaf\xfa\xfc\xc2\xfb;\xd2ZL\xf09\x1c\
C\x97\xab\x1a_\x85\xe4\x9d!\x95_UQ|\x14\x92\
K\x86\x89m)\xbe\x09\x19I\x86\x89M)>\x09\x91\
\xd7!ycA\xc8b\xd6\x1b\x8d\x03WS\x993\xc8\
\xc6L\xf1AH^\x19\xcb\xe3\xeb\x94\xe2\xba\x90Qe\
,/W\x97\x14\xa7\x85@\xe3&\xe8\xb6Lr\x9c\x13\
2\xcf9(:e\x99\xc2dm\xd3Z*\x12\xf2\x9c\
n\xc7\xa4?3\xb2d\x18\xe4\x13\xc3\x12\x91\xcf\xd4\xc7\
MEB\xaa\xff\xd6I\x18~L\x19[\x08\x97\x85\xe0\
\xed+\xa6\x83 8\xf0\xa5\xd5\xda\xa1\xc3\xf0N4\x9e\
\x0cC\x0f\xd7\x81\xeb\xc2u\xca\xf7\xb2<A\x840C\
\x840C\x840C\x840C\x840C\x840\x83\x85\
\x90\x98\xc9?t\xe1\x00\xf6\x82\xf6\xc7z\xe20<L\
\x0b\xf3\x96(:H\xfbc=\xadVksT\xd1\xdb\
\xd9MB\x87\xe1\xef\xee\xdc\xdc&\xda\x9fZ\x121\xf8\
\xb7yu\x03\xe7\x8fY\xda\x97\xda\x02\xc5\x9c\xa2\x05\xfa\
\x06\x1c\xbaO\xd2\xbe\xd4\x9a\x8ao4\xc9\x1b\xad\x9f\xd1\
~\xd4\x9eN\xa7\xb3\x0d\x8a[XQ\xac\xfb,\xc0\x11\
b+\xed\x07\x8b\xb4\xdb\xed\x9dQ\x10\xbcM)\xdaU\
\xde\xb1\xbf\xf1\xe6\xd2}r\x95\xba\x09\xc5~O\xd9\x01\
W\xf8\x06\xdc\x18v7m\x96\x81\xcb\xe1\xf5p]~\
\x1c\x0a\x9f\xc4\xbb\x85\x82\xa4\x99&\x83\xfb\x80\xfb\x02\x87\
\xa7c\xb8ot\x7f%\x12\x89D\x22\x91H$\x12\x89\
\xa4\xa9\xf9\x07k\x8cC\x1a\x17\x1a\xf2\x0b\x00\x00\x00\x00\
IEND\xaeB`\x82\
\x00\x00\x07\x12\
\x89\
PNG\x0d\x0a\x1a\x0a\x00\x00\x00\x0dIHDR\x00\
\x00\x00d\x00\x00\x00d\x08\x06\x00\x00\x00p\xe2\x95T\
\x00\x00\x06\xd9IDATx^\xed\x9dK\x88\x1cE\
\x18\xc7#\xbe\x11\xdf\x0a\xe2\xfb\x81\xe0Q|\x8b\x1e\xa3\
\x82o\x14EO\x0aj\xbc\x18\x14\x13\x14Aq\xf1\x22\
>.\xa2\x1eT\xccQao>0\x89\x01\x17\x0f.\
Q\x97\xe9\xaa\xee\xde\xec&\xabD\xcdA1\x06D\x8d\
h\x88Y\xbf\x7f\xa7+\xe9\xfd\xf7cf\x92\x9d\x9e\xaa\
\xea\xfa\xc3\x8fI\xa6\xbf\xaf\xea\xeb\xfaO\xbfjzz\
W\xac\x08\x0a\x0a\x0a\x0a\x0a\x0a\x0a\x0a\x0a\x0a\x0a\xf2D\
i\x9a\x1e\x93(us\x1a\xc7/\xc9\xeb\xbaT\xeb\xc9\
Q\xc2\xfd\x07\xe5ZXX8V\x0cX\x13k\xfd[\
\xa2\xf5b[p\x1dA\xa2\xf9^\xefl\x19\x9c\xafy\
\xb0\xda\x80k1\x92\xad\xe7\x81\xc5\xc5\xc5#\xf8}\xef\
577wz\x1cE\xdf\xf1@\xb5\x05\xd7c\x14\xc7\
\xf1\x94,\x7f\xbbs\xa6\xc8\x8ao\xe4Aj\x13\xae\xc7\
(7\x041\xdd1Ev\x0bw\xf0\x00\xb5\x0d\xd7d\
T0dQ\x8ek\xefv\xc2\x14Y\xd9M<@m\
\xc35\x19\x15\x0d\xc9\xf1{K\x89\xa2\xe8\x14Y\xc9=\
<@m\xc3u\x19U\x18\x02\xfc5eV\xebk+\
V\xb8u\xb8.\xa3\x1aC\xfc\xdd}\xc9\xf1\xe3N^\
\xd9q\xc0u\x19\xd5\x19\x92\xe3\xdf\x96\x22+|_\xc5\
\x8a\xb6\x0e\xd7e\xd4\xc7\x10\xff\xb6\x14\xd7\x0d\x01^\x99\
\xe2\x83!\xc0\x1bS|1\x04xa\x8aO\x86\x00\xe7\
M\xf1\xcd\x10\xe0\xb4)>\x1a\x02\x9c5\xc5WC\x80\
\x93\xa6\xf8l\x08p\xce\x14\xdf\x0d\x01N\x99\xd2\x05C\
\x803\xa6t\xc5\x10\xe0\x84)]2\x04XoJ\xd7\
\x0c\x01V\x9bb\x8b!\xb8\x0f\x8ck\x83\xb4\xd6\x9fp\
\xec2a\xe7\xd4\xbd-\x86l\xe9\xf5.\xe0\xda \xdc\
#\xc6\xb1\xcb\x88}\xa6\xd8bH\x12E\xb7qm\x10\
\xb6\x9c4\x8a>+\xc5/\x1fv\x99b\x8b!\xa9R\
\xefpmF\x180Y~c\xaa\xf5\xa3R\xef\xaa\xe5\
&I\x92\xf3\xb8\xcf\xb1)\xb6\xc4\x90X\xa9?ek\
8\x8b\xeb\xeb\x9cl1$#\x8e\xdf\xe7\xfa:'\xab\
\x0c\xd1\xd9\x96\xf28\xd7\xd8)Yh\xc8>y\x9d\xb0\
\xea@\xdb\xa6l3\xc4 \xd7\x1f_\xc8\xd9\xd5\xd5\x5c\
\xaf\xf7\xb2\xd5\x10\x83\xd47+\xaf\xaf\xcb\xf5\xc8j\xe1\
~\xd4;*\xe4Cp.\x8fO\xebB!<\x08]\
\x05c\xc1\xe3\xd3\xba\x82!\x07\x09\x86XF0\xc42\
\x82!\x96\x11\x0c\xa9@\xaeC\xfe\x93\xd7\xdd\xfc~\x1b\
\x04C\x96\xb2\x07\xa7\xb6\xd3\xd3\xd3\xc7\xe3\xa2P\xfe}\
\xbb\x98\xf3sE\xdc\xc8\x08\x86,emEm\xd7W\
\xc4\x8d\x8c`\xc8A\xf6\xe2\xa7u\x5c\x1b$[\xca|\
E\xfcH\x08\x86\xe4\xc4Z\xf7\xb8.#Y\x9ep\xfc\
\xa8\x08\x86\xe4\xa4J\xbd\xc9uAx\xcc\x87\x1cG\xfe\
\xe1\xf8Q\x11\x0c\xc9\xc1\xe33\xb8.\x08\xdf\x12r\xec\
(\xf1\xcb\x10\xa5\xbe\x97\x81}Hk}]\x1a\xc7\x8f\
\xc9\xffw\x94bjH\xd3\xf4|\xae\x0b\x92v\x9e\xe1\
\xd8\xbc\xaf\x1dR\xf7*\xf4%\xaf\x0f\xa3\xefR\xcc!\
\xe0\x8f!J\xc5\xb3\xb3\xb3\xa7\x15\xdb\x95\x83\xf4\x85\xb2\
\xbb\xd9U\x8a%$\xe6\xa7b^Qq\x14}T\x11\
\xbf\x0bm\x17\xe3\xd07j\xe0\xd8a\xf1\xc2\x10\x5c+\
\xd4\xdd\xc2#\xcb\xde\xe2xF\x06\xfd\x03\xce\x83\xb2k\
\x11\xad\x7f\xe5x\xe1\x0d\x8e\x85\x94R\xe7\x0c\xb3UV\
\xe1\x83!\xbb\x93$\xb9\x8a\xdb4\x92]\xce\xf3\x159\
K\x90\xfe\x9f\xe0<H\xde\xbf\x8ccs\x9e\xe3X#\
\xd4\x92\xd5T\xce\x19\x08\xa7\x0d\xc1\x14\x87\xe4\xde\xcd\xed\
\x15\x15\x0f\xf0\x84!9\x0e\x5c\xc1y\x90,{\x84c\
\xb3~\xb5^\xcf\xb1E\xa1\xa6|\xfa\xa5\x94\xdb\x0f\xd7\
\x0dy\x9a\xdb*j\x90v\xa5\x8d?&''\x8f\xe4\
\x5c\x08w\xa0p\xfc\x81\xbc>\x03\x87\xda8g\x10\xfa\
\xb5\xdb\x8a\x06\x19\xb8\x12Q\xf4\x1e\xb7S\x94\xb4y\xa5\
\xc4\xfdU\xcac\x94\xfa\x9cs\x8dd\xf9\xb6R\xfcA\
\xfe\xc6\x19\x16\xe7\x145\xc8\xf1\x8bq\xd5\x90\x0dSS\
SGq;F8\x03\x92\x81\xfe\xa5\x22\xaf\x8a\x179\
\x1f\xda:3sF~\xf7\x09\xc7\x17\xd9)\xc7\x8cK\
8\xd7\x08[\xde\xb07j;g\x88\x5cgl]\xd8\
\xbc\xf9$n\xc3hff\xe6d\xd9\xc7\xa7\x9cWK\
\x92\xdc\xc4m@R\xd3]\xa5\xd8\x0a\xd0\x17\xfa\xe4|\
#\xd4\x8a\x9a9\xaf\x0e\x17\x0d\xb9\x97\xf3\x8dd`\x8e\
\xc6.\x88s\x1a\xd8;??\x7f\x22\xb7\x03\xc9\xb2W\
+\xe2+\xc1\x89C\xd3\x16\x8b\x9a9\xa7\x0e\xe7\x0c\x91\
]\xc0E\x9co$\xcb\xd7r|\x13M\x13\x8a\xb2\xbb\
\xfa\x8a\xe3\x1bQj\x0d\xb7a\x84\x9aK\xf158g\
H\xdd.\x06\x1avw\x85\x83.\xb7\x01m\xdf\xbe\xfd\
\xb8!'\x14\x93\xa6\xdd\x16j\xae\xc8\xa9\xc49C\xf0\
\xc9m\xda=\xe0\x8a}\xd0\x03\xba\xecJ\x1e\xe4|(\
\x8d\xa2\x1b8\xb6\x8e\xa6Y\x02\x08\xb5\x0e\xb3\xb59g\
H\xc6r\x9d\xf2\xd6\xfc&C\xf2\x9f-\xc5V\xb3\xec\
\xa7\xben\x1a\x82\xc2\xfb\x5c\x14\xcaVrO\xe3\xd5\xb2\
R;8\xc7H\x96\x7f\x5c\x8a/\xf7\xbf\xafn\xca\xde\
\x08\xc7\x15\xce\xeb\x87\xcb\x86\xf4\x9d6\xa9\x9d:\xdf\xcf\
\x87\x1c\x0f\xe5\x13\x8a;+\xe2\x97\x80\xb69\xb7(\xd4\
\xd6\xf8\x81\xa8\xc1YCr\x1a'\x16\xb3\xc1\x8d\xa2\x99\
\x8a<l!\xab9\x1e\x8a\xeb'\x14\x0f 1\xdf4\
\xfdT\xe1p&\x18]7$;\xa8\xd6}\xb9\x04I\
\xcc\x04\xe7\x009p_\xce\xb1\x10~C\xc8\xb1\x8c\xf4\
\xf9\x02\xe7\x19\x1d\xee\x14\xbc\xf3\x86d(\x15\xd7]\xbd\
\xcb\xe0\xbd\xc2\xf1q\xd3\x84\xa2R\xeb8\x9e\x91\xdd\xd5\
\xcb\x9c\x07\xa1\x86\xc3\xfd\x92\xca\x0fC\xb0\x22Z\xaf\xe7\
\xd3a\xdc\xd6#\xef\xff\xc8\xb1\xc2\xa6b\x5cQ\xc9\x00\
\xb7\xfc\xc8\x99\xd5\x0f|\xcbPvz+5p\xec\xb0\
xc\x08\xc0\x80\xe0)\xd92`'\xe0ZB\xfe\xbf\
\x99cr&\xb8\x06\xa8\xd7\xeb\x9d\x89\xb3\xa7\x8a\xf8\x12\
h\x1b}\xa0\xaf\xfc\xc9\xdc\x1b8\xe6P\xf0\xca\x90A\
\x91\xfeVr\x0d\x10\xce\x8c8\xb6m\xbah\xc8\xde\xba\
\xe3\x8d|\xda_\xab\x88o\x95\xee\x19\xa2\xd4\x1c\xf7o\
4\xcc\x14\xc7\xa8\xe8\x9e!Q\xa4\xb9\x7f\xe8\x10&\x14\
GB\xe7\x0c\xc9\xaf\xf0/\xe6\x1ap\x83\x1d\xc7\x8e\x83\
\xce\x19\x92!\xd7\x0a[\xa2\xe8\xd2B\xff+\xe5\xfd\xdf\
Kqc\xa0\x9b\x86\xe8\xfd[\x8a\xbc~;\xce\xbf\x0a\
W\x85\x15\x86\xd8\xf2\x07]l\x00c\xc1\xe3\xd3\xbaR\
\xa5\xae\xe1\xc2:K\xc3dik\xc2\xd7\x9f\x89\x05\x7f\
\x14l\xdc\xc8n\xf4\xdf\xbak\xa4\xd6\x95X\xf0g\xf3\
\xc6\x8d\x1c?6\xf2\xb8\x8cMR\xcc\xad\x5c`\xd7\x90\
]\xf7-<.c\xd5\x88\x1f4i7q\xfc)\x8f\
\xc7\xd8\x95\xfd\xe8\xa5\xf9~Z_\xd9&{\x88Sy\
<\xac\x10\xa6\xc0\x93(\xfa\xb2\xa2h_\x99\xb6\xfe\xc1\
\x9b\xd9sr\xb5~*\x19\xe0f\x03\x87\xc1/\xb3\x9e\
\xac{\x9a\xb6\x95\xca\xee\xd5\xdd\x7f\xd7\xdf\x04~\xab!\
&M\xbaL\xfe{\x93\x09L\xd5`\xddx}\x83\x82\
\x82\x82\x82\x82\x82\x82\x82\x82\x82\x82\x5c\xd5\xff\xc8\xa4\x1b\
\x98\xf1\x97\xcdS\x00\x00\x00\x00IEND\xaeB`\
\x82\
\x00\x00\x07\xec\
\x89\
PNG\x0d\x0a\x1a\x0a\x00\x00\x00\x0dIHDR\x00\
\x00\x00d\x00\x00\x00d\x08\x06\x00\x00\x00p\xe2\x95T\
\x00\x00\x07\xb3IDATx^\xed]Y\x88\x1cE\
\x18\x8e\x8a\xf7\xadhT\x14!*x\xa0\xa2\x89\xf7\x81\
\x8aFP\xa3\x18LP\xf0V<\xf0\x0a\xfad\xa2\xb0\
\xe8\x83>\x04\x8f\xe0\xc6\x8bD<\x1f6\x22\x82Q\x8c\
\xa2Q\xd45\xca8\xddU5\x93,Y\xe3b\x1e\xbc\
!\x8aQ\x89F\xd7\xef\xeb\x9d\x9a\xed\xf9\xa7{7\x81\
\x99\x9e\xea\xee\xfa\xe0c\x92\xaa\xbf\xaa\xff\xfa\xbf\xa9\xa3\
\xabkz\xa7L\xf1\xf0\xf0\xf0\xf0\xf0\xf0\xf0\xf0\xf0\xf0\
\xf0(\x08j\xb5\xda\x0e&\x0cg\xd6\xb4~\x08\x9fK\
kJ\x0dt\x93\xf2\xfa\x1e\x0d\x0c\x0f\x0f\xef\x08\x01\xee\
\xd3J\xfdb\x94\x1a\xcd\x8a\xd2\x0f\x0f`\xa8Z=\x08\
\xc1\xf9B\x06+\x0bJ_,\xd0{\xae\x1c\x1d\x1d\xdd\
F\xa6\x17\x1ek\xd6\xac\xd9W\x07\xc1\xd72PYQ\
\xfac\xa1\xb5^\x89\xfc\xfe\xd2\x89\x82\x86\xaf\x90A\xca\
\x92\xd2\x1f\x8b\x86 \xb4)\x8f(\x18\x16f\xc9\x00e\
M\xe9\x93EL\x90Q\xcck\xcf\x95B\x144\xf6}\
\x19\xa0\xac)}\xb2\x88\x0b\xd2`\xb1{J\x10\x04{\
\xa1\x91\x7f\xcb\x00eM\xe9\x97E\x82 dqE\xa9\
+uJB\x833\xa7\xf4\xcb\x22E\x90\xe2\x0e_\x98\
?.\x95\x8d\xed\x05\xa5_\x16i\x824X\xbc\x9e\x82\
\x06\xcfIhh\xe6\x94~YL\x22H\xf1zJ\xde\
\x05!\x0b%J\x11\x04!\x0b#JQ\x04!\x0b!\
J\x91\x04!s/J\xd1\x04!s-J\x11\x05!\
s+JQ\x05!s)J\x91\x05!s'J\xd1\
\x05!s%J\x19\x04!s#JY\x04!s!\
J\x99\x04!\x9d\x17\xa5l\x82\x90N\x8b\xe2\x8a <\
\x07&}#\x94RoI\xdb\x0e\xd1\xcd\xad{W\x04\
Y]\xad\x1e*}#xFL\xdav\x90\xee\x89\xe2\
\x8a &\x08.\x96\xbe\x11\xec9\xb5 x\xa7\xcd\xbe\
stK\x14W\x04\xa9\x85\xe1\xb3\xd27\x0b\x06\x0c\xf9\
g\xd6\x94\xba\x19\xfe\xde\xd2i\x1ac\x0e\x91\xd7\xec\x19\
\xb4#\x82\xe80\xfc\x1d\xbd\xe1\x00\xe9_\xe9\xe0\x8a \
\x11\xb5^\x22\xfd+\x1d\x9c\x12DE=\xe5V\xe9c\
\xa9\xe0\xa0 \xff\xe1\xb3\xcf\xa9\x896K\xb8&\x88%\
\xee?>\xc4\xea\xea$\xe9o\xe1\xe1\xaa \x96\xf0\xaf\
\x8e\xcf\x85\xb8\x1f\xb9\x0b\x9cK\x7f\xbbE|\x09\x0e\x96\
\xf1\xc9\x1ctD\x06\xa1\xacd,d|2\x87\x17d\
\x9c^\x10\xc7\xe8\x84 \x1c\x97\xa5c\xa5%b!\xe3\
\x93\x19\x8c1Su\x10\xbc\x86e\xe6_m\x8e\x95\x94\
\x8cEM\xa9W1\xb9\xef/\xe3\xd5U@\x8c\xc3\xe0\
\xc07\xd2!\xcf\x06\xc3p\x1d\x86\xafi2n]\x83\
\xee\xf1\xef\x09\xf3@\xad\xd4\x072n]\x01\xba\xe3Y\
\xf2\xe2\x9e\xc9\xe4\x0e\xb3\x8c_\xc7\xd1\xe5\x07>\x85\x22\
\xe6\x94{e\xfc:\x0e\x5c\xa8O^\xd83\x95}2\
~\x1d\x07/\x92pa\xee\x1d}\x8a\xb9e\xef2\x92\
m\x97\xf1\xe8\xb9 pl\xa5\xb4-\x0b\xd8v\x19\x8f\
\x5c\x08\xc2\x83\x08\xb8wYf\x82\xe0c\xccE\x97\xc8\
|\x22z\x83\x10\xd6\xf2\xa8\xefK\xd8U\x22*\xf56\
x\xff\x96\xac\xef1\x91\x9el\xb4^\xc4k`\xa5\xb3\
\x0a\xe5^G}\xd7\x0d\x0e\x0e\xee,m-p\xad;\
q\xdd\xcfa\xbb\xb8R\xa9\xec\x92\x90?\x1dy\xef\x92\
\xf0\xe1\xc4\x84\xfc|\x0a\xa2c\xcbe\xdeDU\xab\xd5\
\xfdl\xde\xc0\xc0\xc0v\x08\xe6\x0b\xb2^\xc1\x0d\x08\xdc\
\xe5\xf1:-\x10\xa8]\x91\xf7JB\x99\xb1\xeb\xf1=\
,\xc6\x9c.\xcbq%\x14\xb7\x93\xafz\xe2s\x15\xf8\
\xba\xbeY\x8fR\xdf\xcag-\xb9\x15\x04\x01\xfbA\x94\
9\xdb\xe6\xa1\xd1\x0f\xcb:\x93\x08\xbbM\xf2\xc8\x0f\xbf\
\xd5H\xffL\xda&\xf0\x0f\x08pn\xbc,\xd2no\
\xb3\x8bm\x81\xf0\xa5:2\x9fi\xf1:\xf2+\x88R\
?\xb5\x94\x0b\x82s\x98\x1eM\x8e[\xb1\x05\xd3\x16T\
\xad\x9f\x916\xa9\xe4\x97\xc2\x98\xa9\xb6lM\xeb;\xda\
l\xe0\xa7\x1d\x1e\xd9\x8be~\xbcg\x13E\x14\xe4\xb2\
\x96\xba\xd0\x0b\xf0y7\xd2\xe7`\x08\xb9\x0a\xff~\xb1\
\xf1h\x96\x01\xd5###;5\xeb4\xe6(\xe4\xfd\
+\xfc\xd9\x00\xceG\xf9\xeb\xf1\xf9\x89\xc8\xe3\xb0\xf3\xb8\
-\x9f\x22\x08\x87\xb8e\xcc/\xa7 axCK:\
\x82.\x8aN\xa9\x87\xe1\x09\x14NN\xba\xd1\x04\xde\xea\
\xcbF\x88t\x9c\xcd\xe7A9y\x9c\x94G\x86\xf8\xe6\
\xbb(?E\x90\x86\x1fsK)H]\xa9\xf3d}\
\xe8\x19o\xf2\xf0\x1b\xfe\xdd\x8f\xa0=\x90\xf6|\x1cA\
\x1bj)\xa7\xf5#m6c\x9b\xa1\xff\xc4\xedxM\
\xe6M(\x08\xfc\xc5\x17\xe1\x18\x99^xA\xf8-F\
\xf9\xefd\x9dm\xd4\xfa\x8d\xe1U\xab\xf6\xb0\xf5a\xb5\
\xb3-\xd27\xc7m\xd2\xf6\x8f\x90gZ\xea\x0a\xc3\xdb\
\x98>\x89 Q\xbbdZ\xe1\x05!\xd0#\xaeh\xce\
\x13\x13\x90\xa7I(\x04\xcb4^\x0d\xd5\x92/W`\
\x16\x10s\xb9\xb0\x9d\xcf\xf4\xc9\x04Ib)\x04! \
\xca\xb5\xa8\xe77Y\xb7$'z\xdaw\xa9\x87\xd0\xae\
\xd5O\xc1\xdc\x09\x12\x9d8\xc77\x9e'\xd2\xe37Q\
F6T\x08BD\xeb\xfe0\xbc\x11\xbd\xe5\xb1h\x0e\
\x09\x82\xe7\xe5\xfd\x0b\x87.k\xdf6\x87\x84\xe1\xa3\xf1\
\xfa\x88z\xbd~\xb8\x11s\x88]:KA\xa2\xe0N\
\xf2X:w\x82\xc4\x1dD`\x9f\x8a\x95\xe5r4^\
&\xba1\xa4h\x08\xc2\xd5H\xeb\xc7\xe7Lko\xa1\
y\xc2<~\xbd0\xfc\xca\xe6\xe1\xffO\x0a_6\xe2\
\x0bq\xbc\xcd\x8f^\xe8<\xb6\xf52~\xdd\x09VY\
\xb6\x1d\xd1\x16Ok\xbdM\xe6J\x10\x1e\xcdoI\xc7\
\xbc\xc0\xb7[\xf3\x1b/\xcb\xac\x0e\x82#X&\xbe\xec\
\x8d\xe6\x11\xf4\x0a\xbeoW7\xeeC\x1a{R\xe3e\
\xc3\xf0=\xeb\x0fl\x8eL\xb8\x0f\xf9\x15\x5c\xc0zu\
\xc2\x1d<}\xb1\xe5\xd3\x04\xe1\x8d\xa1\x91=\xba\xc1\x5c\
\x09\x12\xbd\xd9Z\xa9\x1fe\xbe$\x822\xdc\xac3\x0c\
\x97\xca\xfc\x89\xa8\xc5\x83\x1f\xa4-\x966iD\xd9\xef\
\xe3\x01M\x13$\xaa7e\xe8\xca\x95 \x91\x0d&L\
\x99\xdfb\xcb^\x10\x86\xb3c\xf6\xb3\xa5M\x1a\xd1c\
F0\x0c\xedf\xcb\x12\xdc\xc9\x9d\xe0\x99D\x9c\x93\xee\
eq\x15\x17\xcfO\x1a\xbar\xb9\x97\x85\xa0?\x980\
\x94\x90\x9b\x11\xd4yq[\x02\xe97qlO\xb0o\
2\x12\xa3Z=Z\x96%\xa2\xdd\xde\xf8\x16K;\xd7\
\xc2\xe6TY\x0e~\x9f&\xec\x16\xc6\xf3\xe5\xd0\x85\xfa\
\xd7\xe7v\xb7\xb7q\x97\xdb\x1f=\x9b\xe0X\xae\xf5\xa2\
\xb4\x80\x12\xab+\x95\x03a\xbf \xfaM\xa0}\x16B\
b\xce\xe00%{F\x120\x87\xcd@\x99'P\xcf\
G\x9c{\xb8\x9d\x8e\xf2\xd7\xc4\xf7\xbf$\xd8\xa3\x1bs\
\xcd\xd3CCC\xbb\xcb|\xb4\xedX\xde\xc7\xe0s\x05\
8=!?\x1f\x82\x94\x05N\x0a\xe2\x9f\xa9\xb7\xc7\xa4\
\xa7\x82x&\xb2O\xc6\xaf\xe30\xfe\x5c\xd6\x16S.\
\xcf\xbb\x02\xf9\x0c\xda3\x9dX\x9c\x9c!\xe3\xd7\x15h\
\x7f\xb6wRfv\xb6\x97\x80 \xd30t\xad\x93N\
x\x8e\x91'\x5c\x18#\x19\xb7\xae\x22\xbaa\xd2\xfae\
\xbd\x15\x87\x13J\xc0?\x11\x97\x97\xe4\xd6J\xa6H\xdb\
\xef)%{\xf9\x0b*\x0b\xed\x7fc\xd8$c!\xe3\
\x939\xbc \xe3tB\x90\x9a#\x7f\xd0\xc5\x052\x16\
2>\x99#:\xdc\x9c\xe0\x5c)i\xcc\x0c\x19\x9f\xcc\
Q\xa9T\xf64\x0e\xfcQ\xb0^\x13\xab\xcdM\xf1#\
J=\x85q\xe0\xcf\xe6\xf5\x9a\xbcY\x96q\xe9\x19\xe0\
\xccE\xd2\xc1\xb2\x11C\xf7\x852.=E\x97_4\
\xe96\xb5^.\xe3\xd1s\xd4\xeb\xf5}\xe0\xdc\xda6\
g\x8b\xcf\xb5|&\x22\xe3\xe1\x04\xa2\x93\xe2\xfc\xb9Z\
\xbb\xd3E\xe5\xa0\xf3/\xdel\x9cZ\x9c\x07g\x7fN\
h@Q\xc8C\x0f\xf7\xa4\xbdM\xdbI`9\xbc=\
\xd6\xe5\x17\x18>a\xd4z\x09\x0f\x1b\xe4\x99l\x03\xdb\
\x82\xe1\xe9|\xb6M\xb6\xd7\xc3\xc3\xc3\xc3\xc3\xc3\xc3\xc3\
\xc3\xc3\xc3#\xaf\xf8\x1f\x8d\xfb\xa4\x89\xd0o\xa45\x00\
\x00\x00\x00IEND\xaeB`\x82\
\x00\x00|+\
\x89\
PNG\x0d\x0a\x1a\x0a\x00\x00\x00\x0dIHDR\x00\
\x00\x04\x00\x00\x00\x04\x00\x08\x06\x00\x00\x00\x7f\x1d+\x83\
\x00\x00{\xf2IDATx^\xec\xdd\xddq\x1c\xd7\
\x9e\xe6\xeb6\x01*h\xdf\x17\xc0\xe8{\x99@\x13\xe8\
\xc1\xc8\x83\x91\x07\x9b\x1elz y y \x13\xd8\
\x1e \x08\x22\xce\xbe\xa4\x09sP\xfc\xe8M\xbd\x89\x14\
\xf1\x82\x85\xca\x5c\x95\xcf\x13\xf1\x8b33\xa7\xf9gs\
\xad\x95\x0a\xac\xc4\xd7\x7f\xfd\x17\x00\x00\x00\x00\x00\x00\x00\
\x00\x00\x00\x00\x00\x00\x00\x00\x00\x00\x00\x00\x00\x00\x00\x00\
\x00\x00\x00\x00\x00\x00\x00\x00\x00\x00\x00\x00\x00\x00\x00\x00\
\x00\x00\x00\x00\x00\x00\x00\x00\x00\x00\x00\x00\x00\x00\x00\x00\
\x00\x00\x00\x00\x00\x00\x00\x00\x00\x00\x00\x00\x00\x00\x00\x00\
\x00\x00\x00\x00\x00\x00\x00\x00\x00\x00\x00\x00\x00\x00\x00\x00\
\x00\x00\x00\x00\x00\x00\x00\x00\x00\x00\x00\x00\x00\x00\x00\x00\
\x00\x00\x00\x00\x00\x00\x00\x00\x00\x00\x00\x00\x00\x00\x00\x00\
\x00\x00\x00\x00\x00\x00\x00\x00\x00\x00\x00\x00\x00\x00\x00\x00\
\x00\x00\x00\x00\x00\x00\x00\x00\x00\x00\x00\x00\x00\x00\x00\x00\
\x00\x00\x00\x00\x00\x00\x00pv\xde_\xef\xfe\x9f$I\
\x92$\xad\xae\xab\xdd\xdb\x9b\xfd\xc5E\xdea\x80'\x9a\
<d\x92$I\x92\xb4\x96\xbc\x04\x80\xe3\x99<`\x92\
$I\x92\xb4\xa6\xbc\x04\x80\xe3\x98<\x5c\x92$I\x92\
\xb4\xb6\xbc\x04\x80\xef7y\xb0$I\x92$i\x8dy\
\x09\x00\xdfg\xf2PI\x92$I\xd2Z\xf3\x12\x00\x9e\
n\xf2@I\x92$I\xd2\x9a\xf3\x12\x00\x9ef\xf20\
I\x92$I\xd2\xda\xf3\x12\x00z\x93\x07I\x92$I\
\x92F\xc8K\x00\xe8L\x1e\x22I\x92$I\x1a%/\
\x01\xe0\xf1&\x0f\x90$I\x92$\x8d\x94\x97\x00\xf08\
\x93\x87G\x92$I\x92F\xcbK\x00\xf8\xb6\xc9\x83#\
I\x92$I#\xe6%\x00\xfc\xbd\xc9C#I\x92$\
I\xa3\xe6%\x00\xcc\x9b<0\x92$I\x924r^\
\x02\xc0\xc3&\x0f\x8b$I\x92$\x8d\x9e\x97\x0005\
yP\x9e3\x0f!\x00\x00\xf0\x95\xc3\xfd\xe0pO\x98\
\xdc\x1d\x8e\x91\xfb\x07\xfc\xd5\xe4!y\xee<\x84\x00\x00\
\xc0W\xbc\x04\x80\x13\x99< \xa7\xc8C\x08\x00\x00|\
\xc5K\x008\x81\xc9\xc3q\xaa<\x84\x00\x00\xc0W\xbc\
\x04\x80g6y0N\x99\x87\x10\x00\x00\xf8\x8a\x97\x00\
\xf0\x8c&\x0f\xc5\xa9\xf3\x10\x02\x00\x00_\xf1\x12\x00\x9e\
\xc9\xe4\x81X\x22\x0f!\x00\x00\xf0\x15/\x01\xe0\x19L\
\x1e\x86\xa5\xf2\x10\x02\x00\x00_\xf1\x12\x00\x8el\xf2 \
,\x99\x87\x10\x00\x00\xf8\x8a\x97\x00pD\x93\x87`\xe9\
<\x84\x00\x00\xc0W\xbc\x04\x80#\x99<\x00k\xc8C\
\x08\x00\x00|\xc5K\x008\x82\xc9\xe1o\xf3\x10\x02\x00\
\x00'\xe0%\x00|\xa7\xc9\xc1/\xf3\x10\x02\x00\x00\xa7\
\xe2\xfe\x01\xdfar\xe8\xcb\x0e3<\x84\x00\x00\xc0\xa9\
\xb8\x7f\xc0\x13M\x0e|\xd9\x979\x1eB\x00\x00\xe0T\
\xdc?\xe0\x09&\x87\xbd\xec\xebY\x1eB\x00\x00\xe0T\
\xdc?\xa049\xe8e9\xcfC\x08\x00\x00\x9c\x8a\xfb\
\x07\x14&\x87\xbc,\xe7\x1dx\x08\x01\x00\x80Sq\xff\
\x80G\x9a\x1c\xf0\xb2\x9c\xf7\x85\x87\x10\x00\x008\x15\xf7\
\x0fx\x84\xc9\xe1.\xcby_\xf3\x10\x02\x00\x00\xa7\xe2\
\xfe\x01\xdf09\xd8e9/y\x08\x01\x00\x80Sq\
\xff\x80\xbf19\xd4e9\xef!\x1eB\x00\x00\xe0T\
\xdc?`\xc6\xe4@\x97\xe5\xbc9\x1eB\x00\x00\xe0T\
\xdc?\xe0\x01\x93\xc3\x5c\x96\xf3\xfe\x8e\x87\x10\x00\x008\
\x15\xf7\x0f\x08\x93\x83\x5c\x96\xf3\xbe\xc5C\x08\x00\x00\x9c\
\x8a\xfb\x07|er\x88\xcbr\xdecx\x08\x01\x00\x80\
Sq\xff\x80\xcf&\x07\xb8,\xe7=\x96\x87\x10\x00\x00\
8\x15\xf7\x0f\xf8\xaf\xe5^\x00\x1cx\x08\x01\x00\x80S\
q\xff`\xf3&\x07\xb7,\xe7\xb5<\x84\x00\x00\xc0\xa9\
\xb8\x7f\xb0i\x93C[\x96\xf3\x9e\xc2C\x08\x00\x00\x9c\
\x8a\xfb\x07\x9b59\xb0e9\xef\xa9<\x84\x00\x00\xc0\
\xa9\xb8\x7f\xb0I\x93\xc3Z\x96\xf3\xbe\x87\x87\x10\x00\x00\
8\x15\xf7\x0f6grP\xcbr\xde\xf7\xf2\x10\x02\x00\
\x00\xa7\xe2\xfe\xc1\xa6L\x0eiY\xce;\x06\x0f!\x00\
\x00p*\xee\x1fl\xc6\xe4\x80\x96\xe5\xbcc\xf1\x10\x02\
\x00\x00\xa7\xe2\xfe\xc1&L\x0egY\xce;&\x0f!\
\x00\x00p*\xee\x1f\x9c\xbd\xc9\xc1,\xcby\xc7\xe6!\
\x04\x00\x00N\xc5\xfd\x83\xb369\x94e9\xef9x\
\x08\x01\x00\x80Sq\xff\xe0lM\x0edY\xce{.\
\x1eB\x00\x00\xe0T\xdc?8K\x93\xc3X\x96\xf3\x9e\
\x93\x87\x10\x00\x008\x15\xf7\x0f\xce\xce\xe4 \x96\xe5\xbc\
\xe7\xe6!\x04\x00\x00N\xc5\xfd\x83\xb329\x84e9\
\xef\x14<\x84\x00\x00\xc0\xa9\xb8\x7fp6&\x07\xb0,\
\xe7\x9d\x8a\x87\x10\x00\x008\x15\xf7\x0f\xce\xc2\xe4\xf0\x95\
\xe5\xbcS\xf2\x10\x02\x00\x00\xa7\xe2\xfe\xc1\xf0&\x07\xaf\
,\xe7\x9d\x9a\x87\x10\x00\x008\x15\xf7\x0f\x8669t\
e9o\x09\x1eB\x00\x00\xe0T\xdc?\x18\xd6\xe4\xc0\
\x95\xe5\xbc\xa5x\x08\x01\x00\x80Sq\xff`H\x93\xc3\
V\x96\xf3\x96\xe4!\x04\x00\x00N\xc5\xfd\x83\xe1L\x0e\
ZY\xce[\x9a\x87\x10\x00\x008\x15\xf7\x0f\x8629\
de9o\x0d<\x84\x00\x00\xc0\xa9\xb8\x7f0\x8c\xc9\
\x01+\xcbyk\xe1!\x04\x00\x00N\xc5\xfd\x83!L\
\x0eWY\xce[\x13\x0f!\x00\x00p*\xee\x1f\xac\xde\
\xe4`\x95\xe5\xbc\xb5\xf1\x10\x02\x00\x00\xa7\xe2\xfe\xc1\xaa\
M\x0eUY\xce[#\x0f!\x00\x00p*\xee\x1f\xac\
\xd6\xe4@\x95\xe5\xbc\xb5\xf2\x10\x02\x00\x00\xa7\xe2\xfe\xc1\
*M\x0eSY\xce[3\x0f!\x00\x00p*\xee\x1f\
\xac\xce\xe4 \x95\xe5\xbc\xb5\xf3\x10\x02\x00\x00\xa7\xe2\xfe\
\xc1\xaaL\x0eQY\xce\x1b\x81\x87\x10\x00\x008\x15\xf7\
\x0fVcr\x80\xcar\xde(<\x84\x00\x00\xc0\xa9\xb8\
\x7f\xb0\x0a\x93\xc3S\x96\xf3F\xe2!\x04\x00\x00N\xc5\
\xfd\x83\xc5M\x0eNY\xce\x1b\x8d\x87\x10\x00\x008\x15\
\xf7\x0f\x16594e9oD\x1eB\x00\x00\xe0T\
\xdc?X\xcc\xe4\xc0\x94\xe5\xbcQy\x08\x01\x00\x80S\
q\xff`\x11\x93\xc3R\x96\xf3F\xe6!\x04\x00\x00N\
\xc5\xfd\x83\x93\x9b\x1c\x94\xb2\x9c7:\x0f!\x00\x00p\
*\xee\x1f\x9c\xd4\xe4\x90\x94\xe5\xbcs\xe0!\x04\x00\x00\
N\xc5\xfd\x83\x93\x99\x1c\x90\xb2\x9cw.<\x84\x00\x00\
\xc0\xa9\xb8\x7fp\x12\x93\xc3Q\x96\xf3\xce\x89\x87\x10\x00\
\x008\x15\xf7\x0f\x9e\xdd\xe4`\x94\xe5\xbcs\xe3!\x04\
\x00\x00N\xc5\xfd\x83g59\x14e9\xef\x1cy\x08\
\x01\x00\x80Sq\xff\xe0\xd9L\x0eDY\xce;W\x1e\
B\x00\x00\xe0T\xdc?x\x16\x93\xc3P\x96\xf3\xce\x99\
\x87\x10\x00\x008\x15\xf7\x0f\x8enr\x10\xcar\xde\xb9\
\xf3\x10\x02\x00\x00\xa7\xe2\xfe\xc1QM\x0eAY\xce\xdb\
\x02\x0f!\x00\x00p*\xee\x1f\x1c\xcd\xe4\x00\x94\xe5\xbc\
\xad\xf0\x10\x02\x00\x00\xa7\xe2\xfe\xc1QL6\xbf,\xe7\
m\x89\x87\x10\x00\x008\x15\xf7\x0f\xbe\xdbd\xe3\xcbr\
\xde\xd6x\x08\x01\x00\x80Sq\xff\xe0\xbbL6\xbd,\
\xe7m\x91\x87\x10\x00\x008\x15\xf7\x0f\x9el\xb2\xe1e\
9o\xab<\x84\x00\x00\xc0\xa9\xb8\x7f\xf0$\x93\xcd.\
\xcby[\xe6!\x04\x00\x00N\xc5\xfd\x83\xdad\xa3\xcb\
r\xde\xd6y\x08\x01\x00\x80Sq\xff\xa02\xd9\xe4\xb2\
\x9c\x87\x87\x10\x00\x008\x1d\xf7\x0f\x1em\xb2\xc1e9\
\x8fO<\x84\x00\x00\xc0\xa9\xb8\x7f\xf0(\x93\xcd-\xcb\
y\xfc\x87\x87\x10\x00\x008\x15\xf7\x0f\xbei\xb2\xb1e\
9\x8f\xbf\xf2\x10\x02\x00\x00\xa7\xe2\xfe\xc1\xdf\x9alj\
Y\xcec\xcaC\x08\x00\x00\x9c\x8a\xfb\x07\xb3&\x1bZ\
\x96\xf3x\x98\x87\x10\x00\x008\x15\xf7\x0f\x1e4\xd9\xcc\
\xb2\x9c\xc7<\x0f!\x00\x00p*\xee\x1fLL6\xb2\
,\xe7\xf1\xf7<\x84\x00\x00\xc0\xa9\xb8\x7f\xf0\x17\x93M\
,\xcby|\x9b\x87\x10\x00\x008\x15\xf7\x0f\xfe\xd7d\
\x03\xcbr\x1e\x8f\xe3!\x04\x00\x00N\xc5\xfd\x83\x8f&\
\x9bW\x96\xf3x<\x0f!\x00\x00p*\xee\x1fx\x01\
\xb00\x0f!\x00\x00p*\xee\x1f\x1b7\xd9\xb4\xb2\x9c\
G\xcfC\x08\x00\x00\x9c\x8a\xfb\xc7\x86M6\xac,\xe7\
\xf14\x1eB\x00\x00\xe0T\xdc?6j\xb2Ye9\
\x8f\xa7\xf3\x10\x02\x00\x00\xa7\xe2\xfe\xb1A\x93\x8d*\xcb\
y|\x1f\x0f!\x00\x00p*\xee\x1f\x1b3\xd9\xa4\xb2\
\x9c\xc7\xf7\xf3\x10\x02\x00\x00\xa7\xe2\xfe\xb1!\x93\x0d*\
\xcby\x1c\x87\x87\x10\x00\x008\x15\xf7\x8f\x8d\x98lN\
Y\xce\xe3x<\x84\x00\x00\xc0\xa9\xb8\x7fl\xc0dc\
\xcar\x1e\xc7\xe5!\x04\x00\x00N\xc5\xfd\xe3\xccM6\
\xa5,\xe7q|\x1eB\x00\x00\xe0T\xdc?\xce\xd8d\
C\xcar\x1e\xcf\xc3C\x08\x00\x00\x9c\x8a\xfb\xc7\x99\x9a\
lFY\xce\xe3\xf9x\x08\x01\x00\x80Sq\xff8C\
\x93\x8d(\xcby</\x0f!\x00\x00p*\xee\x1fg\
f\xb2\x09e9\x8f\xe7\xe7!\x04\x00\x00N\xc5\xfd\xe3\
\x8cL6\xa0,\xe7q\x1a\x1eB\x00\x00\xe0T\xdc?\
\xce\xc4d\xf1\xcbr\x1e\xa7\xe3!\x04\x00\x00N\xc5\xfd\
\xe3\x0cL\x16\xbe,\xe7qZ\x1eB\x00\x00\xe0T\xdc\
?\x067Y\xf4\xb2\x9c\xc7\xe9y\x08\x01\x00\x80Sq\
\xff\x18\xd8d\xc1\xcbr\x1e\xcb\xf0\x10\x02\x00\x00\xa7\xe2\
\xfe1\xa8\xc9b\x97\xe5<\x96\xe3!\x04\x00\x00N\xc5\
\xfdc@\x93\x85.\xcby,\xebY\x1fBI\x92$\
I:U^\x02\x1c\xdfd\x91\xcbr\x1e\xcb\xf3\x12@\
\x92$I\xd2Y\xe4%\xc0qM\x16\xb8,\xe7\xb1\x0e\
^\x02H\x92$I:\x8b\xbc\x048\x9e\xc9\xe2\x96\xe5\
<\xd6\xc3K\x00I\x92$Ig\x91\x97\x00\xc71Y\
\xd8\xb2\x9c\xc7\xbax\x09 I\x92$\xe9,\xba\xbf\xd7\
\xe4}\x87\xd2dQ\xcbr\x1e\xeb\xe3%\x80$I\x92\
\xa4s(\xef:\x94rA\xdbr\x1e\xeb\xe4%\x80$\
I\x92\xa4\xd1\xcb{\x0e\xa5\x5c\xd0\xb6\x9c\xc7zy\x09\
 I\x92$i\xe4\xf2\x8eC)\x17\xb4-\xe7\xb1n\
^\x02H\x92$I\x1a\xb5\xbc\xdfP\xca\x05m\xcby\
\xac\x9f\x97\x00\x92$I\x92F,\xef6\x94rA\xdb\
r\x1ec\xf0\x12@\x92$I\xd2h\xe5\xbd\x86R.\
h[\xcec\x1c\x1f_\x02<\xb0\xa7\x92$I\x92\xb4\
\xc6\xf2NC)\x17\xb4-\xe71\x96\xdcOI\x92$\
IZky\x9f\xa1\x94\x0b\xda\x96\xf3\x18K\xee\xa7$\
I\x92$\xad\xb5\xbc\xcfP\xca\x05m\xcby\x8c%\xf7\
S\x92$I\x92\xd6Z\xdeg(\xe5\x82\xb6\xe5<\xc6\
\x92\xfb)I\x92$Ik-\xef3\x94rA\xdbr\
\x1ec\xc9\xfdl\xcby\x00\x00\x00s\xf2>\xd1\x96\xf3\
(\xe5\x82\xb6\xe5<\xc6\x92\xfb\xd9\x96\xf3\x00\x00\x00\xe6\
\xe4}\xa2-\xe7Q\xca\x05m\xcby\x8c%\xf7\xb3-\
\xe7\x01\x00\x00\xcc\xc9\xfbD[\xce\xa3\x94\x0b\xda\x96\xf3\
\x18K\xeeg[\xce\x03\x00\x00\x98\x93\xf7\x89\xb6\x9cG\
)\x17\xb4-\xe71\x96\xdc\xcf\xb6\x9c\x07\x00\x000'\
\xef\x13m9\x8fR.h[\xcec,\xb9\x9fm9\
\x0f\x00\x00`N\xde'\xdar\x1e\xa5\x5c\xd0\xb6\x9c\xc7\
Xr?\xdbr\x1e\x00\x00\xc0\x9c\xbcO\xb4\xe5<J\
\xb9\xa0m9\x8f\xb1\xe4~\xb6\xe5<\x00\x00\x809y\
\x9fh\xcby\x94rA\xdbr\x1ec\xc9\xfdl\xcby\
\x00\x00\x00s\xf2>\xd1\x96\xf3(\xe5\x82\xb6\xe5<\xc6\
\x92\xfb\xd9\x96\xf3\x00\x00\x00\xe6\xe4}\xa2-\xe7Q\xca\
\x05m\xcby\x8c%\xf7\xb3-\xe7\x01\x00\x00\xcc\xc9\xfb\
D[\xce\xa3\x94\x0b\xda\x96\xf3\x18K\xeeg[\xce\x03\
\x00\x00\x98\x93\xf7\x89\xb6\x9cG)\x17\xb4-\xe71\x96\
\xdc\xcf\xb6\x9c\x07\x00\x000'\xef\x13m9\x8fR.\
h[\xcec,\xb9\x9fm9\x0f\x00\x00`N\xde'\
\xdar\x1e\xa5\x5c\xd0\xb6\x9c\xc7Xr?\xdbr\x1e\x00\
\x00\xc0\x9c\xbcO\xb4\xe5<J\xb9\xa0m9\x8f\xb1\xe4\
~\xb6\xe5<\x00\x00\x809y\x9fh\xcby\x94rA\
\xdbr\x1ec\xc9\xfdl\xcby\x00\x00\x00s\xf2>\xd1\
\x96\xf3(\xe5\x82\xb6\xe5<\xc6\x92\xfb\xd9\x96\xf3\x00\x00\
\x00\xe6\xe4}\xa2-\xe7Q\xca\x05m\xcby\x8c%\xf7\
\xb3-\xe7\x01\x00\x00\xcc\xc9\xfbD[\xce\xa3\x94\x0b\xda\
\x96\xf3\x18K\xeeg[\xce\x03\x00\x00\x98\x93\xf7\x89\xb6\
\x9cG)\x17\xb4-\xe71\x96\xdc\xcf\xb6\x9c\x07\x00\x00\
0'\xef\x13m9\x8fR.h[\xcec,\xb9\x9f\
m9\x0f\x00\x00`N\xde'\xdar\x1e\xa5\x5c\xd0\xb6\
\x9c\xc7Xr?\xdbr\x1e\x00\x00\xc0\x9c\xbcO\xb4\xe5\
<J\xb9\xa0m9\x8f\xb1\xe4~\xb6\xe5<\x00\x00\x80\
9y\x9fh\xcby\x94rA\xdbr\x1ec\xc9\xfdl\
\xcby\x00\x00\x00s\xf2>\xd1\x96\xf3(\xe5\x82\xb6\xe5\
<\xc6\x92\xfb\xd9\x96\xf3\x00\x00\x00\xe6\xe4}\xa2-\xe7\
Q\xca\x05m\xcby\x8c%\xf7\xb3-\xe7\x01\x00\x00\xcc\
\xc9\xfbD[\xce\xa3\x94\x0b\xda\x96\xf3\x18K\xeeg[\
\xce\x03\x00\x00\x98\x93\xf7\x89\xb6\x9cG)\x17\xb4-\xe7\
1\x96\xdc\xcf\xb6\x9c\x07\x00\x000'\xef\x13m9\x8f\
R.h[\xcec,\xb9\x9fm9\x0f\x00\x00`N\
\xde'\xdar\x1e\xa5\x5c\xd0\xb6\x9c\xc7Xr?\xdbr\
\x1e\x00\x00\xc0\x9c\xbcO\xb4\xe5<J\xb9\xa0m9\x8f\
\xb1\xe4~\xb6\xe5<\x00\x00\x809y\x9fh\xcby\x94\
rA\xdbr\x1ec\xc9\xfdl\xcby\x00\x00\x00s\xf2\
>\xd1\x96\xf3(\xe5\x82\xb6\xe5<\xc6\x92\xfb\xd9\x96\xf3\
\x00\x00\x00\xe6\xe4}\xa2-\xe7Q\xca\x05m\xcby\x8c\
%\xf7\xb3-\xe7\x01\x00\x00\xcc\xc9\xfbD[\xce\xa3\x94\
\x0b\xda\x96\xf3\x18K\xeeg[\xce\x03\x00\x00\x98\x93\xf7\
\x89\xb6\x9cG)\x17\xb4-\xe71\x96\xdc\xcf\xb6\x9c\x07\
\x00\x000'\xef\x13m9\x8fR.h[\xcec,\
\xb9\x9fm9\x0f\x00\x00`N\xde'\xdar\x1e\xa5\x5c\
\xd0\xb6\x9c\xc7Xr?\xdbr\x1e\x00\x00\xc0\x9c\xbcO\
\xb4\xe5<J\xb9\xa0m9\x8f\xb1\xe4~\xb6\xe5<\x00\
\x00\x809y\x9fh\xcby\x94rA\xdbr\x1ec\xc9\
\xfdl\xcby\x00\x00\x00s\xf2>\xd1\x96\xf3(\xe5\x82\
\xb6\xe5<\xc6\x92\xfb\xd9\x96\xf3\x00\x00\x00\xe6\xe4}\xa2\
-\xe7Q\xca\x05m\xcby\x8c%\xf7\xb3-\xe7\x01\x00\
\x00\xcc\xc9\xfbD[\xce\xa3\x94\x0b\xda\x96\xf3\x18K\xee\
g[\xce\x03\x00\x00\x98\x93\xf7\x89\xb6\x9cG)\x17\xb4\
-\xe71\x96\xdc\xcf\xb6\x9c\x07\x00\x000'\xef\x13m\
9\x8fR.h[\xcec,\xb9\x9fm9\x0f\x00\x00\
`N\xde'\xdar\x1e\xa5\x5c\xd0\xb6\x9c\xc7Xr?\
\xdbr\x1e\x00\x00\xc0\x9c\xbcO\xb4\xe5<J\xb9\xa0m\
9\x8f\xb1\xe4~\xb6\xe5<\x00\x00\x809y\x9fh\xcb\
y\x94rA\xdbr\x1ec\xc9\xfdl\xcby\x00\x00\x00\
s\xf2>\xd1\x96\xf3(\xe5\x82\xb6\xe5<\xc6\x92\xfb\xd9\
\x96\xf3\x00\x00\x00\xe6\xe4}\xa2-\xe7Q\xca\x05m\xcb\
y\x8c%\xf7\xb3-\xe7\x01\x00\x00\xcc\xc9\xfbD[\xce\
\xa3\x94\x0b\xda\x96\xf3\x18K\xeeg[\xce\x03\x00\x00\x98\
\x93\xf7\x89\xb6\x9cG)\x17\xb4-\xe71\x96\xdc\xcf\xb6\
\x9c\x07\x00\x000'\xef\x13m9\x8fR.h[\xce\
c,\xb9\x9fm9\x0f\x00\x00`N\xde'\xdar\x1e\
\xa5\x5c\xd0\xb6\x9c\xc7Xr?\xdbr\x1e\x00\x00\xc0\x9c\
\xbcO\xb4\xe5<J\xb9\xa0m9\x8f\xb1\xe4~\xb6\xe5\
<\x00\x00\x809y\x9fh\xcby\x94rA\xdbr\x1e\
c\xc9\xfdl\xcbyL\xdd\xec/.n\xf6\xff\xf8\xe9\
f\x7f\xf9\xeav\x7f\xf9\xf3\x97\xee\xff\xdf_~\xee\x22\
\xff\x0c\x00\x00\x9c\xa3\xbcO\xb4\xe5<J\xb9\xa0m9\
\x8f\xb1\xe4~\xb6\xe5<>]\xf8\xef\xaew\xbf\xbc\xbf\
\xbe\xfc\xfd~\x8d>\xe4\x9a\xcd\xf4\xe1\xfd\xd5\xe5\x9f\x87\
?\xf7\xef\xfd\xc5>g\x02\x00\xc09x\xe0\xe3\xe0\xaa\
\x9cG)\x17\xb4-\xe71\x96\xdc\xcf\xb6\x9c\xb7e7\
\xfb\x1f_\x1e.\xf1\xb9FO\xea~\xce\xed\x8b\xcb\x9f\
\xf3\xef\x00\x00\x80\x91M>\xee-\xcby\x94rA\xdb\
r\x1ec\xc9\xfdl\xcby[t\xf8\x8c\xff\xfb\x17\x1f\
?\xdb?Y\x9f#\xf4\xd6W\x04\x00\x00p.\x1e\xf8\
x\xb7*\xe7Q\xca\x05m\xcby\x8c%\xf7\xb3-\xe7\
m\xcd\xdd\x7f_\xfct{\xbd\xbb\xc9u9r\x1f\xee\
^\x5c\xfe\x9f\xfc\xbb\x01\x00`4\x0f|\xac[\x95\xf3\
(\xe5\x82\xb6\xe5<\xc6\x92\xfb\xd9\x96\xf3\xb6\xe4p\xf9\
\x7f\xff\xf8\xef\xf1\xff\xee\xde]\xef~\xc9\xff\x1d\x00\x00\
`$\xf91n[\xce\xa3\x94\x0b\xda\x96\xf3\x18K\xee\
g[\xce\xdb\x8a\x9b\xfd\xc5\xfe\xfd\x09/\xff_\xba\xdd\
_\xbe\xca\xff]\x00\x00`\x14\xf9\xf1m[\xce\xa3\x94\
\x0b\xda\x96\xf3\x18K\xeeg[\xce\xdb\x82\xc3\xf7\xfc\x9f\
\xe0\xcb\xfe\xe7\xfa\xe0g\x02\x00\x000\xaa\x07>\xbe\xad\
\xcay\x94rA\xdbr\x1ec\xc9\xfdl\xcby[p\
\x7f\xf9\xffW\xae\xc3I\xbb\xba\xfc3\xffw\x02\x00\x80\
\x11L>\xb6-\xcby\x94rA\xdbr\x1ec\xc9\xfd\
l\xcby\xe7\xee\xf3\x97\xfeO\xd6\xe1o\xfa\xf0\xeez\
\xf7\xe6\xf0\xa5\xfb\xf9\x99\xfb\x8f\xbf=`\xff\xe3\xcb\xfb\
\xff\xff\xafo\xaf\xca\xaf(\xd8_\xbc\xfcz\x16\x00\x00\
\x8c`\xf2qmY\xce\xa3\x94\x0b\xda\x96\xf3\x18K\xee\
g[\xce;w\xb7W\x97\xbf\xe5\x1a\xccw\xf9\xe6p\
\xc9\xcf\x19s\xee\xaew\xbf\xbc\x7f\xec\xcf\x15\xf0U\x00\
\x00\x00\x0ch\xf2qmY\xce\xa3\x94\x0b\xda\x96\xf3\x18\
K\xeeg[\xce;g\xcdg\xffo_\x5c\xfe\x9c\x7f\
\xfe1\xaa\x1f.\xe8\xab\x00\x00\x00\x18\xcc\xe4c\xda\xb2\
\x9cG)\x17\xb4-\xe71\x96\xdc\xcf\xb6\x9cw\xce\x0e\
_\xaa\x9f\xff\xfe\x99^\xe7\x9fm\x1c\xbe-\xe0\x81\x99\
\x0ft\xf9{\xfeY\x00\x00X\xb3\xe9\xc7\xb4]9\x8f\
R.h[\xcec,\xb9\x9fm9\xef\x9c=\xe6'\
\xff\xdf\xbd\xd8\xfd\x9a\x7f\xee)\xeeg\xbd\xc9\xd9\x0f\xf4\
\xa1\xf9\x16\x03\x00\x00X\xda\x03\x1f\xd3V\xe5<J\xb9\
\xa0m9\x8f\xb1\xe4~\xb6\xe5\xbcsu\xb7\xbf\xf8)\
\xff\xed\x0f\x95?\xe8\xef\xa9>\xfe\x80\xc0G|+\xc0\
S\xbf\xd5\x00\x00\x00\x96\x90\x1f\xcf\xb6\xe5<J\xb9\xa0\
m9\x8f\xb1\xe4~\xb6\xe5\xbcs\xf5\xee\xd3\x0f\xe8\x9b\
\xfc\xfb\xbf\xeeX\x9f\xfd\xff\xe21\xdfrp\xec\xbf\x13\
\x00\x00\x9eS~<\xdb\x96\xf3(\xe5\x82\xb6\xe5<\xc6\
\x92\xfb\xd9\x96\xf3\xce\xd5\xe1\xa7\xee\xe7\xbf}\xd2\x91\x7f\
(\xdf\xe7\xaf\x02\x98\xfe=\x7f\xedC\xfe9\x00\x00X\
\xab\x07>\x9e\xad\xcay\x94rA\xdbr\x1ec\xc9\xfd\
l\xcby\xe7*\xff\xdd\x0f\xf4,\x17\xf1\xbb\xeb\xdd\xdb\
\x07\xfe\xae\xbft\xaco;\x00\x00\x80\xe7\x96\x1f\xcb\xb6\
\xe5<J\xb9\xa0m9\x8f\xb1\xe4~\xb6\xe5\xbcs\xf4\
\x98\xef\xff\xbf\xbd\xfa\xe1\x8f\xfcs\xc7\xf0\xee\x11?\x0c\
\xd0\xcf\x01\x00\x00`\x14\xf9\xb1l[\xce\xa3\x94\x0b\xda\
\x96\xf3\x18K\xeeg[\xce;G\xf7\x17\xecW\xf9\xef\
\xce\x0e\xdf\xaf\x9f\x7f\xee\x18n\xf7\x97?\xe7\xdf\x95\xbd\
\xbb\xbe|\x93\x7f\x0e\x00\x00\xd6(?\x96m\xcby\x94\
rA\xdbr\x1ec\xc9\xfdl\xcby\xe7\xe8Q\x9f\x85\
\xdf_\xbe\xca?w\x0cK~\xf5\x01\x00\x00\x1c[~\
,\xdb\x96\xf3(\xe5\x82\xb6\xe5<\xc6\x92\xfb\xd9\x96\xf3\
\xce\xd1\xed\x8b\xcb?\xf2\xdf=\xe9\xc8?\x00\xf0\x8b\xc7\
\xfc \xc0\xbb\xeb\xddM\xfe9\x00\x00X\xa3\xfcX\xb6\
-\xe7Q\xca\x05m\xcby\x8c%\xf7\xb3-\xe7\x9d\xa3\
\xc7\xfc\x06\x80\xe7\xfcA|\xf7\xf3?\xe4\xdf\x97\xe5\x9f\
\x01\x00\x805\xca\x8fc\xdbr\x1e\xa5\x5c\xd0\xb6\x9c\xc7\
Xr?\xdbr\xde9\xba\xbd\xda\xdd\xe4\xbf;\xcb?\
sL\x8f\xf9\xfb\x9f\xf3\x05\x04\x00\x00\x1cK~\x1c\xdb\
\x96\xf3(\xe5\x82\xb6\xe5<\xc6\x92\xfb\xd9\x96\xf3\xceQ\
\xfe\x9b\x1f\xe8Y~\x05\xe0\x17\x8f\xf9\x0a\x84\x9b\xfd\xc5\
O\xf9\xe7\x00\x00`m\xf2\xe3\xd8\xb6\x9cG)\x17\xb4\
-\xe71\x96\xdc\xcf\xb6\x9cwn\xd6\xf0=\xf8K\xfe\
\x0c\x02\x00\x008\xa6\xc9\xc7\xb1e9\x8fR.h[\
\xcec,\xb9\x9fm9\xef\xdc\xdc\xec/\xf6\xf9o~\
\xa0\xb7\xf9\xe7\x8e\xe9\xdd\xd5\xee\xb7\x07\xfe\xce\xbft\xfb\
\xe2\xf2\xe7\xfcs\x00\x00\xb06\xf9ql[\xce\xa3\x94\
\x0b\xda\x96\xf3\x18K\xeeg[\xce;7\x8fz\x01p\
u\xf9g\xfe\xb9c\xf2\x02\x00\x00\x80s\x91\x1f\xc7\xb6\
\xe5<J\xb9\xa0m9\x8f\xb1\xe4~\xb6\xe5\xbcss\
\xb7\xbf\xf8)\xff\xcd\x93\xbc\x00\x00\x00\x80G\xc9\x8fc\
\xdbr\x1e\xa5\x5c\xd0\xb6\x9c\xc7Xr?\xdbr\xde\xb9\
\xb9\xd9\xff\xf82\xff\xcd\x93\x9e\xfb\x05\xc0\xf5\xee\xcd\xe4\
\xef\x8c\xbc\x00\x00\x00`\x04\xf9ql[\xce\xa3\x94\x0b\
\xda\x96\xf3\x18K\xeeg[\xce;7+y\x01\xf0z\
\xf2wF^\x00\x00\x000\x82\xfc8\xb6-\xe7Q\xca\
\x05m\xcby\x8c%\xf7\xb3-\xe7\x9d\x1b\xdf\x02\x00\x00\
\x00\xc7\x93\x1f\xc7\xb6\xe5<J\xb9\xa0m9\x8f\xb1\xe4\
~\xb6\xe5\xbcs\xe3\x87\x00\x02\x00\xc0\xf1\xe4\xc7\xb1m\
9\x8fR.h[\xcec,\xb9\x9fm9\xef\xdc<\
\xe6\x05\xc0\xdd\xf5\xee&\xff\xdc1=\xea\x05\xc0\xfe\xf2\
U\xfe9\x00\x00X\x9b\xfc8\xb6-\xe7Q\xca\x05m\
\xcby\x8c%\xf7\xb3-\xe7\x9d\x9bQ^\x00\xbc\xdf_\
\xbc\xcc?\x07\x00\x00k3\xf98\xb6,\xe7Q\xca\x05\
m\xcby\x8c%\xf7\xb3-\xe7\x9d\xa3\xfc7g\xcf\xfd\
\x02\xe0\xf0-\x06\xf9wN\xf2\x02\x00\x00\x80\x01L>\
\x8e-\xcby\x94rA\xdbr\x1ec\xc9\xfdl\xcby\
\xe7\xe8\xfe\xdf\xf9!\xff\xddY\xfe\x99cz\xcc\x0b\x80\
\x7f\xef/\xf6\xf9\xe7\x00\x00`m\xf2\xe3\xd8\xb6\x9cG\
)\x17\xb4-\xe71\x96\xdc\xcf\xb6\x9cw\x8en\xafv\
7\xf9\xef\xcen\xf6\x17\x17\xf9\xe7\x8e\xe51\x7f\x7f\xfe\
\x19\x00\x00X\xa3\xfc8\xb6-\xe7Q\xca\x05m\xcby\
\x8c%\xf7\xb3-\xe7\x9d\xa3\xdb\x17\x97\x7f\xe4\xbf;{\
\xce\xcf\xc0\xe7\xdf\xf5@\x1f\xf2\xcf\x00\x00\xc0\x1a=\xf0\
\xb1lU\xce\xa3\x94\x0b\xda\x96\xf3\x18K\xeeg[\xce\
;G\xef\xaewo\xf2\xdf\x9d=\xd7O\xe1?|e\
A\xfe]\x93\x9e\xf9\xd7\x10\x02\x00\xc0\xb1L>\x96-\
\xcby\x94rA\xdbr\x1ec\xc9\xfdl\xcby\xe7\xe8\
\xdd\xf5\xee\x97\xfcwg\x87\xff\x99\xfcs\xc7p\xb3\xff\
\xf1e\xfe]\xd9\xbb\xeb\xcb7\xf9\xe7\x00\x00`\x8d\xf2\
c\xd9\xb6\x9cG)\x17\xb4-\xe71\x96\xdc\xcf\xb6\x9c\
w\x8e\xde/x\x09\xbf}q\xf9s\xfe]\xd9s\xbd\
|\x00\x00\x80c\xcb\x8fe\xdbr\x1e\xa5\x5c\xd0\xb6\x9c\
\xc7Xr?\xdbr\xde9z\xd4\x97\xe1_\xef\xde\xe6\
\x9f;\x86\xdb\xab\xcb\xdf\x1e\xf8\xbb\xfe\x9a_\x01\x08\x00\
\xc0 &\x1f\xcb\x96\xe5<J\xb9\xa0m9\x8f\xb1\xe4\
~\xb6\xe5\xbcs\xf5\x98\x9f\xc4\xff\x1c\xbf\x09\xe0\xf6\xfa\
\xdb\x7fo\xfe\x19\x00\x00X\xab\xfcX\xb6-\xe7Q\xca\
\x05m\xcby\x8c%\xf7\xb3-\xe7\x9d\xab\xc7\xfc \xc0\
c\x7f)\xfe\xdd\xfe\xe2\xa7\xfc;&\xf9\x01\x80\x00\x00\
\x0cd\xf2\xf1lY\xce\xa3\x94\x0b\xda\x96\xf3\x18K\xee\
g[\xce;W\x8f\xf99\x00\xc7\xbe\x8c?\xe6\xcb\xff\
\x8f\xfd\xd2\x01\x00\x00\x9eS~<\xdb\x96\xf3(\xe5\x82\
\xb6\xe5<\xc6\x92\xfb\xd9\x96\xf3\xce\xd5\xe7\x9f\x03\xf0!\
\xff\xfd\x93\x8e\xf4\xfd\xf8\xf7\x7f\xdf~2\xfb\x81\xfe}\
\xff?\x97\x7f\x16\x00\x00\xd6*?\x9em\xcby\x94r\
A\xdbr\x1ec\xc9\xfdl\xcby\xe7\xec\xdd\xd5\xee\x9b\
\x9f\x91\xbf\xbb\xde\xdd\x1c\xe3g\x01<\xe6{\xff\xdf?\
\xd3\x0f\x1e\x04\x00\x80\xe7\xf2\xc0\xc7\xb4U9\x8fR.\
h[\xcec,\xb9\x9fm9\xef\x9c=\xea\xdb\x00\x0e\
}\xe7\xb7\x02\xdc\xcf\xf8\xe7d\xe6\x03\x1d~E`\xfe\
Y\x00\x00X\xb3\xfc\x98\xb6-\xe7Q\xca\x05m\xcby\
\x8c%\xf7\xb3-\xe7\x9d\xbb\xf7W\xbb\xb7\xb9\x06\x0fw\
\xf9{\xfb\xe5\xf9\x87\xaf\x1c\xb8\xbd\xde\xfdk:k\xda\
\xb1\xbe\xd2\x00\x00\x00N)?\xaem\xcby\x94rA\
\xdbr\x1ec\xc9\xfdl\xcby\xe7\xeev\x7f\xf9s\xae\
\xc1\x5c\x87K\xfa\xe1\xb3\xf4\xdfz\x11p\xb8\xc8\xdf\xff\
\xcf\xfe\xf2\xc8/\xfb\xff\xd2\xeb\x9c\x03\x00\x00k\xf7\xc0\
\xc7\xb5U9\x8fR.h[\xcec,\xb9\x9fm9\
o\x0b\x1e\xffU\x00_uu\xf9\xe7\xfd%\xff\xd7w\
\xf7\x17\xf7/\x1d\xfe\xef\x87\xff\xf7\xf7\x8f\xf9\xe1\x82_\
ux\xb1\xf0\xad\x97\x0a\x00\x00\xb0F\xf9\xb1m[\xce\
\xa3\x94\x0b\xda\x96\xf3\x18K\xeeg[\xce\xdb\x82G\xff\
,\x80g\xca\xf7\xfe\x03\x000\xaa\xfc\xd8\xb6-\xe7Q\
\xca\x05m\xcby\x8c%\xf7\xb3-\xe7m\xc5\xfd\xbf\xfd\
M\xae\xc5)\xba{\xb1\xfb5\xffw\x01\x00\x80Q\xe4\
\xc7\xb7m9\x8fR.h[\xcec,\xb9\x9fm9\
oKn\xaf.\x7f\xcb\xf5x\xcen\xafv\xff\xe3\x07\
\xff\x01\x000\xb2\xfc\x18\xb7-\xe7Q\xca\x05m\xcby\
\x8c%\xf7\xb3-\xe7m\xcd\xa9^\x02\xb8\xfc\x03\x00p\
\x0e\xf2\xe3\xdc\xb6\x9cG)\x17\xb4-\xe71\x96\xdc\xcf\
\xb6\x9c\xb7E\xf7\xeb\xf0:\xd7\xe5\xb8]\xbeq\xf9\x07\
\x00\xe0\x1cL?\xd6\xed\xcay\x94rA\xdbr\x1ec\
\xc9\xfdl\xcby[u\x7fA\xdf\xdf^\xed\x8e\xfb\xd5\
\x00\x87\xdf\x10\xb0\xff\xf1e\xfe]\x00\x000\xaa\xc9\xc7\
\xbce9\x8fR.h[\xcec,\xb9\x9fm9o\
\xeb\xbe\xbc\x08\xb8\xef&\xd7\xea\x91}\xf8\xf8\xeb\x01]\
\xfc\x01\x008C\x0f|\xfc[\x95\xf3(\xe5\x82\xb6\xe5\
<\xc6\x92\xfb\xd9\x96\xf3\xf8\x8f\xbb\xfd\xc5O\xb7\xfb\xcb\
\x9f\xdf}\xfc\x8d\x01?\xfc\xfe\xf13\xfaW\xbb\xb7\x87\
\x97\x03\x1f_\x10\x1c\xfe\xef\xf7\xff\xef\x87\xff\xff\xf7\x97\
\xfe_\x5c\xfa\x01\x008wy\x9fh\xcby\x94rA\
\xdbr\x1ec\xc9\xfdl\xcby\x00\x00\x00s\xf2>\xd1\
\x96\xf3(\xe5\x82\xb6\xe5<\xc6\x92\xfb\xd9\x96\xf3\x00\x00\
\x00\xe6\xe4}\xa2-\xe7Q\xca\x05m\xcby\x8c%\xf7\
\xb3-\xe7\x01\x00\x00\xcc\xc9\xfbD[\xce\xa3\x94\x0b\xda\
\x96\xf3\x18K\xeeg[\xce\x03\x00\x00\x98\x93\xf7\x89\xb6\
\x9cG)\x17\xb4-\xe71\x96\xdc\xcf\xb6\x9c\x07\x00\x00\
0'\xef\x13m9\x8fR.h[\xcec,\xb9\x9f\
m9\x0f\x00\x00`N\xde'\xdar\x1e\xa5\x5c\xd0\xb6\
\x9c\xc7Xr?\xdbr\x1e\x00\x00\xc0\x9c\xbcO\xb4\xe5\
<J\xb9\xa0m9\x8f\xb1\xe4~\xb6\xe5<\x00\x00\x80\
9y\x9fh\xcby\x94rA\xdbr\x1ec\xc9\xfdl\
\xcby\x00\x00\x00s\xf2>\xd1\x96\xf3(\xe5\x82\xb6\xe5\
<\xc6\x92\xfb\xd9\x96\xf3\x00\x00\x00\xe6\xe4}\xa2-\xe7\
Q\xca\x05m\xcby\x8c%\xf7\xb3-\xe7\x01\x00\x00\xcc\
\xc9\xfbD[\xce\xa3\x94\x0b\xda\x96\xf3\x18K\xeeg[\
\xce\x03\x00\x00\x98\x93\xf7\x89\xb6\x9cG)\x17\xb4-\xe7\
1\x96\xdc\xcf\xb6\x9c\x07\x00\x000'\xef\x13m9\x8f\
R.h[\xcec,\xb9\x9fm9\x0f\x00\x00`N\
\xde'\xdar\x1e\xa5\x5c\xd0\xb6\x9c\xc7Xr?\xdbr\
\x1e\x00\x00\xc0\x9c\xbcO\xb4\xe5<J\xb9\xa0m9\x8f\
\xb1\xe4~\xb6\xe5<\x00\x00\x809y\x9fh\xcby\x94\
rA\xdbr\x1ec\xc9\xfdl\xcby\x00\x00\x00s\xf2\
>\xd1\x96\xf3(\xe5\x82\xb6\xe5<\xc6\x92\xfb\xd9\x96\xf3\
\x00\x00\x00\xe6\xe4}\xa2-\xe7Q\xca\x05m\xcby\x8c\
%\xf7\xb3-\xe7\x01\x00\x00\xcc\xc9\xfbD[\xce\xa3\x94\
\x0b\xda\x96\xf3\x18K\xeeg[\xce\x03\x00\x00\x98\x93\xf7\
\x89\xb6\x9cG)\x17\xb4-\xe71\x96\xdc\xcf\xb6\x9c\x07\
\x00\x000'\xef\x13m9\x8fR.h[\xcec,\
\xb9\x9fm9\x0f\x00\x00`N\xde'\xdar\x1e\xa5\x5c\
\xd0\xb6\x9c\xc7Xr?\xdbr\x1e\x00\x00\xc0\x9c\xbcO\
\xb4\xe5<J\xb9\xa0m9\x8f\xb1\xe4~\xb6\xe5<\x00\
\x00\x809y\x9fh\xcby\x94rA\xdbr\x1ec\xc9\
\xfdl\xcby\x00\x00\x00s\xf2>\xd1\x96\xf3(\xe5\x82\
\xb6\xe5<\xc6\x92\xfb\xd9\x96\xf3\x00\x00\x00\xe6\xe4}\xa2\
-\xe7Q\xca\x05m\xcby\x8c%\xf7\xb3-\xe7\x01\x00\
\x00\xcc\xc9\xfbD[\xce\xa3\x94\x0b\xda\x96\xf3\x18K\xee\
g[\xce\x03\x00\x00\x98\x93\xf7\x89\xb6\x9cG)\x17\xb4\
-\xe71\x96\xdc\xcf\xb6\x9c\x07\x00\x000'\xef\x13m\
9\x8fR.h[\xcec,\xb9\x9fm9\x0f\x00\x00\
`N\xde'\xdar\x1e\xa5\x5c\xd0\xb6\x9c\xc7Xr?\
\xdbr\x1e\x00\x00\xc0\x9c\xbcO\xb4\xe5<J\xb9\xa0m\
9\x8f\xb1\xe4~\xb6\xe5<\x00\x00\x809y\x9fh\xcb\
y\x94rA\xdbr\x1ec\xc9\xfdl\xcby\x00\x00\x00\
s\xf2>\xd1\x96\xf3(\xe5\x82\xb6\xe5<\xc6\x92\xfb\xd9\
\x96\xf3\x00\x00\x00\xe6\xe4}\xa2-\xe7Q\xca\x05m\xcb\
y\x8c%\xf7\xb3-\xe7\x01\x00\x00\xcc\xc9\xfbD[\xce\
\xa3\x94\x0b\xda\x96\xf3\x18K\xeeg[\xce\x03\x00\x00\x98\
\x93\xf7\x89\xb6\x9cG)\x17\xb4-\xe71\x96\xdc\xcf\xb6\
\x9c\x07\x00\x000'\xef\x13m9\x8fR.h[\xce\
c,\xb9\x9fm9\x0f\x00\x00`N\xde'\xdar\x1e\
\xa5\x5c\xd0\xb6\x9c\xc7Xr?\xdbr\x1e\x00\x00\xc0\x9c\
\xbcO\xb4\xe5<J\xb9\xa0m9\x8f\xb1\xe4~\xb6\xe5\
<\x00\x00\x809y\x9fh\xcby\x94rA\xdbr\x1e\
c\xc9\xfdl\xcby\x00\x00\x00s\xf2>\xd1\x96\xf3(\
\xe5\x82\xb6\xe5<\xc6\x92\xfb\xd9\x96\xf3\x00\x00\x00\xe6\xe4\
}\xa2-\xe7Q\xca\x05m\xcby\x8c%\xf7\xb3-\xe7\
\x01\x00\x00\xcc\xc9\xfbD[\xce\xa3\x94\x0b\xda\x96\xf3\x18\
K\xeeg[\xce\x03\x00\x00\x98\x93\xf7\x89\xb6\x9cG)\
\x17\xb4-\xe71\x96\xdc\xcf\xb6\x9c\x07\x00\x000'\xef\
\x13m9\x8fR.h[\xcec,\xb9\x9fm9\x0f\
\x00\x00`N\xde'\xdar\x1e\xa5\x5c\xd0\xb6\x9c\xc7X\
r?\xdbr\x1e\x00\x00\xc0\x9c\xbcO\xb4\xe5<J\xb9\
\xa0m9\x8f\xb1\xe4~\xb6\xe5<\x00\x00\x809y\x9f\
h\xcby\x94rA\xdbr\x1ec\xc9\xfdl\xcby\x00\
\x00\x00s\xf2>\xd1\x96\xf3(\xe5\x82\xb6\xe5<\xc6\x92\
\xfb\xd9\x96\xf3\x00\x00\x00\xe6\xe4}\xa2-\xe7Q\xca\x05\
m\xcby\x8c%\xf7\xb3-\xe7\x01\x00\x00\xcc\xc9\xfbD\
[\xce\xa3\x94\x0b\xda\x96\xf3\x18K\xeeg[\xce\x03\x00\
\x00\x98\x93\xf7\x89\xb6\x9cG)\x17\xb4-\xe71\x96\xdc\
\xcf\xb6\x9c\x07\x00\x000'\xef\x13m9\x8fR.h\
[\xcec,\xb9\x9fm9\x0f\x00\x00`N\xde'\xda\
r\x1e\xa5\x5c\xd0\xb6\x9c\xc7Xr?\xdbr\x1e\x00\x00\
\xc0\x9c\xbcO\xb4\xe5<J\xb9\xa0m9\x8f\xb1\xe4~\
\xb6\xe5<\x00\x00\x809y\x9fh\xcby\x94rA\xdb\
r\x1ec\xc9\xfdl\xcby\x00\x00\x00s\xf2>\xd1\x96\
\xf3(\xe5\x82\xb6\xe5<\xc6\x92\xfb\xd9\x96\xf3\x00\x00\x00\
\xe6\xe4}\xa2-\xe7Q\xca\x05m\xcby\x8c%\xf7\xb3\
-\xe7\x01\x00\x00\xcc\xc9\xfbD[\xce\xa3\x94\x0b\xda\x96\
\xf3\x18K\xeeg[\xce\x03\x00\x00\x98\x93\xf7\x89\xb6\x9c\
G)\x17\xb4-\xe71\x96\xdc\xcf\xb6\x9c\x07\x00\x000\
'\xef\x13m9\x8fR.h[\xcec,\xb9\x9fm\
9\x0f\x00\x00`N\xde'\xdar\x1e\xa5\x5c\xd0\xb6\x9c\
\xc7Xr?\xdbr\x1e\x00\x00\xc0\x9c\xbcO\xb4\xe5<\
J\xb9\xa0m9\x8f\xb1\xe4~\xb6\xe5<\x00\x00\x809\
y\x9fh\xcby\x94rA\xdbr\x1ec\xc9\xfdl\xcb\
y\x00\x00\x00s\xf2>\xd1\x96\xf3(\xe5\x82\xb6\xe5<\
\xc6\x92\xfb\xd9\x96\xf3\x00\x00\x00\xe6\xe4}\xa2-\xe7Q\
\xca\x05m\xcby\x8c%\xf7\xb3-\xe7\x01\x00\x00\xcc\xc9\
\xfbD[\xce\xa3\x94\x0b\xda\x96\xf3\x18K\xeeg[\xce\
\x03\x00\x00\x98\x93\xf7\x89\xb6\x9cG)\x17\xb4-\xe71\
\x96\xdc\xcf\xb6\x9c\x07\x00\x000'\xef\x13m9\x8fR\
.h[\xcec,\xb9\x9fm9\x0f\x00\x00`N\xde\
'\xdar\x1e\xa5\x5c\xd0\xb6\x9c\xc7Xr?\xdbr\x1e\
\x00\x00\xc0\x9c\xbcO\xb4\xe5<J\xb9\xa0m9\x8f\xb1\
\xe4~\xb6\xe5<\x00\x00\x809y\x9fh\xcby\x94r\
A\xdbr\x1ec\xc9\xfdl\xcby\x00\x00\x00s\xf2>\
\xd1\x96\xf3(\xe5\x82\xb6\xe5<\xc6\x92\xfb\xd9\x96\xf3\x00\
\x00\x00\xe6\xe4}\xa2-\xe7Q\xca\x05m\xcby\x8c%\
\xf7\xb3-\xe7\x01\x00\x00\xcc\xc9\xfbD[\xce\xa3\x94\x0b\
\xda\x96\xf3\x18K\xeeg[\xce\x03\x00\x00\x98\x93\xf7\x89\
\xb6\x9cG)\x17\xb4-\xe71\x96\xdc\xcf\xb6\x9c\x07\x00\
\x000'\xef\x13m9\x8fR.h[\xcec,\xb9\
\x9fm9\x0f\x00\x00`N\xde'\xdar\x1e\xa5\x5c\xd0\
\xb6\x9c\xc7Xr?\xdbr\x1e\x00\x00\xc0\x9c\xbcO\xb4\
\xe5<J\xb9\xa0m9\x8f\xb1\xe4~\xb6\xe5<\x00\x00\
\x809y\x9fh\xcby\x94rA\xdbr\x1ec\xc9\xfd\
l\xcby\x00\x00\x00s\xf2>\xd1\x96\xf3(\xe5\x82\xb6\
\xe5<\xc6\x92\xfb\xd9\x96\xf3\x00\x00\x00\xe6\xe4}\xa2-\
\xe7Q\xca\x05m\xcby\x8c%\xf7\xb3-\xe7\x01\x00\x00\
\xcc\xc9\xfbD[\xce\xa3\x94\x0b\xda\x96\xf3\x18K\xeeg\
[\xce\x03\x00\x00\x98\x93\xf7\x89\xb6\x9cG)\x17\xb4-\
\xe71\x96\xdc\xcf\xb6\x9c\x07\x00\x000'\xef\x13m9\
\x8fR.h[\xcec,\xb9\x9fm9\x0f\x00\x00`\
N\xde'\xdar\x1e\xa5\x5c\xd0\xb6\x9c\xc7Xr?\xdb\
r\x1e\x00\x00\xc0\x9c\xbcO\xb4\xe5<J\xb9\xa0m9\
\x8f\xb1\xe4~\xb6\xe5<\x00\x00\x809y\x9fh\xcby\
\x94rA\xdbr\x1ec\xc9\xfdl\xcby\x00\x00\x00s\
\xf2>\xd1\x96\xf3(\xe5\x82\xb6\xe5<\xc6\x92\xfb\xd9\x96\
\xf3\x00\x00\x00\xe6\xe4}\xa2-\xe7Q\xca\x05m\xcby\
\x8c%\xf7\xb3-\xe7\x01\x00\x00\xcc\xc9\xfbD[\xce\xa3\
\x94\x0b\xda\x96\xf3\x18K\xeeg[\xce\x03\x00\x00\x98\x93\
\xf7\x89\xb6\x9cG)\x17\xb4-\xe71\x96\xdc\xcf\xb6\x9c\
\x07\x00\x000'\xef\x13m9\x8fR.h[\xcec\
,\xb9\x9fm9\x0f\x00\x00`N\xde'\xdar\x1e\xa5\
\x5c\xd0\xb6\x9c\xc7Xr?\xdbr\x1e\x00\x00\xc0\x9c\xbc\
O\xb4\xe5<J\xb9\xa0m9\x8f\xb1\xe4~\xb6\xe5<\
\x00\x00\x809y\x9fh\xcby\x94rA\xdbr\x1ec\
\xc9\xfdl\xcby\x00\x00\x00s\xf2>\xd1\x96\xf3(\xe5\
\x82\xb6\xe5<\xc6\x92\xfb\xd9\x96\xf3\x00\x00\x00\xe6\xe4}\
\xa2-\xe7Q\xca\x05m\xcby\x8c%\xf7\xb3-\xe7\x01\
\x00\x00\xcc\xc9\xfbD[\xce\xa3\x94\x0b\xda\x96\xf3\x18K\
\xeeg[\xce\x03\x00\xe0\xf9\xdc\xec/\xf6\x9f\xfa\xc7O\
\xf7\xff\xdf\x97\xb7\xfb\xcb\x9f\x0f\xdd]\xef~yw\xbd\
{\xfd\xee\xfa\xf2\xcd\xfd\xff\xf9\xd7\xf7\xd7\x97\xbf\xbf\xbf\
\xba\xfc\xf3\xfe\x7f\xe6\xa7\x9c\x01K\xca\xfbD[\xce\xa3\
\x94\x0b\xda\x96\xf3\x18K\xeeg[\xce\x03\x00`\xde\xfd\
\x85\xfc\xe2\xa1\x0b\xfc\xa7\xcb\xfb\xee\xf5\xe1\xf2\xfe\xf1\x02\
\x7f\x7fy?t{\xb5\xbb9\x94\x1f\x83=\xb6\xdb\x17\
\x97?\xe7\xff\x0e\xb0\xa4<\xa3m9\x8fR.h[\
\xcec,\xb9\x9fm9\x0f\x96\xf6\xe5\x03)\xe9\xb9:\
|\xc0\xfe\x9f>~\x00\xff\xf1\xb3qy\x16\x81m\xf9\
t\xb1?\xfc7\xe1\xf2\xd5\x97\xcf\xc6\xff\xe73\xf1\xbb\
\xb7\xdfs\x89\xff\x9e\xbc\x00`m\xf2\x8c\xb6\xe5<J\
\xb9\xa0m9\x8f\xb1\xe4~\xb6\xe5<XZ\x9eQ\xe9\
\xd4}\xfc \xff\xfe\x83\xfd\xc3g\xee\x0e\x1f\xfc\x7f\xfe\
r\xdc_\x0e\x97\x82\xcf/\x0e\xf6yn\x811|\xb9\
\xe4\x1f^\x06\x1e\x9e\xed/\x97\xfb\xfbg\xffC\xfe\xb7\
`-\x1d^D\xe4\xbf\x03\x96\x94g\xb4-\xe7Q\xca\
\x05m\xcby\x8c%\xf7\xb3-\xe7\xc1\xd2\xf2\x8cJk\
\xed\xd3\x8b\x82\xcb?\xff\xfa\x82\xe0\x1f\xbeW\x17V\xe0\
\xcbE\xff\xd3g\xf2\xef/\xfa\x87/\xc7_\xf1%\xff\
\xef\xba{\xb1\xfb5\xff}\xb0\xa4<\xa3m9\x8fR\
.h[\xcec,\xb9\x9fm9\x0f\x96\x96gT\x1a\
\xb2\x8f\x9fQ\xbc\xfc\xfd\xd3\x8b\x81\x8f_5p\x91g\
\x1d8\x9e/\x97\xfd\xc3W\xed,\xf5\xa5\xfa\xcf\x95\x17\
\x00\xacM\x9e\xd1\xb6\x9cG)\x17\xb4-\xe71\x96\xdc\
\xcf\xb6\x9c\x07K\xcb3*\x9dMW\xbb\xb7w/.\
\x7f=|?\xaf\xaf\x14\x80\xa7\xfb\xf4\xd9\xfd\x1f_\x8e\
\xfe\x99\xfdGw\xffo\xcc5\x80%M\xcehY\xce\
\xa3\x94\x0b\xda\x96\xf3\x18K\xeeg[\xce\x83\xa5\xe5\x19\
\x95\xce\xb5\xbb\xeb\xc3g)/\x7f?\xbc\x10\xf8\xb7\x9f\
+\x00\x7f\xebp\xe1\xbf\x7fn\xfe\xf9\xf9\xc2?y\x9e\
\xce\xb9\xc3\x7f+r=`IyF\xdbr\x1e\xa5\x5c\
\xd0\xb6\x9c\xc7Xr?\xdbr\x1e,-\xcf\xa8\xb4\x95\
\x0e\x1f\xe4\x1f\xbeB\xe0\xf0-\x03\xf9\x5c\xc0\xd6\x1c>\
\xcb\x7f\xf8A}\x9f~\x0a\xff\x99\x7f\x86\xff\xdb}\xc8\
\xf5\x81%=pF\xabr\x1e\xa5\x5c\xd0\xb6\x9c\xc7X\
r?\xdbr\x1e,-\xcf\xa8\xb4\xd1>|z\x19\xf0\
\xf17\x0f\xf8\xf9\x01l\xc2\xe1\xac\x1f\xbe\x8f\x7f\x8b\x9f\
\xe5\xffV\xb9V\xb0\xa4<\x9fm9\x8fR.h[\
\xcec,\xb9\x9fm9\x0f\x96\x96gT\xd2\xe1\x87\x80\
}z\x19\x90\xcf\x0b\x8c\xce\xa5\xffq\xf96!\xd6$\
\xcfg[\xce\xa3\x94\x0b\xda\x96\xf3\x18K\xeeg[\xce\
\x83\xa5\xe5\x19\x95\xf4\x9f\xfe\xf3m\x02~\x88 c\xfb\
\xf8=\xfd[\xf8\x01~G\xeaf\x7f\xe1\x99g5\xf2\
|\xb6\xe5<J\xb9\xa0m9\x8f\xb1\xe4~\xb6\xe5<\
XZ\x9eQI3]\xed\xde\x1e~\x80`>C\xb0\
V\x87\xcf\xf6\xbf?\xfc ?\x97\xfe\xba[_\x01\xc4\
\x8a\xe4\xf9l\xcby\x94rA\xdbr\x1ec\xc9\xfdl\
\xcby\xb0\xb4<\xa3\x92\xfe\xbe/_\x15\xe0K\x84Y\
\xab\xaf>\xdb?9\xbfz\x5c^\xf6\xb1&y>\xdb\
r\x1e\xa5\x5c\xd0\xb6\x9c\xc7Xr?\xdbr\x1e,-\
\xcf\xa8\xa4\xc7\xe7E\x00k\xe2\xe2\x7f\xbc\xde]\xef~\
\xc9\xf5\x85\xa5\xe4\xf9l\xcby\x94rA\xdbr\x1ec\
\xc9\xfdl\xcby\xb0\xb4<\xa3\x92\xfa\xbc\x08`I\x87\
\xcfV\xdf^\xefn\xf2\x5c\xea\xe9\xbd\xbb\xbe|\x93\xeb\
\x0cK\xc9\xf3\xd9\x96\xf3(\xe5\x82\xb6\xe5<\xc6\x92\xfb\
\xd9\x96\xf3`iyF%==/\x028%\x17\xff\
\xe7\xeb\xee\xc5\xee\xd7\x5coXJ\x9e\xcf\xb6\x9cG)\
\x17\xb4-\xe71\x96\xdc\xcf\xb6\x9c\x07K\xcb3*\xe9\
\xfb\xf3\x22\x80\xe7\xe4K\xfd\x9f\xbf\xdb\xab\x1f\xfe\xc8u\
\x87\xa5\xe4\xf9l\xcby\x94rA\xdbr\x1ec\xc9\xfd\
l\xcby\xb0\xb4<\xa3\x92\x8e\xda?\xf3\x99\x83\xa7\xba\
\xd9_\xec]\xfcO\xd6\xdb\x5c\x7fX\xca\x03\xe7\xb3*\
\xe7Q\xca\x05m\xcby\x8c%\xf7\xb3-\xe7\xc1\xd2\xf2\
\x8cJ:n\x87\xdf\x1a\xe0'\x8a\xf3=\xbe\xfau~\
\x93\xf3\xa5\xe7\xe9\xf0\xdc\xe6>\xc0R\xf2|\xb6\xe5<\
J\xb9\xa0m9\x8f\xb1\xe4~\xb6\xe5<XZ\x9eQ\
I\xcf\x93o\x0b\xe0)\x0e_\xee\xef\xfb\xfc\x97)\xf7\
\x02\x96\x92g\xb3-\xe7Q\xca\x05m\xcby\x8c%\xf7\
\xb3-\xe7\xc1\xd2\xf2\x8cJz\xbe|5\x00\x8f\xf5\xf1\
\xb3\xfe/.\x7f\xcf3\xa4\xd3u\xd8\x83\xdc\x17XB\
\x9e\xcd\xb6\x9cG)\x17\xb4-\xe71\x96\xdc\xcf\xb6\x9c\
\x07K\xcb3*\xe9\xf9\xf3\xd5\x00\xfc\x1d\x9f\xf5_G\
\x9eQ\xd6\x22\xcff[\xce\xa3\x94\x0b\xda\x96\xf3\x18K\
\xeeg[\xce\x83\xa5\xe5\x19\x95t\x9a|5\x00\xe9\xf0\
\x19\xe7\xfb\x8b\xff\xbf\xf2\xach\xa1\xf6\x17/s\x8f`\
\x09\x93\xb3Y\x96\xf3(\xe5\x82\xb6\xe5<\xc6\x92\xfb\xd9\
\x96\xf3`iyF%\x9d\xb6\xdb\xeb\x1f\xff\x95\xcf%\
\xdbs\xf8\x09\xff\xf7\x97\xff\xff\xc9\xf3\xa1\xe5\xf2\x82\x8e\
\xb5\xc8\xb3\xd9\x96\xf3(\xe5\x82\xb6\xe5<\xc6\x92\xfb\xd9\
\x96\xf3`iyF%\x9d\xbe\xc3W\x03\xf8r\xe3\xed\
\xba\xbfh\xbe\xba?\x07\x1f\xf2\x5ch\xd9\xbc\x00`-\
\xf2l\xb6\xe5<J\xb9\xa0m9\x8f\xb1\xe4~\xb6\xe5\
<XZ\x9eQI\xcbtx\x09\xe0K\x8e\xb7\xe7\xbd\
_\xef\xb7\xda\xde]\xef^\xe7~\xc1\x12\xf2l\xb6\xe5\
<J\xb9\xa0m9\x8f\xb1\xe4~\xb6\xe5<XZ\x9e\
QI\x8b\xf7\xcf|N9Ow\xd7\x97\xbf>\xb0\xff\
ZIw/v\xbf\xe6\x9e\xc1\x12\xf2l\xb6\xe5<J\
\xb9\xa0m9\x8f\xb1\xe4~\xb6\xe5<XZ\x9eQI\
\xab\xc8K\x803\xf6\xf9\x87\xfd\xf9~\xff\x95\xe7\x05\x00\
k\x91g\xb3-\xe7Q\xca\x05m\xcby\x8c%\xf7\xb3\
-\xe7\xc1\xd2\xf2\x8cJZK\x97\xbf\xfb=\xe4\xe7\xe7\
\xf3\x0f\xfb\xbb\x99\xee\xb7V\xd7\xd5\xe5\x9f\xb9\x7f\xb0\x84\
\xc9\xd9,\xcby\x94rA\xdbr\x1ec\xc9\xfdl\xcb\
y\xb0\xb4<\xa3\x92V\xd4\xd5\xee\xad\x97\x00\xe7\xc3\xe5\
\x7f\xac\x0e?\x97#\xf7\x10\x96\x90g\xb3-\xe7Q\xca\
\x05m\xcby\x8c%\xf7\xb3-\xe7\xc1\xd2\xf2\x8cJZ\
W~C\xc0yp\xf9\x1f\xb2\x0f\xb9\x8f\xb0\x84\x07\xce\
fU\xce\xa3\x94\x0b\xda\x96\xf3\x18K\xeeg[\xce\x83\
\xa5\xe5\x19\x95\xb4\xbe\xbc\x04\x18\x9b\xcb\xff\xb8\xe5^\xc2\
\x12\xf2\x5c\xb6\xe5<J\xb9\xa0m9\x8f\xb1\xe4~\xb6\
\xe5<XZ\x9eQI\xeb\xccK\x801\xf9\x81\x7fc\
\xe7\x99c\x0d\xf2\x5c\xb6\xe5<J\xb9\xa0m9\x8f\xb1\
\xe4~\xb6\xe5<XZ\x9eQI\xeb\xcdK\x80\xf1\xbc\
\x7fq\xf9{\xee\xa3\xc6\xe9f\x7f\xf1S\xee)\x9cZ\
\x9e\xcb\xb6\x9cG)\x17\xb4-\xe71\x96\xdc\xcf\xb6\x9c\
\x07K\xcb3*i\xe5\xf9\xc1\x80\xc3\xb8\xdf\xaf\x7fN\
\xf6OCu\xbb\xbf|\x95\xfb\x0a\xa7\x96\xe7\xb2-\xe7\
Q\xca\x05m\xcby\x8c%\xf7\xb3-\xe7\xc1\xd2\xf2\x8c\
J\x1a \xbf\x9el\xf5\xde\xbb\xfc\x9fE\xb7/.\x7f\
\xce\xbd\x85S\xcbs\xd9\x96\xf3(\xe5\x82\xb6\xe5<\xc6\
\x92\xfb\xd9\x96\xf3`iyF%\x8d\xd1\xdd\xf5\xe5\xaf\
\xf9<\xb3\x0ew\xff}\xf1S\xee\x97\xc6\xec\xdd\xf5\xee\
\x97\xdc_8\xb5<\x97m9\x8fR.h[\xcec\
,\xb9\x9fm9\x0f\x96\x96gT\xd2P\xfd3\x9fi\
\x96\xe5'\xfe\x9fW\xef\xae/\xdf\xe4\x1e\xc3\xa9\xe5\xb9\
l\xcby\x94rA\xdbr\x1ec\xc9\xfdl\xcby\xb0\
\xb4<\xa3\x92\xc6\xea\xee\xc5\xe5\xff\xc9\xe7\x9a\xe5\x1c\xbe\
=#\xf7H\xe3v\xf7b\xe7+mX\x5c\x9e\xcb\xb6\
\x9cG)\x17\xb4-\xe71\x96\xdc\xcf\xb6\x9c\x07K\xcb\
3*i\xb8>\xdc\xed\xff\xe1'\x95\xaf\xc0{\xdf\xf7\
\x7fv\xdd^\xfd\xf0G\xee3\x9cZ\x9e\xcb\xb6\x9cG\
)\x17\xb4-\xe71\x96\xdc\xcf\xb6\x9c\x07K\xcb3*\
i\xbc\x0e\xbf\x1e\xd0o\x06X\xd6\xe1K\xffs_t\
\x16\xbd\xcd\xbd\x86S{\xe0\x5cV\xe5<J\xb9\xa0m\
9\x8f\xb1\xe4~\xb6\xe5<XZ\x9eQI\xa3v\xf9\
{>\xdf\x9c\x8e\xef\xfb?\xcf\x0e/\xd7r\xaf\xe1\xd4\
\xf2\x5c\xb6\xe5<J\xb9\xa0m9\x8f\xb1\xe4~\xb6\xe5\
<XZ\x9eQI\xe3\xe6'\x96/\xe3\xbd/\xfd?\
\xebr\xbf\xe1\xd4\xf2L\xb6\xe5<J\xb9\xa0m9\x8f\
\xb1\xe4~\xb6\xe5<XZ\x9eQIC\xe7\xe7\x01\x9c\
\x98/\xfd\x1f\xbb\xdb\xab\xdd\xcd\xa1\xf7W\xbb\xb7\x87\x1f\
\xe0xw\xbd\xfb\xf5\xd0\xbb\xeb\xdd\xebC\xb7\xfb\xcb\x9f\
s\xcf\xe1\xd4\xf2\xdc\xb6\xe5<J\xb9\xa0m9\x8f\xb1\
\xe4~\xb6\xe5<XZ\x9eQI\x83w\xe5{\x96O\
\xe9\xfd\xf5\x0f\xbfO\xf6@'\xed?\x97\xf8\xc3o`\
\xf8\xe1\xf7\xcf\x17\xf87\x87\x0b\xfc\xfd\xff\xf9\x97\xc3%\
\xfe\xbeW\xef\xf7?\xbe\xfc\xf7\xfeb\x7f\xc8\xcf\xcc`\
$y\xe6\xdbr\x1e\xa5\x5c\xd0\xb6\x9c\xc7Xr?\xdb\
r\x1e,-\xcf\xa8\xa4\xf1;\x5c|\xf2Y\xe7\xf8n\
_\x5c\xfe\x9ck\xaf\xa3\xf7\xe1\xf0R\xeb\xcbg\xe5\xbf\
\x5c\xe6]\xe2\xd9\x92\x07\x9e\x8b\xaa\x9cG)\x17\xb4-\
\xe71\x96\xdc\xcf\xb6\x9c\x07K\xcb3*\xe9<\xf2\xad\
\x00\xcf\xcf\x0f\xfe;n\x87\xcf\xe2\x7f\xfe\x12\xfc\xc3g\
\xed_\xb9\xe0\xc3'\xf9\xac\xb4\xe5<J\xb9\xa0m9\
\x8f\xb1\xe4~\xb6\xe5<XZ\x9eQIg\xd2\xd5\xe5\
\x9f\xf9\xbcs<>\xfb\x7f\x84\xee\xcf\xe8\xe1K\xf5\x0f\
_\x9a\xef\xb2\x0f\xf3&\xcfNY\xce\xa3\x94\x0b\xda\x96\
\xf3\x18K\xeeg[\xce\x83\xa5\xe5\x19\x95t>\xf9\xad\
\x00\xcf\xe3\xf0\x83\xff|\xf6\xffI}8|\x86\xff\xf0\
e\xfc.\xfc\xf0x\x0f<KU9\x8fR.h[\
\xcec,\xb9\x9fm9\x0f\x96\x96gT\xd2Y\xf5\xc1\
E\xeb\xf8\xde\xfb\xb5\x7f]\x87\x1f\xce\xe7\xb3\xfc\xf0d\
\x93g\xaa,\xe7Q\xca\x05m\xcby\x8c%\xf7\xb3-\
\xe7\xc1\xd2\xf2\x8cn\xa1\xc3gE\xbf\xfc$h=\xad\
\xbb\xfd\xc5O\x87\x0f\xe8\x0f\x1d\xbeW\xf7\xf0\x19\xbd\xc3\
\xf7\xed~\xfe\xa9\xdb\xbf~\xfc\x80\xff\xf0k\xb5\x0e?\
\xc0\xeb\x81=\xd0\xe9\xba\xbd\xfe\xf1_\xf9\xdc\xf3t>\
\xfb\xff\xe8\x0e\xcf\xfek\x97~\xf8~\x0f<_U9\
\x8fR.h[\xcec,\xb9\x9fm9\x0f\x96\x96g\
t\x0b\x1d\xbew7\xd7\x81\xe7s\xb8\x00|yQp\
xA\xf0\xf1\xd7\xa6}z90\xd9\x1b=O~ \
\xe0\xf1\x1c^t\xe5\xfa\xea\xab\xae.\xff<<\xeb\xb9\
n\xc0\xd3M\x9e\xb3\xb2\x9cG)\x17\xb4-\xe71\x96\
\xdc\xcf\xb6\x9c\x07K\xcb3\xba\x85\xbc\x00X\x87//\
\x06>]\xa8~\xf8\xfd\xe3\xef\xf1~`\xbft\x84\xfc\
@\xc0\xa3\xf1\xd9\xff\x87\xbb;\xac\xcb\xfd\xf3\x9c\xeb\x05\
|\xbf|\xde\xdar\x1e\xa5\x5c\xd0\xb6\x9c\xc7Xr?\
\xdbr\x1e,-\xcf\xe8\x16\xf2\x02`\xbd\x0e\xdfZ\xf0\
\xf1\x85\xc0\xe1[\x08\x1e\xd8;}G\xfb\x8b\x97\xb9\xde\
t\xfc\xe4\xff\x07\xfb\xf8\xa5\xfe\xb9V\xc0\xf1<\xf0\xdc\
U\xe5<J\xb9\xa0m9\x8f\xb1\xe4~\xb6\xe5<X\
Z\x9e\xd1-\xe4\x05\xc0\x18\x0e_!p\xf8\xd9\x02\x1f\
\xbfe\xe0\x81}T\x99\xaf\x02\xf8n>\xfb\x1f\xdd\x9f\
\xa9\xc3\xcf\x04\xc9u\x02\x8ek\xf2\xec\x95\xe5<J\xb9\
\xa0m9\x8f\xb1\xe4~\xb6\xe5<XZ\x9e\xd1-\xe4\
\x05\xc0x\xfe\xf7e\x80\xaf\x0c\xf8\xbe|\x15\xc0\x93\xdd\
\x1c~\xe8e\xae\xe7\x86;|\xa5N\xae\x11\xf0<\xf2\
\xf9k\xcby\x94rA\xdbr\x1ec\xc9\xfdl\xcby\
\xb0\xb4<\xa3[\xc8\x0b\x80\xb1}\xfc)\xecW\xbb\xdf\
r_\xf5\x88|\x15\xc0\x93\xdd^]:s\xd7\x9f\xbe\
\xd7\xff\xee\xbf/\xfcPI8\xa1|\x0e\xdbr\x1e\xa5\
\x5c\xd0\xb6\x9c\xc7Xr?\xdbr\x1e,-\xcf\xe8\x16\
\xf2\x02\xe0<x\x11\xf0\xc4|\x15@\xedp\xd6&\xeb\
\xb8\xc1\x0e\x97\x7f_\xf2\x0f\xa7\x97\xcfb[\xce\xa3\x94\
\x0b\xda\x96\xf3\x18K\xeeg[\xce\x83\xa5\xe5\x19\xddB\
^\x00\x9c\x17/\x02\xca|\x15@\xcd\x0f\xff\xbb\xff\xef\
\xe6\xd5\xee\x7f\x5c\xfea\x19\xf9<\xb6\xe5<J\xb9\xa0\
m9\x8f\xb1\xe4~\xb6\xe5<XZ\x9e\xd1-\xe4\x05\
\xc0y\xf2\x22\xe0\xf1\x1d~\xa6B\xae\x1f\xf3\xee\xaew\
os\x0d\xb7\x94\xcf\xfc\xc3\xb2\xf2\x99l\xcby\x94r\
A\xdbr\x1ec\xc9\xfdl\xcby\xb0\xb4<\xa3[\xc8\
\x0b\x80\xf3v\xf8a\x81\xb7W~Z\xfb\xdf\xf5\xce\xaf\
m{\xb4\xad\x7f\xf9\xbf\xcb?,/\x9f\xcb\xb6\x9cG\
)\x17\xb4-\xe71\x96\xdc\xcf\xb6\x9c\x07K\xcb3\xba\
\x85\xbc\x008\x7f\xbe\x1a\xe0\x9b}\xf0U\x00\x8f\xf3\xee\
z\xf7\xe6\x81\xf5\xdbD.\xff\xb0\x0e\xf9l\xb6\xe5<\
J\xb9\xa0m9\x8f\xb1\xe4~\xb6\xe5<XZ\x9e\xd1\
-\xe4\x05\xc0v\x1c~UY\xee\xbf>u\xbb\xbf|\
\x95\xeb\xc5\xd4\xed\xf5v\xbf\x9a\xc4\x19\x81u\xc8g\xb3\
-\xe7Q\xca\x05m\xcby\x8c%\xf7\xb3-\xe7\xc1\xd2\
\xf2\x8cn!/\x00\xb6\xe5\xf3W\x03\xdc\xe49\xd8|\
~\x18\xe07\xdd\xed/~\x9a\xac\xdbvz\x9d\xeb\x01\
,\xe3\x81\xe7\xb3*\xe7Q\xca\x05m\xcby\x8c%\xf7\
\xb3-\xe7\xc1\xd2\xf2\x8cn!/\x00\xb6\xc7K\x80\x87\
\xf3m\x00\x7f\xef\xddF\xbf\x82\xe4\xf0\xa5\xff\xb9\x16\xc0\
r\xf2\x19m\xcby\x94rA\xdbr\x1ec\xc9\xfdl\
\xcby\xb0\xb4<\xa3[\xc8\x0b\x80m:\x5cv\xdf_\
m\xfb\xa7\xb9g~\x18\xe0\xdf;|\x95D\xae\xd9\x16\
\xf2}\xff\xb0.\xf9\x8c\xb6\xe5<J\xb9\xa0m9\x8f\
\xb1\xe4~\xb6\xe5<XZ\x9e\xd1-\xe4\x05\xc0vy\
\x09\x10\xf96\x80Y\x1f\xcfJ\xae\xd7\x06\xba{\xb1\xfb\
5\xd7\x02XV>\xa7m9\x8fR.h[\xcec\
,\xb9\x9fm9\x0f\x96\x96gt\x0by\x01\xb0m^\
\x02\xfc5\x9f\xed}\xd8\xfd\x7f'^\xe5Zm!\xe7\
\x01\xd6'\x9f\xd3\xb6\x9cG)\x17\xb4-\xe71\x96\xdc\
\xcf\xb6\x9c\x07K\xcb3\xba\x85\xbc\x00\xe0\xf0\x12\xc0\xcf\
\x04\xf8\x94o\x03x\xd8\xed\xd5\xe5o\xb9V\xe7\xde\xed\
\xf5\xee_\xb9\x0e\xc0\xf2\xf2Ym\xcby\x94rA\xdb\
r\x1ec\xc9\xfdl\xcby\xb0\xb4<\xa3[\xc8\x0b\x00\
\x0e\xfc`\xc0\xcf\xf96\x80\x07\xdd]o\xef\xabD|\
\xf6\x1f\xd6)\x9f\xd5\xb6\x9cG)\x17\xb4-\xe71\x96\
\xdc\xcf\xb6\x9c\x07K\xcb3\xba\x85\xbc\x00\xe0\x8b\xf7\xfb\
\x1f_\xe6\xf9\xd8b~\x1b\xc0_\x1d^\x0e\xe5\x1a\x9d\
{\xbe\xf7\x1f\xd6+\x9f\xd7\xb6\x9cG)\x17\xb4-\xe7\
1\x96\xdc\xcf\xb6\x9c\x07K\xcb3\xba\x85\xbc\x00\xe0k\
w\x1b\xfdUo_\xe7\x99\xf8\xab-~\xff\xbf\xcf\xfe\
\xc3z\xe5\xf3\xda\x96\xf3(\xe5\x82\xb6\xe5<\xc6\x92\xfb\
\xd9\x96\xf3`iyF\xb7\x90\xcb\x0ei\xab\xbf\xee\xed\
K>\xfb\xfbW\xef\xaewor\x8d\xce:\xdf\x06\x02\
\xab6yf\xcbr\x1e\xa5\x5c\xd0\xb6\x9c\xc7Xr?\
\xdbr\x1e,-\xcf\xe8\x16\xf2\x02\x80\xf4\xf9K\xbe?\
\xe4Y\xd9P\x1frM\xb6lk/\x84\xfc7\x11\xd6\
-\x9f\xd9\xb6\x9cG)\x17\xb4-\xe71\x96\xdc\xcf\xb6\
\x9c\x07K\xcb3\xba\x85|\xb0\xcbC\xb6\xfe\xad\x007\
\xfb\x8b\x9frM\xb6*\xd7\xe6\xdc\xf3\xe5\xff\xb0n\xf9\
\xcc\xb6\xe5<J\xb9\xa0m9\x8f\xb1\xe4~\xb6\xe5<\
XZ\x9e\xd1-\xe4\x05\x00s\xde_m\xef'\xbf\x7f\
\xe9\xdd\xf5\xee\x97\x5c\x8f-\xba\xdb_\xfc\x94ks\xd6\
\xf9\xf2\x7fX\xbd\xc9s[\x96\xf3(\xe5\x82\xb6\xe5<\
\xc6\x92\xfb\xd9\x96\xf3`iyF\xb7\x90\x17\x00\xcc\xd9\
\xf2o\x05\xb8\xbd\xfa\xe1\x8f\x5c\x8f-:\xfc\xf7!\xd7\
\xe6\x9c\xf3\xe2\x07\xd6/\x9f\xdb\xb6\x9cG)\x17\xb4-\
\xe71\x96\xdc\xcf\xb6\x9c\x07K\xcb3\xba\x85\xbc\x00\xe0\
\xefl\xed\xfb\xbf\xbf\xca\xcf\x01\xf8\xaf\x0d\xfe\x00\xc0\xfd\
\xc5\xcb\x5c\x03`]&\xcfmY\xce\xa3\x94\x0b\xda\x96\
\xf3\x18K\xeeg[\xce\x83\xa5\xe5\x19\xddB^\x00\xf0\
w\xb6\xfcU\x00\xbe\x17|s/\x80\xbc\xf4\x81\x01<\
\xf0\xecV\xe5<J\xb9\xa0m9\x8f\xb1\xe4~\xb6\xe5\
<XZ\x9e\xd1-\xe4\x05\x00\xdf\xb2\xb1K\xe0\xff\xe6\
\xd9\xf8\xf8\xdf\xc4\xed\xfc6\x08\xdf\xff\x0fC\x98<\xbb\
e9\x8fR.h[\xcec,\xb9\x9fm9\x0f\x96\
\x96gt\x0b\xb9\xe4\xf0-\xb7\xfb\xcbWyn\xb6\xd0\
\xbb\xeb\xcb7\xb9\x16[r\xb3\xbf\xb8\xc859\xe7\xde\
]\xef^\xe7\x1a\x00\xeb\x93\xcfn[\xce\xa3\x94\x0b\xda\
\x96\xf3\x18K\xeeg[\xce\x83\xa5\xe5\x19\xddB^\x00\
\xf0\x18\xef\xb7\xf4\x99\xe0/m\xfc3\xc27\x1b\xfb\xf6\
\x8f\xc3\x8b\xae\x5c\x03`}\xf2\xd9m\xcby\x94rA\
\xdbr\x1ec\xc9\xfdl\xcby\xb0\xb4<\xa3[\xc8\x0b\
\x00\x1e\xe3\xf0\xd9\xd1<;\x1bh\xd3\xdf\x13~\xff\xdf\
\x86M}\xe5\xc7\xcd\xfe\xe2\xa7\x5c\x03`}\xf2\xd9m\
\xcby\x94rA\xdbr\x1ec\xc9\xfdl\xcby\xb0\xb4\
<\xa3[\xc8\x0b\x00\x1ecs\xbf\x0f\xfes[\xfeA\
\x80[{\xe9\x93\xff~`\x9d\xf2\xd9m\xcby\x94r\
A\xdbr\x1ec\xc9\xfdl\xcby\xb0\xb4<\xa3[\xc8\
\x0b\x00\x1ek\x8b?\x0cp\xcb_\x16\xfe\xeej\xf7[\
\xae\xc7\x19\xf76\xff\xfd\xc0:=\xf0\xfcV\xe5<J\
\xb9\xa0m9\x8f\xb1\xe4~\xb6\xe5<XZ\x9e\xd1-\
\xe4\x05\x00\x8f\xb5\xb5\xcf\x08\x1f\xba\xff7\xff\x92\xeb\xb0\
\x15\x9bz\xe1\xb3\xf1\x9f\xf7\x00#\x99<\xbfe9\x8f\
R.h[\xcec,\xb9\x9fm9\x0f\x96\x96gt\
\x0by\x01\xc0c\xbd\xdf\xd8\x0f\x85;\xb4\xe5\xdf\x04p\
w\xbd{\x9b\xebq\xae\xdd\xbd\xd8\xfd\x9a\xff~`\x9d\
\xf2\xf9m\xcby\x94rA\xdbr\x1ec\xc9\xfdl\xcb\
y\xb0\xb4<\xa3[\xc8\x0b\x00\x1a\xef7\xf6\xdb\x00n\
\xaf~\xf8#\xd7`+r-\xce9\xbf\x02\x10\xc6\x91\
\xcfo[\xce\xa3\x94\x0b\xda\x96\xf3\x18K\xeeg[\xce\
\x83\xa5\xe5\x19\xddB^\x00\xd0\xd8\xd8\xf7\x85\xff\xbf\xbb\
\xeb\xddM\xae\xc1\x16\xdc\xec/.r-\xce\xb9-\x7f\
\xab\x07\x8c&\x9f\xdf\xb6\x9cG)\x17\xb4-\xe71\x96\
\xdc\xcf\xb6\x9c\x07K\xcb3\xba\x85\xbc\x00\xa0q\xb8(\
\xe5\x19:\xf7r\x0d\xb6`k\xbf\xf5\xc1\x7f\x07a\x1c\
\xf9\xfc\xb6\xe5<J\xb9\xa0m9\x8f\xb1\xe4~\xb6\xe5\
<XZ\x9e\xd1-\xe4\x03_\x1a[\xbb\x18\x1e\xda\xe2\
\xaf\x02\xbc\xd9\xda\xcf{\xd8_\xbc\xcc5\x00\xd6i\xf2\
\xfc\x96\xe5<J\xb9\xa0m9\x8f\xb1\xe4~\xb6\xe5<\
XZ\x9e\xd1-\xe4\x05\x00\xad\xf7\x1b\xfb9\x007\xfb\
\x8b\x9fr\x0d\xce\xdd\xfd\x7f\x17^\xe5:\x9cu^\x00\
\xc00&\xcfoY\xce\xa3\x94\x0b\xda\x96\xf3\x18K\xee\
g[\xce\x83\xa5\xe5\x19\xddB^\x00\xd0\xda\xd2O\x87\
?t\xbb\xbf|\x95kp\xee\xee\xff\xcd?\xe7:\x9c\
u^\x00\xc00&\xcfoY\xce\xa3\x94\x0b\xda\x96\xf3\
\x18K\xeeg[\xce\x83\xa5\xe5\x19\xddB^\x00\xd0z\
w\xbd{\x93\xe7\xe8\x9c\xdb\xe23r\xf8\xa9\xf8\xb9\x0e\
g\x9d\x17\x000\x8c\xc9\xf3[\x96\xf3(\xe5\x82\xb6\xe5\
<\xc6\x92\xfb\xd9\x96\xf3`iyF\xb7\xd0\x16/7\
|\x9f\xad\xfd \xc0-\xfe\x8a\xb8\xad\xbd\x00\xd8\xe2\xcf\
y\x80Q\xe5\xf3\xdb\x96\xf3(\xe5\x82\xb6\xe5<\xc6\x92\
\xfb\xd9\x96\xf3`iyF\xb7\x90\x17\x00\xb4\xb6\xf6\xfd\
\xe1w/v\xbf\xe6\x1a\x9c\xbb\xad\xfd\xbaG/\x00`\
\x1c\xf9\xfc\xb6\xe5<J\xb9\xa0m9\x8f\xb1\xe4~\xb6\
\xe5<XZ\x9e\xd1-\xe4\x05\x00\xad\x9b\xfb\xcbR\x9e\
\xa3s\xce\x0b\x80\xf3\xcf\x0b\x00\x18G>\xbfm9\x8f\
R.h[\xcec,\xb9\x9fm9\x0f\x96\x96gt\
\x0by\x01@\xebf\x7fq\x91\xe7\xe8\xac\xbb\xba\xfc3\
\xd7\xe0\xdc\xdd\xffw\xe1\x8f\xc9:\x9cq^\x00\xc08\
\xf2\xf9m\xcby\x94rA\xdbr\x1ec\xc9\xfdl\xcb\
y\xb0\xb4<\xa3[\xc8\x0b\x00\x9e\xe2\xfd\x96~\x15\xe0\
\x06_\x00\x1c\xfe\xcd\x93u8\xe3\xbc\x00\x80q\xe4\xf3\
\xdb\x96\xf3(\xe5\x82\xb6\xe5<\xc6\x92\xfb\xd9\x96\xf3`\
iyF\xb7\x90\x17\x00<\xc5\xed\xd5\xee&\xcf\xd2\xb9\
vw\xbd\xbb\xc9\x7f\xff\xb9\xf3\x02\x00X\xab|~\xdb\
r\x1e\xa5\x5c\xd0\xb6\x9c\xc7Xr?\xdbr\x1e,-\
\xcf\xe8\x16\xf2\x02\x80\xa7\xd8\xd2\x05\xd1\x0b\x80\xf3\xcf\x0b\
\x00\x18G>\xbfm9\x8fR.h[\xcec,\xb9\
\x9fm9\x0f\x96\x96gt\x0by\x01\xc0Sl\xe9\x87\
\xc4y\x01p\xfey\x01\x00\xe3\xc8\xe7\xb7-\xe7Q\xca\
\x05m\xcby\x8c%\xf7\xb3-\xe7\xc1\xd2\xf2\x8cn!\
/\x00x\x8a-\xbd\x008\x94\xff\xfes\xe7\x05\x00\xb0\
V\xf9\xfc\xb6\xe5<J\xb9\xa0m9\x8f\xb1\xe4~\xb6\
\xe5<XZ\x9e\xd1-\xe4\x05\x00O\xe1\x05\xc0y\xbb\
\xbb\xde\xbd\xcd58\xe7\xbc\x00\x80q\xe4\xf3\xdb\x96\xf3\
(\xe5\x82\xb6\xe5<\xc6\x92\xfb\xd9\x96\xf3`iyF\
\xb7\x90\x17\x00<\xc5\xbb\xeb\xdd\xeb<K\xe7\x5c\xfe\xfb\
\xcf\xdd\x96~\xc8\xe3!/\x00`\x1c\xf9\xfc\xb6\xe5<\
J\xb9\xa0m9\x8f\xb1\xe4~\xb6\xe5<XZ\x9e\xd1\
-\xe4\x05\x00O\xe1\x05\xc0\xe3}\xfcr\xfa\xd1z`\
\x0d\xce\xba\xfc\xf7o\xac<\xb3\xb0f\x93\xe7\xb7,\xe7\
Q\xca\x05m\xcby\x8c%\xf7\xb3-\xe7\xc1\xd2\xf2\x8c\
n!/\x00x\x0a/\x00\x1e/gIk+\xcf,\
\xacY\x9e\xdf\xb6\x9cG)\x17\xb4-\xe71\x96\xdc\xcf\
\xb6\x9c\x07K\xcb3\xba\x85\xbc\x00\xe0)\xbc\x00x\xbc\
\x9c%\xad\xad<\xb3\xb0fy~\xdbr\x1e\xa5\x5c\xd0\
\xb6\x9c\xc7Xr?\xdbr\x1e,-\xcf\xe8\x16\xf2\x02\
\x80\xa7\xf0\x02\xe0\xf1r\x96\xb4\xb6\xf2\xcc\xc2\x9a\xe5\xf9\
m\xcby\x94rA\xdbr\x1ec\xc9\xfdl\xcby\xb0\
\xb4<\xa3[\xc8\x0b\x00\x9e\xc2\x0b\x80\xc7\xcbY\xd2\xda\
\xca3\x0bk\x96\xe7\xb7-\xe7Q\xca\x05m\xcby\x8c\
%\xf7\xb3-\xe7\xc1\xd2\xf2\x8cn!/\x00x\x8aw\
\xd7\xbb7y\x96\xce\xb9\xfc\xf77r\x96\xb4\xb6\xf2\xcc\
\xc2\x9a\xe5\xf9m\xcby\x94rA\xdbr\x1ec\xc9\xfd\
l\xcby\xb0\xb4<\xa3[\xc8\x0b\x00\x9e\xe2\xdd\xd5\xee\
\xb7<K\xe7\x5c\xfe\xfb\x1b9KZ[yfa\xcd\
\xf2\xfc\xb6\xe5<J\xb9\xa0m9\x8f\xb1\xe4~\xb6\xe5\
<XZ\x9e\xd1-\xe4\x05\x00O\xb1\xb1\x17\x00\x1f\xf2\
\xdf\xdfx`\x9e\xb4\xaa\xf2\xcc\xc2\x9a\xe5\xf9m\xcby\
\x94rA\xdbr\x1ec\xc9\xfdl\xcby\xb0\xb4<\xa3\
[\xc8\x0b\x00\x9e\xe2\xe3\xef\x0f\x7f\xe0<\x9dcw\xd7\
\xbb\x9b\xfc\xf77r\x9e\xb4\xb6\xf2\xcc\xc2\x9a\xe5\xf9m\
\xcby\x94rA\xdbr\x1ec\xc9\xfdl\xcby\xb0\xb4\
<\xa3[\xc8\x0b\x00\x9e\xc2\x0b\x80\xc7\xcby\xd2\xda\xca\
3\x0bk\x96\xe7\xb7-\xe7Q\xca\x05m\xcby\x8c%\
\xf7\xb3-\xe7\xc1\xd2\xf2\x8cn!/\x00x\x8a\xdb\xab\
\xddM\x9e\xa5\xb3\xed\xea\xf2\xcf\xfc\xf77&\xf3\xa4\x95\
\x95g\x16\xd6,\xcfo[\xce\xa3\x94\x0b\xda\x96\xf3\x18\
K\xeeg[\xce\x83\xa5\xe5\x19\xddB^\x00\xf0\x14y\
\x8e\xce:/\x00t\xe6\xe5\x99\x855\xcb\xf3\xdb\x96\xf3\
(\xe5\x82\xb6\xe5<\xc6\x92\xfb\xd9\x96\xf3`iyF\
\xb7\x90\x17\x00\xb4n\xf6\x17\x17y\x8e\xce\xb9\xdb\xab\x1f\
\xfe\xc85h\xe4<im\xe5\x99\x855\xcb\xf3\xdb\x96\
\xf3(\xe5\x82\xb6\xe5<\xc6\x92\xfb\xd9\x96\xf3`iy\
F\xb7\x90\x17\x00\xb4n\xf6?\xbe\xccst\xce\xdd\xbd\
\xd8\xfd\x9ak\xd0\xc8y\xd2\xda\xca3\x0bk\x96\xe7\xb7\
-\xe7Q\xca\x05m\xcby\x8c%\xf7\xb3-\xe7\xc1\xd2\
\xf2\x8cn!/\x00h\xdd\x9f\x99Wy\x8e\xce\xb9w\
\xd7\xbb\xd7\xb9\x06\x8d\x9c'\xad\xad<\xb3\xb0fy~\
\xdbr\x1e\xa5\x5c\xd0\xb6\x9c\xc7Xr?\xdbr\x1e,\
-\xcf\xe8\x16\xf2\x02\x80\xd6\xe1B\x9c\xe7\xe8\x9c\xbb\xff\
\xf7\xfe\x92k\xd0\xc8y\xd2\xda\xca3\x0bk\x96\xe7\xb7\
-\xe7Q\xca\x05m\xcby\x8c%\xf7\xb3-\xe7\xc1\xd2\
\xf2\x8cn!/\x00h\xdd\x9f\x99?\xf2\x1c\x9ds\xb7\
\xfb\xcbW\xb9\x06\x8d\x9c'\xad\xad<\xb3\xb0fy~\
\xdbr\x1e\xa5\x5c\xd0\xb6\x9c\xc7Xr?\xdbr\x1e,\
-\xcf\xe8\x16\xf2\x02\x80\xd6\xdd\xf5\xeem\x9e\xa3\xb3n\
\x7f\xf12\xd7\xa01\x99'\xad\xac<\xb3\xb0fy~\
\xdbr\x1e\xa5\x5c\xd0\xb6\x9c\xc7Xr?\xdbr\x1e,\
-\xcf\xe8\x16\xf2\x02\x80\xc6\xd6~\x03\xc0\xa1\xfb\x7f\xf3\
O\xb9\x0e\x8d\x9c'\xad\xad<\xb3\xb0fy~\xdbr\
\x1e\xa5\x5c\xd0\xb6\x9c\xc7Xr?\xdbr\x1e,-\xcf\
\xe8\x16\xf2\x02\x80\xc6\xd6~\x03\xc0\xa1\x5c\x83V\xce\x93\
\xd6V\x9eYX\xb3<\xbfm9\x8fR.h[\xce\
c,\xb9\x9fm9\x0f\x96\x96gt\x0by\x01@c\
k?\x00\xf0\xbe\x0f\xb9\x06\xad\x07fJ\xab*\xcf,\
\xacY\x9e\xdf\xb6\x9cG)\x17\xb4-\xe71\x96\xdc\xcf\
\xb6\x9c\x07K\xcb3\xba\x85\xbc\x00\xa0\xf1\xfe\xea\xf2\xcf\
<Cg\xdd\xfd\xbf7\xd7\xa05\x99)\xad\xac<\xb3\
\xb0fy~\xdbr\x1e\xa5\x5c\xd0\xb6\x9c\xc7Xr?\
\xdbr\x1e,-\xcf\xe8\x16\xf2\x02\x80\xc7\xda\xe2\xf7\xff\
\xdf^\xfd\xf0G\xaeC+gJk+\xcf,\xacY\
\x9e\xdf\xb6\x9cG)\x17\xb4-\xe71\x96\xdc\xcf\xb6\x9c\
\x07K\xcb3\xba\x85\xbc\x00\xe0\xb1\xee\xcf\xca\xab<?\
\xe7\xde\xe1[\x1er\x1dZ9SZ[yfa\xcd\
\xf2\xfc\xb6\xe5<J\xb9\xa0m9\x8f\xb1\xe4~\xb6\xe5\
<XZ\x9e\xd1-\xe4\x05\x00\x8fu{u\xf9[\x9e\
\x9fs\xefv\x7f\xf9*\xd7\xa1\x953\xa5\xb5\x95g\x16\
\xd6,\xcfo[\xce\xa3\x94\x0b\xda\x96\xf3\x18K\xeeg\
[\xce\x83\xa5\xe5\x19\xddB^\x00\xf0X\xb7\xd7\xbb\x9b\
<?\xe7\xde\xf7\xfe\x0a\xc0\x83\x9c)\xad\xad<\xb3\xb0\
fy~\xdbr\x1e\xa5\x5c\xd0\xb6\x9c\xc7Xr?\xdb\
r\x1e,-\xcf\xe8\x16\xf2\x02\x80\xc7\xd8\xe2\x97\xff\x1f\
\xcaux\x8a\x9c)\xad\xad<\xb3\xb0fy~\xdbr\
\x1e\xa5\x5c\xd0\xb6\x9c\xc7Xr?\xdbr\x1e,-\xcf\
\xe8\x16\xf2\x02\x80\xc7\xb8?'\x7f\xe4\xd9\xd9@os\
\x1d\x9e\xe2\x81\xb9\xd2\xaa\xca3\x0bk\x96\xe7\xb7-\xe7\
Q\xca\x05m\xcby\x8c%\xf7\xb3-\xe7\xc1\xd2\xf2\x8c\
n!/\x00\xf8\x96\x9b\xfd\xc5>\xcf\xcd\x16:\xc6o\
\x008\xc8\xb9\xd2\xda\xca3\x0bk\x96\xe7\xb7-\xe7Q\
\xca\x05m\xcby\x8c%\xf7\xb3-\xe7\xc1\xd2\xf2\x8cn\
!/\x00\xf8\x96\xbb\xeb\x1f\xff\x95\xe7f\x0b\xbd\xbb\xde\
\xfd\x92k\xf1\x149WZ[yfa\xcd\xf2\xfc\xb6\
\xe5<J\xb9\xa0m9\x8f\xb1\xe4~\xb6\xe5<XZ\
\x9e\xd1-\xe4\x05\x00\xdf\xb2\xc5\x1f\xfe\xf7\xb1\xfd\xc5\xcb\
\x5c\x8b\xa7\x98\xcc\x95VV\x9eYX\xb3<\xbfm9\
\x8fR.h[\xcec,\xb9\x9fm9\x0f\x96\x96g\
t\x0by\x01\xc0\xdf9\x9c\x8f<3[)\xd7\xe2\xa9\
r\xae\xb4\xb6\xf2\xcc\xc2\x9a\xe5\xf9m\xcby\x94rA\
\xdbr\x1ec\xc9\xfdl\xcby\xb0\xb4<\xa3[\xc8\x0b\
\x00\xfe\xcef?\xfb\x7fu\xf9g\xae\xc5SMfK\
++\xcf,\xacY\x9e\xdf\xb6\x9cG)\x17\xb4-\xe7\
1\x96\xdc\xcf\xb6\x9c\x07K\xcb3\xba\x85\xbc\x00`\xce\
\xfd\xf9\xf8g\x9e\x97\xad\xf4\xee\xfa\xf2M\xae\xc7S\xe5\
lim\xe5\x99\x855\xcb\xf3\xdb\x96\xf3(\xe5\x82\xb6\
\xe5<\xc6\x92\xfb\xd9\x96\xf3`iyF\xb7\x90\x17\x00\
<\xe4\xf0\x93\xff7\xfb\xd9\xff\xfbn\xf7\x97\xafrM\
\x9e*gKk+\xcf,\xacY\x9e\xdf\xb6\x9cG)\
\x17\xb4-\xe71\x96\xdc\xcf\xb6\x9c\x07K\xcb3\xba\x85\
\xbc\x00\xe0!\xb7W\x97\xbf\xe5Y\xd9R7\xfb\x8b\x8b\
\x5c\x93\xa7\xca\xd9\xd2\xda\xca3\x0bk\x96\xe7\xb7-\xe7\
Q\xca\x05m\xcby\x8c%\xf7\xb3-\xe7\xc1\xd2\xf2\x8c\
n!/\x00H[\xfe\xc1\x7f\x1f;\xe2\xf7\xff\x1fL\
\xe6K++\xcf,\xacY\x9e\xdf\xb6\x9cG)\x17\xb4\
-\xe71\x96\xdc\xcf\xb6\x9c\x07K\xcb3\xba\x85\xbc\x00\
\xe0k[\xff\xd2\xffC\xc7\xfc\xfe\xff\x83\x9c/\xad\xad\
<\xb3\xb0fy~\xdbr\x1e\xa5\x5c\xd0\xb6\x9c\xc7X\
r?\xdbr\x1e,-\xcf\xe8\x16\xf2\x02\x80\xafm\xfd\
K\xff?\xb6\xbfx\x99\xeb\xf2=&\xf3\xa5\x95\x95g\
\x16\xd6,\xcfo[\xce\xa3\x94\x0b\xda\x96\xf3\x18K\xee\
g[\xce\x83\xa5\xe5\x19\xddB^\x00\xf0\xc5\xfb\x0d\xff\
\xd4\xff/\xdd]\xefnr]\xbeW\xfe\x1d\xd2\xda\xca\
3\x0bk\x96\xe7\xb7-\xe7Q\xca\x05m\xcby\x8c%\
\xf7\xb3-\xe7\xc1\xd2\xf2\x8cn!/\x008\xb8\xd9\xff\
\xf82\xcf\xc6\x16\xbb{\xb1\xfb5\xd7\xe6{\xe5\xdf!\
\xad\xad<\xb3\xb0fy~\xdbr\x1e\xa5\x5c\xd0\xb6\x9c\
\xc7Xr?\xdbr\x1e,-\xcf\xe8\x16\xf2\x02\x80\xc3\
\xf7\xfd\xdf\x9f\x85\x0fy6\xb6\xd81\x7f\xfd\xdf\x17\xf9\
wHk+\xcf,\xacY\x9e\xdf\xb6\x9cG)\x17\xb4\
-\xe71\x96\xdc\xcf\xb6\x9c\x07K\xcb3\xba\x85\xbc\x00\
\xd86?\xf4\xef/}\xc8\xf59\x86\x07\xfe\x1eiU\
\xe5\x99\x855\xcb\xf3\xdb\x96\xf3(\xe5\x82\xb6\xe5<\xc6\
\x92\xfb\xd9\x96\xf3`iyF\xb7\x90\x17\x00\xdb\xe5\xf2\
\xff\xd7\x9e\xe3\xcb\xff\x0f\xf2\xef\x91\xd6V\x9eYX\xb3\
<\xbfm9\x8fR.h[\xcec,\xb9\x9fm9\
\x0f\x96\x96gt\x0by\x01\xb0M.\xff\x0ft\xe4\x9f\
\xfe\xff\xc5\xe4\xef\x91VV\x9eYX\xb3<\xbfm9\
\x8fR.h[\xcec,\xb9\x9fm9\x0f\x96\x96g\
t\x0by\x01\xb0=\x9f\x7f\xe0\x9f\xef\xf9\xff\xaa\xe7\xf8\
\xe9\xff_\xdc\xee/\x7f\x1e\xad\xf7\x1b;\x1f\xff\xdf\xf5\
\xee\xff\xe6\x1al\xa9<\xb3\xb0f\xf9\xfc\xb6\xe5<J\
\xb9\xa0m9\x8f\xb1\xe4~\xb6\xe5<XZ\x9e\xd1-\
\xe4\x05\xc0\xb6\xdc\xef\xf9\xff\xcd3\xa0\xe7\xfb\xf2\xffQ\
\xdd^m\xeb\xabC\xfe\xbd\xbf\xd8\xe7\x1a\x00\xeb\x94\xcf\
o[\xce\xa3\x94\x0b\xda\x96\xf3\x18K\xeeg[\xce\x83\
\xa5\xe5\x19\xddB^\x00l\xc3\xcd\xfe\xe2\xe2\xf6z\xf7\
\xaf\xdc\x7f}\xca\x05\xf0\xaf\xbc\x00\x00\xd6*\x9f\xdf\xb6\
\x9cG)\x17\xb4-\xe71\x96\xdc\xcf\xb6\x9c\x07K\xcb\
3\xba\x85\xbc\x008\x7f\x87/\xf9\xf7\xfd\xfe\x7f\xd3\xd5\
\xe5\x9f\xb9f[\xe7\x05\x00\xb0V\xf9\xfc\xb6\xe5<J\
\xb9\xa0m9\x8f\xb1\xe4~\xb6\xe5<XZ\x9e\xd1-\
\xe4\x05\xc0\xf9\xf2Y\xff\xc7\xe5\x19\x98\xf2\x02\x00X\xab\
|~\xdbr\x1e\xa5\x5c\xd0\xb6\x9c\xc7Xr?\xdbr\
\x1e,-\xcf\xe8\x16r\xf99O>\xeb\xff\xb8\x9e\xf3\
\x87\xff\x8d\xcc\x0b\x00`\xad\xf2\xf9m\xcby\x94rA\
\xdbr\x1ec\xc9\xfdl\xcby\xb0\xb4<\xa3[\xc8\x0b\
\x80\xf3\xf2\xf1'\xfc_]\xfe\x99\xfb\xac\x87s\xfe\x1f\
\xe6\x05\x00\xb0V\xf9\xfc\xb6\xe5<J\xb9\xa0m9\x8f\
\xb1\xe4~\xb6\xe5<XZ\x9e\xd1-\xe4\x02t\x1e\x5c\
\xfc\xfb\x0e\x9f\xfdw\xf1{\x98\x17\x00\xc0Z\xe5\xf3\xdb\
\x96\xf3(\xe5\x82\xb6\xe5<\xc6\x92\xfb\xd9\x96\xf3`i\
yF\xb7\x90\x17\x00\xe3\xfa\xf8=\xfe\xf7\xfb\xe7\xe2\xff\
\xb4\xfc\xea\xbfy^\x00\x00k\x95\xcfo[\xce\xa3\x94\
\x0b\xda\x96\xf3\x18K\xeeg[\xce\x83\xa5\xe5\x19\xddB\
^\x00\x8c\xe7\xf0\xd9\xfew\xd7\x97o\xee\xf7\xefC\xee\
\xa7\x1e\x9fK\xdf</\x00\x80\xb5\xca\xe7\xb7-\xe7Q\
\xca\x05m\xcby\x8c%\xf7\xb3-\xe7\xc1\xd2\xf2\x8cn\
!/\x00\xc6\xf0\xf1K\xfc\xafw\xff\xf4\xd9\xfe\xe3\xe4\
\xb3\xff\x7f\xcf\x0b\x00`\xad\xf2\xf9m\xcby\x94rA\
\xdbr\x1ec\xc9\xfdl\xcby\xb0\xb4<\xa3[\xc8\x0b\
\x80u:|y\xff\xcd\xfe\xf2\xd5\xe13\xfd[\xbb\x8c\
=w\xbe\xf7\xff\xdb\xb6v\xe6\x9c\x07\x18G>\xbfm\
9\x8fR.h[\xcec,\xb9\x9fm9\x0f\x96\x96\
gt\x0by\x01\xb0\x0e\xf7\x17\xfe\xfd\xed\xfe\xf2\xe7\x8f\
_\xda\x7f\xb5{\x9b\xfb\xa4\xa3\xf6:\xd7\x9f\xbf\xf2\x02\
\x00X\xab|~\xdbr\x1e\xa5\x5c\xd0\xb6\x9c\xc7Xr\
?\xdbr\x1e,-\xcf\xe8\x16\xf2\x02\xe0t>}V\
\xff\x1f?\x1d.\xfaw\xd7\xbb_\xee\xfb\xf5\xf3e\xdf\
\xf7\xf2\x9f\xa8\xc3g\xff\x0f\xfb\x90{\xc3_y\x01\x00\
\xacU>\xbfm9\x8fR.h[\xcec,\xb9\x9f\
m9\x0f\x96\x96gt\x0b\xbd\xbb\xfe\xf1\xf5\xfd\x85\xe8\
\xa5\xbe\xaf\xc3\xa5\xfe\xcb\xc5\xfe\xdd\xf5\xee\xf5\xe13\xf9\
\x9f.\xf8\x97\x7f~\xbeL\xb9\xe4\xaf /\xbc\x1e\xc7\
\x0b\x00`\xad\xf2\xf9m\xcby\x94rA\xdbr\x1ec\
\xc9\xfdl\xcby\xb0\xb4<\xa3\x92\xce\xa7\xc3g\xff\xf3\
\x99\xe7a^\x00\x00k\x95\xcfo[\xce\xa3\x94\x0b\xda\
\x96\xf3\x18K\xeeg[\xce\x83\xa5\xe5\x19\x95t>\xb9\
\xe4=\x9e\x17\x00\xc0Z\xe5\xf3\xdb\x96\xf3(\xe5\x82\xb6\
\xe5<\xc6\x92\xfb\xd9\x96\xf3`iyF%\x9dK\x97\
o\xf2yg\x9e\x17\x00\xc0Z\xe5\xf3\xdb\x96\xf3(\xe5\
\x82\xb6\xe5<\xc6\x92\xfb\xd9\x96\xf3`iyF%\x8d\
\x9f_\xfb\xd7\xf3\x02\x00X\xab|~\xdbr\x1e\xa5\x5c\
\xd0\xb6\x9c\xc7Xr?\xdbr\x1e,-\xcf\xa8\xa4\xf1\
\xf3\x83\xffz^\x00\x00k\x95\xcfo[\xce\xa3\x94\x0b\
\xda\x96\xf3\x18K\xeeg[\xce\x83\xa5\xe5\x19\x954v\
w/v\xbf\xe6s\xce\xb7y\x01\x00\xacU>\xbfm\
9\x8fR.h[\xcec,\xb9\x9fm9\x0f\x96\x96\
gT\xd2\xb8\x1d\xbe\xf4\xfff\x7fq\x91\xcf9\xdf\xe6\
\x05\x00\xb0V\xf9\xfc\xb6\xe5<J\xb9\xa0m9\x8f\xb1\
\xe4~\xb6\xe5<XZ\x9eQI\xe3\xe6R\xf7t^\
\x00\x00k\x95\xcfo[\xce\xa3\x94\x0b\xda\x96\xf3\x18K\
\xeeg[\xce\x83\xa5\xe5\x19\x954l\xaf\xf3\xf9\xe6\xf1\
\xbc\x00\x00\xd6*\x9f\xdf\xb6\x9cG)\x17\xb4-\xe71\
\x96\xdc\xcf\xb6\x9c\x07K\xcb3*i\xc0^\xfc\xf0{\
>\xdbt\xbc\x00\x00\xd6*\x9f\xdf\xb6\x9cG)\x17\xb4\
-\xe71\x96\xdc\xcf\xb6\x9c\x07K\xcb3*i\xac\xfc\
\xca\xbf\xe3\xf0\x02\x00X\xab|~\xdbr\x1e\xa5\x5c\xd0\
\xb6\x9c\xc7Xr?\xdbr\x1e,-\xcf\xa8\xa4\xa1\xfa\
\xe0\x22w\x1c^\x00\x00k\x95\xcfo[\xce\xa3\x94\x0b\
\xda\x96\xf3\x18K\xeeg[\xce\x83\xa5\xe5\x19\x954N\
\xb7\xfb\xcbW\xf9L\xf34^\x00\x00k\x95\xcfo[\
\xce\xa3\x94\x0b\xda\x96\xf3\x18K\xeeg[\xce\x83\xa5\xe5\
\x19\x954L\xaf\xf3y\xe6\xe9\xbc\x00\x00\xd6*\x9f\xdf\
\xb6\x9cG)\x17\xb4-\xe71\x96\xdc\xcf\xb6\x9c\x07K\
\xcb3*i\x88^\xe7\xb3\xcc\xf7\xf1\x02\x00X\xab|\
~\xdbr\x1e\xa5\x5c\xd0\xb6\x9c\xc7Xr?\xdbr\x1e\
,-\xcf\xa8\xa4uw{u\xf9[>\xc7|?/\
\x00\x80\xb5\xca\xe7\xb7-\xe7Q\xca\x05m\xcby\x8c%\
\xf7\xb3-\xe7\xc1\xd2\xf2\x8cJZq~\xdd\xdf\xb3\xf1\
\x02\x00X\xab|~\xdbr\x1e\xa5\x5c\xd0\xb6\x9c\xc7X\
r?\xdbr\x1e,-\xcf\xa8\xa4uv\x7fA\xfd\x9f\
\x9b\xfd\xc5E>\xc3\x1c\x87\x17\x00\xc0Z\xe5\xf3\xdb\x96\
\xf3(\xe5\x82\xb6\xe5<\xc6\x92\xfb\xd9\x96\xf3`iy\
F%\xad/\x97\xff\xe7\xe7\x05\x00\xb0V\xf9\xfc\xb6\xe5\
<J\xb9\xa0m9\x8f\xb1\xe4~\xb6\xe5<XZ\x9e\
QI+\xeb\xea\xf2O\x97\xff\xe7\xe7\x05\x00\xb0V\xf9\
\xfc\xb6\xe5<J\xb9\xa0m9\x8f\xb1\xe4~\xb6\xe5<\
XZ\x9eQI\xeb\xc9\x0f\xfc;\x1d/\x00\x80\xb5\xca\
\xe7\xb7-\xe7Q\xca\x05m\xcby\x8c%\xf7\xb3-\xe7\
\xc1\xd2\xf2\x8cJZK\x97o\xf2y\xe5\xf9x\x01\x00\
\xacU>\xbfm9\x8fR.h[\xcec,\xb9\x9f\
m9\x0f\x96\x96gT\xd2*z\x9d\xcf*\xcf\xcb\x0b\
\x00`\xad\xf2\xf9m\xcby\x94rA\xdbr\x1ec\xc9\
\xfdl\xcby\xb0\xb4<\xa3\x92\x16\xed\xffo\xef\x8e\x8e\
\xe3\xb8\xd2l\xe1\x8e\x09j\xa2\xfb\x1d\x82\xa2\xdfe\x82\
L\x90\x07\xbf<\x18y z0\xf2@\xe3\x81\xda\x83\
1\xa1\xc7\x03\x86HF\xcc#M\xb8?\x12\x22\xbb\xc9\
]H\x227PY\x99\xa7r\xad\x88\x1dso\x8b\xb5\
Q8'\x0f\xc9\xf3\x11\x04?\xbc\xfd\xee\xe6\xa7<\xa7\
\xac\xcf\x00\x00\xd8\xab<\xbfm\xb2\x8fR.h\x9b\xec\
c,\xb9\x9fm\xb2\x0f\xb6\x96\xcf\xa8\x88l\x93\xf7w\
\xaf\xde\xb8\x94m\xc7\x00\x00\xd8\xab<\xbfm\xb2\x8fR\
.h\x9b\xecc,\xb9\x9fm\xb2\x0f\xb6\x96\xcf\xa8\x88\
l\x10\xdf\xe9\x7fs\x06\x00\xc0^\xe5\xf9m\x93}\x94\
rA\xdbd\x1fc\xc9\xfdl\x93}\xb0\xb5|FE\
\xe4\xb2y\x7f\xf7\xea\xe7<\x97\x5c\x9e\x01\x00\xb0Wy\
~\xdbd\x1f\xa5\x5c\xd06\xd9\xc7Xr?\xdbd\x1f\
l-\x9fQ\x11\xb9L\xa6/\xf9\x7f\xff\xf7o\xbe\xcf\
3\xc96\x0c\x00\x80\xbd\xca\xf3\xdb&\xfb(\xe5\x82\xb6\
\xc9>\xc6\x92\xfb\xd9&\xfb`k\xf9\x8c\x8a\xc8%r\
\xf3\xab/\xf9\xdf\x17\x03\x00`\xaf\xf2\xfc\xb6\xc9>J\
\xb9\xa0m\xb2\x8f\xb1\xe4~\xb6\xc9>\xd8Z>\xa3\x22\
\xb2^\xa6?\xf5\x7fw\xfb\xd7\x1f\xf2\x1c\xb2=\x03\x00\
`\xaf\xf2\xfc\xb6\xc9>J\xb9\xa0m\xb2\x8f\xb1\xe4~\
\xb6\xc9>\xd8Z>\xa3\x22\xb2V\xfc\xa9\xff\x9e\x19\x00\
\x00{\x95\xe7\xb7M\xf6Q\xca\x05m\x93}\x8c%\xf7\
\xb3M\xf6\xc1\xd6\xf2\x19\x15\x913\xe7\xdb\x9b\xff\xf1\xa7\
\xfe\xfbg\x00\x00\xecU\x9e\xdf6\xd9G)\x17\xb4M\
\xf61\x96\xdc\xcf6\xd9\x07[\xcbgTD\xce\x96\x0f\
o\xbf\xbb\xf9)\xcf\x1c\xfbd\x00\x00\xecU\x9e\xdf6\
\xd9G)\x17\xb4M\xf61\x96\xdc\xcf6\xd9\x07[\xcb\
gTD^\x9c\x0f\xf7y\xed\xcb\xfd\xc7b\x00\x00\xec\
U\x9e\xdf6\xd9G)\x17\xb4M\xf61\x96\xdc\xcf6\
\xd9\x07[\xcbgTD\x9e\x1d\x17\xff\x81\x19\x00\x00{\
\x95\xe7\xb7M\xf6Q\xca\x05m\x93}\x8c%\xf7\xb3M\
\xf6\xc1\xd6\xf2\x19\x15\x91:.\xfeW\xc0\x00\x00\xd8\xab\
<\xbfm\xb2\x8fR.h\x9b\xecc,\xb9\x9fm\xb2\
\x0f\xb6\x96\xcf\xa8\x88,\x8e\x8b\xff\x151\x00\x00\xf6*\
\xcfo\x9b\xec\xa3\x94\x0b\xda&\xfb\x18K\xeeg\x9b\xec\
\x83\xad\xe53*\x22O\xe4\xdbW\xff|\x7f\xf7\xeag\
\x17\xff\xebb\x00\x00\xecU\x9e\xdf6\xd9G)\x17\xb4\
M\xf61\x96\xdc\xcf6\xd9\x07[\xcbgTDf\xe2\
\x9f\xf3\xbbj\x06\x00\xc0^\xe5\xf9m\x93}\x94rA\
\xdbd\x1fc\xc9\xfdl\x93}\xb0\xb5|FE\xe4\xb3\
L\x97~_\xe6\x7f\x08\x06\x00\xc0^\xe5\xf9m\x93}\
\x94rA\xdbd\x1fc\xc9\xfdl\x93}\xb0\xb5|F\
E\xe4\xcf\xbf\xdb\xefO\xfb\x8f\xc5\x00\x00\xd8\xab<\xbf\
m\xb2\x8fR.h\x9b\xecc,\xb9\x9fm\xb2\x0f\xb6\
\x96\xcf\xa8\xc8\x11\xf3\xf1\xf2\xe7\xd2\x7f`\x06\x00\xc0^\
\xe5\xf9m\x93}\x94rA\xdbd\x1fc\xc9\xfdl\x93\
}\xb0\xb5|FE\x0e\x92\x0f\xd3\x97\xf7O\xdf\xcc\xcf\
E\x88\x89\x01\x00\xb0Wy~\xdbd\x1f\xa5\x5c\xd06\
\xd9\xc7Xr?\xdbd\x1fl-\x9fQ\x91\xab\xcd\xfd\
\x85\xff\x8f\xbbW\xbfN\x7f\xca\xef\xef\xf4\x93\x0c\x00\x80\
\xbd\xca\xf3\xdb&\xfb(\xe5\x82\xb6\xc9>\xc6\x92\xfb\xd9\
&\xfb`k\xf9\x8c\x8a\x5cI>\xbc\xbb\xfb\xcb\xef\xd3\
\x9f\xf0\xbb\xf0\xb3\x84\x01\x00\xb0Wy~\xdbd\x1f\xa5\
\x5c\xd06\xd9\xc7Xr?\xdbd\x1fl-\x9fQ\x91\
\xd1\xf2\xe7\xc5\xed/\xbf\xffq\xf7\xea\xf5\xdb\xdb\x9b\x1f\
]lx\x0e\x03\x00`\xaf\xf2\xfc\xb6\xc9>J\xb9\xa0\
m\xb2\x8f\xb1\xe4~\xb6\xc9>\xd8Z>\xa3\x22{\xcc\
\xc3\xe5\xec\xdbW\xff|\x7f\xf7\xea\xb7\x8f\x17\xfd\x9f\xde\
\xdf~\xf3\xbd?\xd9\xe7\x5c\x0c\x00\x80\xbd\xca\xf3\xdb&\
\xfb(\xe5\x82\xb6\xc9>\xc6\x92\xfb\xd9&\xfb`k\xf9\
\x8c\x8a\x5c*\xd3\x85\xeb\xcf\x8b\xfd\xcd\xff|\xfcr\xfd\
\x87\xcb\xfd\xf4e\xfb\x9f.\xf8.)\x5c\x8a\x01\x00\xb0\
Wy~\xdbd\x1f\xa5\x5c\xd06\xd9\xc7Xr?\xdb\
d\x1fl-\x9f\xd1#\xe4\xd37\x82\x93\xcbd\xbah\
|\x8a?\xb1g\xaf\x0c\x00\x80\xbd\xca\xf3\xdb&\xfb(\
\xe5\x82\xb6\xc9>\xc6\x92\xfb\xd9&\xfb`k\xf9\x8c\x1e\
!o\xbf\xbb\xf9)\xd7\x0186\x03\x00`\xaf\xf2\xfc\
\xb6\xc9>J\xb9\xa0m\xb2\x8f\xb1\xe4~\xb6\xc9>\xd8\
Z>\xa3G\x88\x01\x00\x90\x0c\x00\x80\xbd\xca\xf3\xdb&\
\xfb(\xe5\x82\xb6\xc9>\xc6\x92\xfb\xd9&\xfb`k\xf9\
\x8c\x1e!\x06\x00@2\x00\x00\xf6*\xcfo\x9b\xec\xa3\
\x94\x0b\xda&\xfb\x18K\xeeg\x9b\xec\x83\xad\xe53z\
\x84\x18\x00\x00\xc9\x00\x00\xd8\xab<\xbfm\xb2\x8fR.\
h\x9b\xecc,\xb9\x9fm\xb2\x0f\xb6\x96\xcf\xe8\x11b\
\x00\x00$\x03\x00`\xaf\xf2\xfc\xb6\xc9>J\xb9\xa0m\
\xb2\x8f\xb1\xe4~\xb6\xc9>\xd8Z>\xa3G\x88\x01\x00\
\x90\x0c\x00\x80\xbd\xca\xf3\xdb&\xfb(\xe5\x82\xb6\xc9>\
\xc6\x92\xfb\xd9&\xfb`k\xf9\x8c\x1e!\x06\x00@2\
\x00\x00\xf6*\xcfo\x9b\xec\xa3\x94\x0b\xda&\xfb\x18K\
\xeeg\x9b\xec\x83\xad\xe53z\x84\x18\x00\x00\xc9\x00\x00\
\xd8\xab<\xbfm\xb2\x8fR.h\x9b\xecc,\xb9\x9f\
m\xb2\x0f\xb6\x96\xcf\xe8\x11b\x00\x00$\x03\x00`\xaf\
\xf2\xfc\xb6\xc9>J\xb9\xa0m\xb2\x8f\xb1\xe4~\xb6\xc9\
>\xd8Z>\xa3G\x88\x01\x00\x90\x0c\x00\x80\xbd\xca\xf3\
\xdb&\xfb(\xe5\x82\xb6\xc9>\xc6\x92\xfb\xd9&\xfb`\
k\xf9\x8c\x1e!\x06\x00@2\x00\x00\xf6*\xcfo\x9b\
\xec\xa3\x94\x0b\xda&\xfb\x18K\xeeg\x9b\xec\x83\xad\xe5\
3z\x84\x18\x00\x00\xc9\x00\x00\xd8\xab<\xbfm\xb2\x8f\
R.h\x9b\xecc,\xb9\x9fm\xb2\x0f\xb6\x96\xcf\xe8\
\x11b\x00\x00$\x03\x00`\xaf\xf2\xfc\xb6\xc9>J\xb9\
\xa0m\xb2\x8f\xb1\xe4~\xb6\xc9>\xd8Z>\xa3G\x88\
\x01\x00\x90\x0c\x00\x80\xbd\xca\xf3\xdb&\xfb(\xe5\x82\xb6\
\xc9>\xc6\x92\xfb\xd9&\xfb`k\xf9\x8c\x1e!\x06\x00\
@2\x00\x00\xf6*\xcfo\x9b\xec\xa3\x94\x0b\xda&\xfb\
\x18K\xeeg\x9b\xec\x83\xad\xe53z\x84\x18\x00\x00\xc9\
\x00\x00\xd8\xab<\xbfm\xb2\x8fR.h\x9b\xecc,\
\xb9\x9fm\xb2\x0f\xb6\x96\xcf\xe8\x11b\x00\x00$\x03\x00\
`\xaf\xf2\xfc\xb6\xc9>J\xb9\xa0m\xb2\x8f\xb1\xe4~\
\xb6\xc9>\xd8Z>\xa3G\x88\x01\x00\x90\x0c\x00\x80\xbd\
\xca\xf3\xdb&\xfb(\xe5\x82\xb6\xc9>\xc6\x92\xfb\xd9&\
\xfb`k\xf9\x8c\x1e!\x06\x00@2\x00\x00\xf6*\xcf\
o\x9b\xec\xa3\x94\x0b\xda&\xfb\x18K\xeeg\x9b\xec\x83\
\xad\xe53z\x84\x18\x00\x00\xc9\x00\x00\xd8\xab<\xbfm\
\xb2\x8fR.h\x9b\xecc,\xb9\x9fm\xb2\x0f\xb6\x96\
\xcf\xe8\x11b\x00\x00$\x03\x00`\xaf\xf2\xfc\xb6\xc9>\
J\xb9\xa0m\xb2\x8f\xb1\xe4~\xb6\xc9>\xd8Z>\xa3\
G\x88\x01\x00\x90\x0c\x00\x80\xbd\xca\xf3\xdb&\xfb(\xe5\
\x82\xb6\xc9>\xc6\x92\xfb\xd9&\xfb`k\xf9\x8c\x1e!\
\x06\x00@2\x00\x00\xf6*\xcfo\x9b\xec\xa3\x94\x0b\xda\
&\xfb\x18K\xeeg\x9b\xec\x83\xad\xe53z\x84\x18\x00\
\x00\xc9\x00\x00\xd8\xab<\xbfm\xb2\x8fR.h\x9b\xec\
c,\xb9\x9fm\xb2\x0f\xb6\x96\xcf\xe8\x11b\x00\x00$\
\x03\x00`\xaf\xf2\xfc\xb6\xc9>J\xb9\xa0m\xb2\x8f\xb1\
\xe4~\xb6\xc9>\xd8Z>\xa3G\x88\x01\x00\x90\x0c\x00\
\x80\xbd\xca\xf3\xdb&\xfb(\xe5\x82\xb6\xc9>\xc6\x92\xfb\
\xd9&\xfb`k\xf9\x8c\x1e!\x06\x00@2\x00\x00\xf6\
*\xcfo\x9b\xec\xa3\x94\x0b\xda&\xfb\x18K\xeeg\x9b\
\xec\x83\xad\xe53z\x84\x18\x00\x00\xc9\x00\x00\xd8\xab<\
\xbfm\xb2\x8fR.h\x9b\xecc,\xb9\x9fm\xb2\x0f\
\xb6\x96\xcf\xe8\x11b\x00\x00$\x03\x00`\xaf\xf2\xfc\xb6\
\xc9>J\xb9\xa0m\xb2\x8f\xb1\xe4~\xb6\xc9>\xd8Z\
>\xa3G\x88\x01\x00\x90\x0c\x00\x80\xbd\xca\xf3\xdb&\xfb\
(\xe5\x82\xb6\xc9>\xc6\x92\xfb\xd9&\xfb`k\xf9\x8c\
\x1e!\x06\x00@2\x00\x00\xf6*\xcfo\x9b\xec\xa3\x94\
\x0b\xda&\xfb\x18K\xeeg\x9b\xec\x83\xad\xe53z\x84\
\x18\x00\x00\xc9\x00\x00\xd8\xab<\xbfm\xb2\x8fR.h\
\x9b\xecc,\xb9\x9fm\xb2\x0f\xb6\x96\xcf\xe8\x11b\x00\
\x00$\x03\x00`\xaf\xf2\xfc\xb6\xc9>J\xb9\xa0m\xb2\
\x8f\xb1\xe4~\xb6\xc9>\xd8Z>\xa3G\x88\x01\x00\x90\
\x0c\x00\x80\xbd\xca\xf3\xdb&\xfb(\xe5\x82\xb6\xc9>\xc6\
\x92\xfb\xd9&\xfb`k\xf9\x8c\x1e!\x06\x00@2\x00\
\x00\xf6*\xcfo\x9b\xec\xa3\x94\x0b\xda&\xfb\x18K\xee\
g\x9b\xec\x83\xad\xe53z\x84\x18\x00\x00\xc9\x00\x00\xd8\
\xab<\xbfm\xb2\x8fR.h\x9b\xecc,\xb9\x9fm\
\xb2\x0f\xb6\x96\xcf\xe8\x11b\x00\x00$\x03\x00`\xaf\xf2\
\xfc\xb6\xc9>J\xb9\xa0m\xb2\x8f\xb1\xe4~\xb6\xc9>\
\xd8Z>\xa3G\x88\x01\x00\x90\x0c\x00\x80\xbd\xca\xf3\xdb\
&\xfb(\xe5\x82\xb6\xc9>\xc6\x92\xfb\xd9&\xfb`k\
\xf9\x8c\x1e!\x06\x00@2\x00\x00\xf6*\xcfo\x9b\xec\
\xa3\x94\x0b\xda&\xfb\x18K\xeeg\x9b\xec\x83\xad\xe53\
z\x84\x18\x00\x00\xc9\x00\x00\xd8\xab<\xbfm\xb2\x8fR\
.h\x9b\xecc,\xb9\x9fm\xb2\x0f\xb6\x96\xcf\xe8\x11\
b\x00\x00$\x03\x00`\xaf\xf2\xfc\xb6\xc9>J\xb9\xa0\
m\xb2\x8f\xb1\xe4~\xb6\xc9>\xd8Z>\xa3G\x88\x01\
\x00\x90\x0c\x00\x80\xbd\xca\xf3\xdb&\xfb(\xe5\x82\xb6\xc9\
>\xc6\x92\xfb\xd9&\xfb`k\xf9\x8c\x1e!\x06\x00@\
2\x00\x00\xf6*\xcfo\x9b\xec\xa3\x94\x0b\xda&\xfb\x18\
K\xeeg\x9b\xec\x83\xad\xe53z\x84\x18\x00\x00\xc9\x00\
\x00\xd8\xab<\xbfm\xb2\x8fR.h\x9b\xecc,\xb9\
\x9fm\xb2\x0f\xb6\x96\xcf\xe8\x11b\x00\x00$\x03\x00`\
\xaf\xf2\xfc\xb6\xc9>J\xb9\xa0m\xb2\x8f\xb1\xe4~\xb6\
\xc9>\xd8Z>\xa3G\x88\x01\x00\x90\x0c\x00\x80\xbd\xca\
\xf3\xdb&\xfb(\xe5\x82\xb6\xc9>\xc6\x92\xfb\xd9&\xfb\
`k\xf9\x8c\x1e!\x06\x00@2\x00\x00\xf6*\xcfo\
\x9b\xec\xa3\x94\x0b\xda&\xfb\x18K\xeeg\x9b\xec\x83\xad\
\xe53z\x84\x18\x00\x00\xc9\x00\x00\xd8\xab<\xbfm\xb2\
\x8fR.h\x9b\xecc,\xb9\x9fm\xb2\x0f\xb6\x96\xcf\
\xe8\x11b\x00\x00$\x03\x00`\xaf\xf2\xfc\xb6\xc9>J\
\xb9\xa0m\xb2\x8f\xb1\xe4~\xb6\xc9>\xd8Z>\xa3G\
\x88\x01\x00\x90\x0c\x00\x80\xbd\xca\xf3\xdb&\xfb(\xe5\x82\
\xb6\xc9>\xc6\x92\xfb\xd9&\xfb`k\xf9\x8c\x1e!\x06\
\x00@2\x00\x00\xf6*\xcfo\x9b\xec\xa3\x94\x0b\xda&\
\xfb\x18K\xeeg\x9b\xec\x83\xad\xe53z\x84\x18\x00\x00\
\xc9\x00\x00\xd8\xab<\xbfm\xb2\x8fR.h\x9b\xecc\
,\xb9\x9fm\xb2\x0f\xb6\x96\xcf\xe8\x11b\x00\x00$\x03\
\x00`\xaf\xf2\xfc\xb6\xc9>J\xb9\xa0m\xb2\x8f\xb1\xe4\
~\xb6\xc9>\xd8Z>\xa3G\x88\x01\x00\x90\x0c\x00\x80\
\xbd\xca\xf3\xdb&\xfb(\xe5\x82\xb6\xc9>\xc6\x92\xfb\xd9\
&\xfb`k\xf9\x8c\x1e!\x06\x00@2\x00\x00\xf6*\
\xcfo\x9b\xec\xa3\x94\x0b\xda&\xfb\x18K\xeeg\x9b\xec\
\x83\xad\xe53z\x84\x18\x00\x00\xc9\x00\x00\xd8\xab<\xbf\
m\xb2\x8fR.h\x9b\xecc,\xb9\x9fm\xb2\x0f\xb6\
\x96\xcf\xe8\x11b\x00\x00$\x03\x00`\xaf\xf2\xfc\xb6\xc9\
>J\xb9\xa0m\xb2\x8f\xb1\xe4~\xb6\xc9>\xd8Z>\
\xa3G\x88\x01\x00\x90\x0c\x00\x80\xbd\xca\xf3\xdb&\xfb(\
\xe5\x82\xb6\xc9>\xc6\x92\xfb\xd9&\xfb`k\xf9\x8c\x1e\
!\x06\x00@2\x00\x00\xf6*\xcfo\x9b\xec\xa3\x94\x0b\
\xda&\xfb\x18K\xeeg\x9b\xec\x83\xad\xe53z\x84\x18\
\x00\x00\xc9\x00\x00\xd8\xab<\xbfm\xb2\x8fR.h\x9b\
\xecc,\xb9\x9fm\xb2\x0f\xb6\x96\xcf\xe8\x11b\x00\x00\
$\x03\x00`\xaf\xf2\xfc\xb6\xc9>J\xb9\xa0m\xb2\x8f\
\xb1\xe4~\xb6\xc9>\xd8Z>\xa3G\x88\x01\x00\x90\x0c\
\x00\x80\xbd\xca\xf3\xdb&\xfb(\xe5\x82\xb6\xc9>\xc6\x92\
\xfb\xd9&\xfb`k\xf9\x8c\x1e!\x06\x00@2\x00\x00\
\xf6*\xcfo\x9b\xec\xa3\x94\x0b\xda&\xfb\x18K\xeeg\
\x9b\xec\x83\xad\xe53z\x84\x18\x00\x00\xc9\x00\x00\xd8\xab\
<\xbfm\xb2\x8fR.h\x9b\xecc,\xb9\x9fm\xb2\
\x0f\xb6\x96\xcf\xe8\x11b\x00\x00$\x03\x00`\xaf\xf2\xfc\
\xb6\xc9>J\xb9\xa0m\xb2\x8f\xb1\xe4~\xb6\xc9>\xd8\
Z>\xa3G\x88\x01\x00\x90\x0c\x00\x80\xbd\xca\xf3\xdb&\
\xfb(\xe5\x82\xb6\xc9>\xc6\x92\xfb\xd9&\xfb`k\xf9\
\x8c\x1e!\x06\x00@2\x00\x00\xf6*\xcfo\x9b\xec\xa3\
\x94\x0b\xda&\xfb\x18K\xeeg\x9b\xec\x83\xad\xe53z\
\x84\x18\x00\x00\xc9\x00\x00\xd8\xab<\xbfm\xb2\x8fR.\
h\x9b\xecc,\xb9\x9fm\xb2\x0f\xb6\x96\xcf\xe8\x11b\
\x00\x00$\x03\x00`\xaf\xf2\xfc\xb6\xc9>J\xb9\xa0m\
\xb2\x8f\xb1\xe4~\xb6\xc9>\xd8Z>\xa3G\x88\x01\x00\
\x90\x0c\x00\x80\xbd\xca\xf3\xdb&\xfb(\xe5\x82\xb6\xc9>\
\xc6\x92\xfb\xd9&\xfb`k\xf9\x8c\x1e!\x06\x00@2\
\x00\x00\xf6*\xcfo\x9b\xec\xa3\x94\x0b\xda&\xfb\x18K\
\xeeg\x9b\xec\x83\xad\xe53z\x84\x18\x00\x00\xc9\x00\x00\
\xd8\xab<\xbfm\xb2\x8fR.h\x9b\xecc,\xb9\x9f\
m\xb2\x0f\xb6\x96\xcf\xe8\x11b\x00\x00$\x03\x00`\xaf\
\xf2\xfc\xb6\xc9>J\xb9\xa0m\xb2\x8f\xb1\xe4~\xb6\xc9\
>\xd8Z>\xa3G\x88\x01\x00\x90\x0c\x00\x80\xbd\xca\xf3\
\xdb&\xfb(\xe5\x82\xb6\xc9>\xc6\x92\xfb\xd9&\xfb`\
k\xf9\x8c\x1e!\x06\x00@2\x00\x00\xf6*\xcfo\x9b\
\xec\xa3\x94\x0b\xda&\xfb\x18K\xeeg\x9b\xec\x83\xad\xe5\
3z\x84\x18\x00\x00\xc9\x00\x00\xd8\xab<\xbfm\xb2\x8f\
R.h\x9b\xecc,\xb9\x9fm\xb2\x0f\xb6\x96\xcf\xe8\
\x11b\x00\x00$\x03\x00`\xaf\xf2\xfc\xb6\xc9>J\xb9\
\xa0m\xb2\x8f\xb1\xe4~\xb6\xc9>\xd8Z>\xa3G\x88\
\x01\x00\x90\x0c\x00\x80\xbd\xca\xf3\xdb&\xfb(\xe5\x82\xb6\
\xc9>\xc6\x92\xfb\xd9&\xfb`k\xf9\x8c\x1e!\x06\x00\
@2\x00\x00\xf6*\xcfo\x9b\xec\xa3\x94\x0b\xda&\xfb\
\x18K\xeeg\x9b\xec\x83\xad\xe53z\x84\x18\x00\x00\xc9\
\x00\x00\xd8\xab<\xbfm\xb2\x8fR.h\x9b\xecc,\
\xb9\x9fm\xb2\x0f\xb6\x96\xcf\xe8\x11b\x00\x00$\x03\x00\
`\xaf\xf2\xfc\xb6\xc9>J\xb9\xa0m\xb2\x8f\xb1\xe4~\
\xb6\xc9>\xd8Z>\xa3G\x88\x01\x00\x90\x0c\x00\x80\xbd\
\xca\xf3\xdb&\xfb(\xe5\x82\xb6\xc9>\xc6\x92\xfb\xd9&\
\xfb`k\xf9\x8c\x1e!\x06\x00@2\x00\x00\xf6*\xcf\
o\x9b\xec\xa3\x94\x0b\xda&\xfb\x18K\xeeg\x9b\xec\x83\
\xad\xe53z\x84\x18\x00\x00\xc9\x00\x00\xd8\xab<\xbfm\
\xb2\x8fR.h\x9b\xecc,\xb9\x9fm\xb2\x0f\xb6\x96\
\xcf\xe8\x11b\x00\x00$\x03\x00`\xaf\xf2\xfc\xb6\xc9>\
J\xb9\xa0m\xb2\x8f\xb1\xe4~\xb6\xc9>\xd8Z>\xa3\
G\x88\x01\x00\x90\x0c\x00\x80\xbd\xca\xf3\xdb&\xfb(\xe5\
\x82\xb6\xc9>\xc6\x92\xfb\xd9&\xfb`k\xf9\x8c\x1e!\
\x06\x00@2\x00\x00\xf6*\xcfo\x9b\xec\xa3\x94\x0b\xda\
&\xfb\x18K\xeeg\x9b\xec\x83\xad\xe53z\x84\x18\x00\
\x00\xc9\x00\x00\xd8\xab<\xbfm\xb2\x8fR.h\x9b\xec\
c,\xb9\x9fm\xb2\x0f\xb6\x96\xcf\xe8\x11b\x00\x00$\
\x03\x00`\xaf\xf2\xfc\xb6\xc9>J\xb9\xa0m\xb2\x8f\xb1\
\xe4~\xb6\xc9>\xd8Z>\xa3G\x88\x01\x00\x90\x0c\x00\
\x80\xbd\xca\xf3\xdb&\xfb(\xe5\x82\xb6\xc9>\xc6\x92\xfb\
\xd9&\xfb`k\xf9\x8c\x1e!\x06\x00@2\x00\x00\xf6\
*\xcfo\x9b\xec\xa3\x94\x0b\xda&\xfb\x18K\xeeg\x9b\
\xec\x83\xad\xe53z\x84\x18\x00\x00\xc9\x00\x00\xd8\xab<\
\xbfm\xb2\x8fR.h\x9b\xecc,\xb9\x9fm\xb2\x0f\
\xb6\x96\xcf\xe8\x11b\x00\x00$\x03\x00`\xaf\xf2\xfc\xb6\
\xc9>J\xb9\xa0m\xb2\x8f\xb1\xe4~\xb6\xc9>\xd8Z\
>\xa3G\x88\x01\x00\x90\x0c\x00\x80\xbd\xca\xf3\xdb&\xfb\
(\xe5\x82\xb6\xc9>\xc6\x92\xfb\xd9&\xfb`k\xf9\x8c\
\x1e!\x06\x00@2\x00\x00\xf6*\xcfo\x9b\xec\xa3\x94\
\x0b\xda&\xfb\x18K\xeeg\x9b\xec\x83\xad\xe53z\x84\
\x18\x00\x00\xc9\x00\x00\xd8\xab<\xbfm\xb2\x8fR.h\
\x9b\xecc,\xb9\x9fm\xb2\x0f\xb6\x96\xcf\xe8\x11b\x00\
\x00$\x03\x00`\xaf\xf2\xfc\xb6\xc9>J\xb9\xa0m\xb2\
\x8f\xb1\xe4~\xb6\xc9>\xd8Z>\xa3G\x88\x01\x00\x90\
\x0c\x00\x80\xbd\xca\xf3\xdb&\xfb(\xe5\x82\xb6\xc9>\xc6\
\x92\xfb\xd9&\xfb`k\xf9\x8c\x1e!\x06\x00@2\x00\
\x00\xf6*\xcfo\x9b\xec\xa3\x94\x0b\xda&\xfb\x18K\xee\
g\x9b\xec\x83\xad\xe53z\x84\x18\x00\x00\xc9\x00\x00\xd8\
\xab<\xbfm\xb2\x8fR.h\x9b\xecc,\xb9\x9fm\
\xb2\x0f\xb6\x96\xcf\xe8\x11b\x00\x00$\x03\x00`\xaf\xf2\
\xfc\xb6\xc9>J\xb9\xa0m\xb2\x8f\xb1\xe4~\xb6\xc9>\
\xd8Z>\xa3G\x88\x01\x00\x90\x0c\x00\x80\xbd\xca\xf3\xdb\
&\xfb(\xe5\x82\xb6\xc9>\xc6\x92\xfb\xd9&\xfb`k\
\xf9\x8c\x1e!\x06\x00@2\x00\x00\xf6*\xcfo\x9b\xec\
\xa3\x94\x0b\xda&\xfb\x18K\xeeg\x9b\xec\x83\xad\xe53\
z\x84\x18\x00\x00\xc9\x00\x00\xd8\xab<\xbfm\xb2\x8fR\
.h\x9b\xecc,\xb9\x9fm\xb2\x0f\xb6\x96\xcf\xe8\x11\
b\x00\x00$\x03\x00`\xaf\xf2\xfc\xb6\xc9>J\xb9\xa0\
m\xb2\x8f\xb1\xe4~\xb6\xc9>\xd8Z>\xa3G\x88\x01\
\x00\x90\x0c\x00\x80\xbd\xca\xf3\xdb&\xfb(\xe5\x82\xb6\xc9\
>\xc6\x92\xfb\xd9&\xfb`k\xf9\x8c\x1e!\x06\x00@\
2\x00\x00\xf6*\xcfo\x9b\xec\xa3\x94\x0b\xda&\xfb\x18\
K\xeeg\x9b\xec\x83\xad\xe53z\x84\x18\x00\x00\xc9\x00\
\x00\xd8\xab<\xbfm\xb2\x8fR.h\x9b\xecc,\xb9\
\x9fm\xb2\x0f\xb6\x96\xcf\xe8\x11b\x00\x00$\x03\x00`\
\xaf\xf2\xfc\xb6\xc9>J\xb9\xa0m\xb2\x8f\xb1\xe4~\xb6\
\xc9>\xd8Z>\xa3G\x88\x01\x00\x90\x0c\x00\x80\xbd\xca\
\xf3\xdb&\xfb(\xe5\x82\xb6\xc9>\xc6\x92\xfb\xd9&\xfb\
`k\xf9\x8c\x1e!\x06\x00@2\x00\x00\xf6*\xcfo\
\x9b\xec\xa3\x94\x0b\xda&\xfb\x18K\xeeg\x9b\xec\x83\xad\
\xe53z\x84\x18\x00\x00\xc9\x00\x00\xd8\xab<\xbfm\xb2\
\x8fR.h\x9b\xecc,\xb9\x9fm\xb2\x0f\xb6\x96\xcf\
\xe8\x11b\x00\x00$\x03\x00`\xaf\xf2\xfc\xb6\xc9>J\
\xb9\xa0m\xb2\x8f\xb1\xe4~\xb6\xc9>\xd8Z>\xa3G\
\x88\x01\x00\x90\x0c\x00\x80\xbd\xca\xf3\xdb&\xfb(\xe5\x82\
\xb6\xc9>\xc6\x92\xfb\xd9&\xfb`k\xf9\x8c\x1e!\x06\
\x00@2\x00\x00\xf6*\xcfo\x9b\xec\xa3\x94\x0b\xda&\
\xfb\x18K\xeeg\x9b\xec\x83\xad\xe53z\x84\x18\x00\x00\
\xc9\x00\x00\xd8\xab<\xbfm\xb2\x8fR.h\x9b\xecc\
,\xb9\x9fm\xb2\x0f\xb6\x96\xcf\xe8\x11b\x00\x00$\x03\
\x00`\xaf\xf2\xfc\xb6\xc9>J\xb9\xa0m\xb2\x8f\xb1\xe4\
~\xb6\xc9>\xd8Z>\xa3G\x88\x01\x00\x90\x0c\x00\x80\
\xbd\xca\xf3\xdb&\xfb(\xe5\x82\xb6\xc9>\xc6\x92\xfb\xd9\
&\xfb`k\xf9\x8c\x1e!\x06\x00@2\x00\x00\xf6*\
\xcfo\x9b\xec\xa3\x94\x0b\xda&\xfb\x18K\xeeg\x9b\xec\
\x83\xad\xe53z\x84\x18\x00\x00\xc9\x00\x00\xd8\xab<\xbf\
m\xb2\x8fR.h\x9b\xecc,\xb9\x9fm\xb2\x0f\xb6\
\x96\xcf\xe8\x11b\x00\x00$\x03\x00`\xaf\xf2\xfc\xb6\xc9\
>J\xb9\xa0m\xb2\x8f\xb1\xe4~\xb6\xc9>\xd8Z>\
\xa3G\x88\x01\x00\x90\x0c\x00\x80\xbd\xca\xf3\xdb&\xfb(\
\xe5\x82\xb6\xc9>\xc6\x92\xfb\xd9&\xfb`k\xf9\x8c\x1e\
!\x06\x00@2\x00\x00\xf6*\xcfo\x9b\xec\xa3\x94\x0b\
\xda&\xfb\x18K\xeeg\x9b\xec\x83\xad\xe53z\x84\x18\
\x00\x00\xc9\x00\x00\xd8\xab<\xbfm\xb2\x8fR.h\x9b\
\xecc,\xb9\x9fm\xb2\x0f\xb6\x96\xcf\xe8\x11b\x00\x00\
$\x03\x00`\xaf\xf2\xfc\xb6\xc9>J\xb9\xa0m\xb2\x8f\
\xb1\xe4~\xb6\xc9>\xd8Z>\xa3G\x88\x01\x00\x90\x0c\
\x00\x80\xbd\xca\xf3\xdb&\xfb(\xe5\x82\xb6\xc9>\xc6\x92\
\xfb\xd9&\xfb\x00\x00\x00\xe6\xe4}\xa2M\xf6Q\xca\x05\
m\x93}\x8c%\xf7\xb3M\xf6\x01\x00\x00\xcc\xc9\xfbD\
\x9b\xec\xa3\x94\x0b\xda&\xfb\x18K\xeeg\x9b\xec\x03\x00\
\x00\x98\x93\xf7\x896\xd9G)\x17\xb4M\xf61\x96\xdc\
\xcf6\xd9\x07\x00\x000'\xef\x13m\xb2\x8fR.h\
\x9b\xecc,\xb9\x9fm\xb2\x0f\x00\x00`N\xde'\xda\
d\x1f\xa5\x5c\xd06\xd9\xc7Xr?\xdbd\x1f\x00\x00\
\xc0\x9c\xbcO\xb4\xc9>J\xb9\xa0m\xb2\x8f\xb1\xe4~\
\xb6\xc9>\x00\x00\x809y\x9fh\x93}\x94rA\xdb\
d\x1fc\xc9\xfdl\x93}\x00\x00\x00s\xf2>\xd1&\
\xfb(\xe5\x82\xb6\xc9>\xc6\x92\xfb\xd9&\xfb\x00\x00\x00\
\xe6\xe4}\xa2M\xf6Q\xca\x05m\x93}\x8c%\xf7\xb3\
M\xf6\x01\x00\x00\xcc\xc9\xfbD\x9b\xec\xa3\x94\x0b\xda&\
\xfb\x18K\xeeg\x9b\xec\x03\x00\x00\x98\x93\xf7\x896\xd9\
G)\x17\xb4M\xf61\x96\xdc\xcf6\xd9\x07\x00\x000\
'\xef\x13m\xb2\x8fR.h\x9b\xecc,\xb9\x9fm\
\xb2\x0f\x00\x00`N\xde'\xdad\x1f\xa5\x5c\xd06\xd9\
\xc7Xr?\xdbd\x1f\x00\x00\xc0\x9c\xbcO\xb4\xc9>\
J\xb9\xa0m\xb2\x8f\xb1\xe4~\xb6\xc9>\x00\x00\x809\
y\x9fh\x93}\x94rA\xdbd\x1fc\xc9\xfdl\x93\
}\x00\x00\x00s\xf2>\xd1&\xfb(\xe5\x82\xb6\xc9>\
\xc6\x92\xfb\xd9&\xfb\x00\x00\x00\xe6\xe4}\xa2M\xf6Q\
\xca\x05m\x93}\x8c%\xf7\xb3M\xf6\x01\x00\x00\xcc\xc9\
\xfbD\x9b\xec\xa3\x94\x0b\xda&\xfb\x18K\xeeg\x9b\xec\
\x03\x00\x00\x98\x93\xf7\x896\xd9G)\x17\xb4M\xf61\
\x96\xdc\xcf6\xd9\x07\x00\x000'\xef\x13m\xb2\x8fR\
.h\x9b\xecc,\xb9\x9fm\xb2\x0f\x00\x00`N\xde\
'\xdad\x1f\xa5\x5c\xd06\xd9\xc7Xr?\xdbd\x1f\
\x00\x00\xc0\x9c\xbcO\xb4\xc9>J\xb9\xa0m\xb2\x8f\xb1\
\xe4~\xb6\xc9>\x00\x00\x809y\x9fh\x93}\x94r\
A\xdbd\x1fc\xc9\xfdl\x93}\x00\x00\x00s\xf2>\
\xd1&\xfb(\xe5\x82\xb6\xc9>\xc6\x92\xfb\xd9&\xfb\x00\
\x00\x00\xe6\xe4}\xa2M\xf6Q\xca\x05m\x93}\x8c%\
\xf7\xb3M\xf6\x01\x00\x00\xcc\xc9\xfbD\x9b\xec\xa3\x94\x0b\
\xda&\xfb\x18K\xeeg\x9b\xec\x03\x00\x00\x98\x93\xf7\x89\
6\xd9G)\x17\xb4M\xf61\x96\xdc\xcf6\xd9\x07\x00\
\x000'\xef\x13m\xb2\x8fR.h\x9b\xecc,\xb9\
\x9fm\xb2\x0f\x00\x00`N\xde'\xdad\x1f\xa5\x5c\xd0\
6\xd9\xc7Xr?\xdbd\x1f\x00\x00\xc0\x9c\xbcO\xb4\
\xc9>J\xb9\xa0m\xb2\x8f\xb1\xe4~\xb6\xc9>\x00\x00\
\x809y\x9fh\x93}\x94rA\xdbd\x1fc\xc9\xfd\
l\x93}\x00\x00\x00s\xf2>\xd1&\xfb(\xe5\x82\xb6\
\xc9>\xc6\x92\xfb\xd9&\xfb\x00\x00\x00\xe6\xe4}\xa2M\
\xf6Q\xca\x05m\x93}\x8c%\xf7\xb3M\xf6\x01\x00\x00\
\xcc\xc9\xfbD\x9b\xec\xa3\x94\x0b\xda&\xfb\x18K\xeeg\
\x9b\xec\x03\x00\x00\x98\x93\xf7\x896\xd9G)\x17\xb4M\
\xf61\x96\xdc\xcf6\xd9\x07\x00\x000'\xef\x13m\xb2\
\x8fR.h\x9b\xecc,\xb9\x9fm\xb2\x0f\x00\x00`\
N\xde'\xdad\x1f\xa5\x5c\xd06\xd9\xc7Xr?\xdb\
d\x1f\x00\x00\xc0\x9c\xbcO\xb4\xc9>J\xb9\xa0m\xb2\
\x8f\xb1\xe4~\xb6\xc9>\x00\x00\x809y\x9fh\x93}\
\x94rA\xdbd\x1fc\xc9\xfdl\x93}\x00\x00\x00s\
\xf2>\xd1&\xfb(\xe5\x82\xb6\xc9>\xc6\x92\xfb\xd9&\
\xfb\x00\x00\x00\xe6\xe4}\xa2M\xf6Q\xca\x05m\x93}\
\x8c%\xf7\xb3M\xf6\x01\x00\x00\xcc\xc9\xfbD\x9b\xec\xa3\
\x94\x0b\xda&\xfb\x18K\xeeg\x9b\xec\x03\x00\x00\x98\x93\
\xf7\x896\xd9G)\x17\xb4M\xf61\x96\xdc\xcf6\xd9\
\x07\x00\x000'\xef\x13m\xb2\x8fR.h\x9b\xecc\
,\xb9\x9fm\xb2\x0f\x00\x00`N\xde'\xdad\x1f\xa5\
\x5c\xd06\xd9\xc7Xr?\xdbd\x1f\x00\x00\xc0\x9c\xbc\
O\xb4\xc9>J\xb9\xa0m\xb2\x8f\xb1\xe4~\xb6\xc9>\
\x00\x00\x809y\x9fh\x93}\x94rA\xdbd\x1fc\
\xc9\xfdl\x93}\x00\x00\x00s\xf2>\xd1&\xfb(\xe5\
\x82\xb6\xc9>\xc6\x92\xfb\xd9&\xfb\x00\x00\x00\xe6\xe4}\
\xa2M\xf6Q\xca\x05m\x93}\x8c%\xf7\xb3M\xf6\x01\
\x00\x00\xcc\xc9\xfbD\x9b\xec\xa3\x94\x0b\xda&\xfb\x18K\
\xeeg\x9b\xec\x03\x00\x00\x98\x93\xf7\x896\xd9G)\x17\
\xb4M\xf61\x96\xdc\xcf6\xd9\x07\x00\x000'\xef\x13\
m\xb2\x8fR.h\x9b\xecc,\xb9\x9fm\xb2\x0f\x00\
\x00`N\xde'\xdad\x1f\xa5\x5c\xd06\xd9\xc7Xr\
?\xdbd\x1f\x00\x00\xc0\x9c\xbcO\xb4\xc9>J\xb9\xa0\
m\xb2\x8f\xb1\xe4~\xb6\xc9>\x00\x00\x809y\x9fh\
\x93}\x94rA\xdbd\x1fc\xc9\xfdl\x93}\x00\x00\
\x00s\xf2>\xd1&\xfb(\xe5\x82\xb6\xc9>\xc6\x92\xfb\
\xd9&\xfb\x00\x00\x00\xe6\xe4}\xa2M\xf6Q\xca\x05m\
\x93}\x8c%\xf7\xb3M\xf6\x01\x00\x00\xcc\xc9\xfbD\x9b\
\xec\xa3\x94\x0b\xda&\xfb\x18K\xeeg\x9b\xec\x03\x00\x00\
\x98\x93\xf7\x896\xd9G)\x17\xb4M\xf61\x96\xdc\xcf\
6\xd9\x07\x00\x000'\xef\x13m\xb2\x8fR.h\x9b\
\xecc,\xb9\x9fm\xb2\x0f\x00\x00`N\xde'\xdad\
\x1f\xa5\x5c\xd06\xd9\xc7Xr?\xdbd\x1f\x00\x00\xc0\
\x9c\xbcO\xb4\xc9>J\xb9\xa0m\xb2\x8f\xb1\xe4~\xb6\
\xc9>\x00\x00\x809y\x9fh\x93}\x94rA\xdbd\
\x1fc\xc9\xfdl\x93}\x00\x00\x00s\xf2>\xd1&\xfb\
(\xe5\x82\xb6\xc9>\xc6\x92\xfb\xd9&\xfb\x00\x00\x00\xe6\
\xe4}\xa2M\xf6Q\xca\x05m\x93}\x8c%\xf7\xb3M\
\xf6\x01\x00\x00\xcc\xc9\xfbD\x9b\xec\xa3\x94\x0b\xda&\xfb\
\x18K\xeeg\x9b\xec\x03\x00\x00\x98\x93\xf7\x896\xd9G\
)\x17\xb4M\xf61\x96\xdc\xcf6\xd9\x07\x00\x000'\
\xef\x13m\xb2\x8fR.h\x9b\xecc,\xb9\x9fm\xb2\
\x0f\x00\x00`N\xde'\xdad\x1f\xa5\x5c\xd06\xd9\xc7\
Xr?\xdbd\x1f\x00\x00\xc0\x9c\xbcO\xb4\xc9>J\
\xb9\xa0m\xb2\x8f\xb1\xe4~\xb6\xc9>\x00\x00\x809y\
\x9fh\x93}\x94rA\xdbd\x1fc\xc9\xfdl\x93}\
\x00\x00\x00s\xf2>\xd1&\xfb(\xe5\x82\xb6\xc9>\xc6\
\x92\xfb\xd9&\xfb\x00\x00\x00\xe6\xe4}\xa2M\xf6Q\xca\
\x05m\x93}\x8c%\xf7\xb3M\xf6\x01\x00\x00\xcc\xc9\xfb\
D\x9b\xec\xa3\x94\x0b\xda&\xfb\x18K\xeeg\x9b\xec\x03\
\x00\x00\x98\x93\xf7\x896\xd9G)\x17\xb4M\xf61\x96\
\xdc\xcf6\xd9\x07\x00\x000'\xef\x13m\xb2\x8fR.\
h\x9b\xecc,\xb9\x9fm\xb2\x0f\x00\x00`N\xde'\
\xdad\x1f\xa5\x5c\xd06\xd9\xc7Xr?\xdbd\x1f\x00\
\x00\xc0\x9c\xbcO\xb4\xc9>J\xb9\xa0m\xb2\x8f\xb1\xe4\
~\xb6\xc9>\x00\x00\x809y\x9fh\x93}\x94rA\
\xdbd\x1fc\xc9\xfdl\x93}\x00\x00\x00s\xf2>\xd1\
&\xfb(\xe5\x82\xb6\xc9>\xc6\x92\xfb\xd9&\xfb\x00\x00\
\x00\xe6\xe4}\xa2M\xf6Q\xca\x05m\x93}\x8c%\xf7\
\xb3M\xf6\x01\x00\x00\xcc\xc9\xfbD\x9b\xec\xa3\x94\x0b\xda\
&\xfb\x18K\xeeg\x9b\xec\x03\x00\x00\x98\x93\xf7\x896\
\xd9G)\x17\xb4M\xf61\x96\xdc\xcf6\xd9\x07\x00\x00\
0'\xef\x13m\xb2\x8fR.h\x9b\xecc,\xb9\x9f\
m\xb2\x0f\x00\x00`N\xde'\xdad\x1f\xa5\x5c\xd06\
\xd9\xc7Xr?\xdbd\x1f\x00\x00\xc0\x9c\xbcO\xb4\xc9\
>J\xb9\xa0m\xb2\x8f\xb1\xe4~\xb6\xc9>\x00\xc6\xf7\
\xe6\xf6\x9bo\xde\xdc\xfe\xf5\x87\xf7w\xaf~\xfe\xe3\xee\
\xe6\xd7\xfb\xff\xfb\xdb\xbb\xbb\x9b\xdf\xdf}{\xf3?o\
\xbf\xbb\xf9)\x7f\xfc\x9c\xfb\x9e\xef\xa7\x8e\xe9\xf5S\xcf\
\xf4\xda\xa9;\x7f\xdc\xd6\xa6\xf7\x94\xef\xf3\xffn\xbf\xb9\
\xcd\x1f\x07\xc0\xcb\xe5}\xa2M\xf6Q\xca\x05m\x93}\
\x8c%\xf7\xb3M\xf6\x010\xa6O\x97\xe0\xe9\x92\x7f\xff\
\xf3\xfb\x87\xfc\xf9\xfeS\xfe\xb8{\xf5:_\xfb\x98\xb7\
w\xaf\xfe+_;\xe5\xfec\xbcy{{\xf3c\xfe\
\xf8\xad\xdc\xbf\xa7\xff\xfc\xca\xe7\xfbK\xfex\x00^\xe6\
\x91\x9fk\xabd\x1f\xa5\x5c\xd06\xd9\xc7Xr?\xdb\
d\x1f\x00\xe3\xb9\xff\xf9\xfc\x97w\xf3\x97\xe0/\xb2d\
\x00\xf0\xfe\xee\xe6\xb7|]\xa6\x1d\x02\xbc\xb9\xfd\xdb\xf7\
on\xbf\xf9\xe1ki\xff\xd4\xfe\xdd\x9f\x9f\xf7\xc9{\
\x8b\x18\x02\x00\x9c\xd1#?\xcfV\xc9>J\xb9\xa0m\
\xb2\x8f\xb1\xe4~\xb6\xc9>\x00\xc6q\x7fi\xbe}{\
\xf7\xea\x7f\xf3\xe7\xf6\xaf\xe5\xa9\x01\xc0\xf4\xe5\xf3\xf9\x9a\
\x99|h\xfe:\xc0\xc7\xafL\xc8\x8e/R\xfe\xf5\x84\
\xdb|\xfd\x5c\xde\xdf\xfe\xed\xfb|=\x00\xcf\x93?\xc7\
\xb6\xc9>J\xb9\xa0m\xb2\x8f\xb1\xe4~\xb6\xc9>\x00\
\xc6\xf0\xf1\xf2\xff&\x7f^\x7f*O\x0d\x00\x96\x5c\xd4\
?\xa5\xb9\xb0/\xe9m\xfa\xee?\x8f_\xf3\xf5s\x99\
\xbe/@\xbe\x1e\x80\xe7\xc9\x9fc\xdbd\x1f\xa5\x5c\xd0\
6\xd9\xc7Xr?\xdbd\x1f\x00cx\xce\xe5\x7f\xca\
\x93\x03\x80\x85\x7f\x95\xe0\xcf\xae\xe5\x17\xebs\x0f\x00\x96\
\xf4\xfd+\xf7?6_\x0f\xc0\xf3\x9c\xfc\x1c[&\xfb\
(\xe5\x82\xb6\xc9>\xc6\x92\xfb\xd9&\xfb\x80}\x9a.\
F\xd3w8?g\xa6\x8b\xe0\x947\xb77?~\xfc\
;\xd8\x8b\xbf\x9c\x9bm\x15_\xa6\x7f\x92\x05\x03\x80\x93\
\xd7\xcc\xe5\xfdw\xaf~\xcb\xd7\xcfYra7\x00\x00\
\xd8\xbf\x93\x9fc\xcbd\x1f\xa5\x5c\xd06\xd9\xc7Xr\
?\xdbd\x1f\xb0O\x7f|\xfb\xea\xbf\xf3\xfc\xae\x92\xfb\
\x8b\xd2\xf4\xa7\xba\xed7c\xe3\xb2\x9e\xf9\xa7\xff\x1f\xde\
~\xfb\xea\xcd\xfb\xbbW?g\xdf\xe7\xa6\x1f\xf3\xc8k\
\x1f\xcdS\xc3\x84\xcf-\xb9\xb07\x03\x80\xfb\x1f\xfb\x8f\
|\xfd\x5c\xde~\xfb\x97\x7f\xe4\xeb\x01x\x9e\xfc9\xb6\
M\xf6Q\xca\x05m\x93}\x8c%\xf7\xb3M\xf6\x01\xfb\
t\xb1\x01\xc0\xe7)\xff\xcdx.\xe3~O~<\xd9\
\xab\xb9\xdc\xef\xe1t\xe1o\x06:\xcd\xdf\xadoz\xcf\
=\x00\xf8c\xfa'\x0f\x1f\xe9x,M/\x00_\x97\
?\xc7\xb6\xc9>J\xb9\xa0m\xb2\x8f\xb1\xe4~\xb6\xc9\
>`\x9f6\x19\x00|\xca\xfd\xc5\xad\xb9\xe8\xb1\xae\xb7\
\xdf\xde,}\x16^\xe7k\x97\xf8\xf8\xdd\xf5\x9f\xfc>\
\x00\xcd\x97\xffO\xce=\x00\x98\xfe\xca\xca\x92\xafVx\
\x7f\xf7\xeaM\xbe\x16\x80\xe7\xcb\x9fg\xdbd\x1f\xa5\x5c\
\xd06\xd9\xc7Xr?\xdbd\x1f\xb0O\x9b\x0e\x00\xfe\
\x9d_\xf2}qy\xf7\x17\xda\x7f>\xb27_\xe4\xa5\
\x97\xde\xf7\xb7\xdf|\xff\xeekC\x80\xfb\xcb|\xfb=\
#\xce=\x00\x98<\xfcK\x08_\x19\x02L\xeb`x\
\x05p^\xf9sm\x9b\xec\xa3\x94\x0b\xda&\xfb\x18K\
\xeeg\x9b\xec\x03\xf6i'\x03\x80)\x86\x00\x1b{d\
ON\xd2^\xa4\x1f\xf3\xf1r==w\xff\x1a\x04|\
\xbcl\xbf\xce\x1f\xbb\xc4\x1a\x03\x80\xc9\xa7\xf7\x19\x83\x80\
\xe9=\xbfn\x87\x14\x00<-\x7f\xeen\x93}\x94r\
A\xdbd\x1fc\xc9\xfdl\x93}\xc0>\xedh\x000\
\xc5\x10`#\x1f\xbf<?\xf7\xe3$\xf7?\xee\xfb|\
\xedKL\x17\xe9\x97^\xa6\xd7\x1a\x00|\xee\x1c\xef\x13\
\x80\xaf\xcb\x9f\xbb\xdbd\x1f\xa5\x5c\xd06\xd9\xc7Xr\
?\xdbd\x1f\xb0O\x0b\x07\x00\x0f\xdf\xe5}i\xa6\x1f\
\xffH\xc7\xb2\xdc~\xf3C\xbeG\xd6\xf7\xe6\xf6\xaf?\
\x9c\xec\xc5#\xc9\xd7\xed\xc1%\x06\x00\x00\xac/\x7f\xee\
n\x93}\x94rA\xdbd\x1fc\xc9\xfdl\x93}\xc0\
>-\x19\x004\xff$\xdb'\xd3\x9f\x96\xbe\xbb\xbfT\
>\xf2%\xd4_\xcd\xf4w\xab\xfdI\xeb\xe5\x19\x00\x00\
\xb0\xb5\xfc\xb9\xbbM\xf6Q\xca\x05m\x93}\x8c%\xf7\
\xb3M\xf6\x01\xfb\xb4\xd6\x00 \xdd\xf7\xbc\xce\xde\xb9\x9c\
\xe3\xe3\xd11\x00\x00`k\xf9sw\x9b\xec\xa3\x94\x0b\
\xda&\xfb\x18K\xeeg\x9b\xec\x03\xf6\xe9R\x03\x80\xc9\
\xdb\xdb\x9b\x9f\xb2{&\x1f|\x15\xc0e\x19\x00\x00\xb0\
\xb5\xfc\xb9\xbbM\xf6Q\xca\x05m\x93}\x8c%\xf7\xb3\
M\xf6\x01\xfbt\xc9\x01\xc0\xe4\xbe\xef\xd7\xec\x7f,K\
/l\xd37\xaf{*\xf9\x9a\xf4\xe6\xf6o\xdf\xbf\xbf\
{\xf5\xf3}~{ww\xf3\xfb\xc7\x7f\x8a\xee\xac\xdf\
\xec\xee\x93\xe9cM\x83\x90?\xeen~}\xf8x\xd3\
\xe55\xf2\xf1\xbf\xfd|\xff\x1e~Xc\x102u\xe6\
\x1a\xdd\xbf\xa7\x1fs\x0f\x1eK\xbe.\x93\x1f+\xe5\x8f\
\x9fI\xf59\xaf1\x00\x98\xde\xc3#\xef+S\xbd\xcf\
stN\xff\xfdk\xcf\xcf\xf4\xbfM\xe7\xf5\xcdJ\xcf\
\xceK\xfc\xf9\xf9\xff\xf5\x87\x7f\x9d\xb5|\xf6\xef\xcf\xde\
\xf4yM{5\x9d\x93|\xfdc\xce\xb1\xa6\xc0~\xe4\
\xcf\xddm\xb2\x8fR.h\x1b?\xe1\x8e-\xf7\xb3M\
\xf6\x01\xfbt\xe9\x01\xc0\xf4k\xc3\xbb\x05\xdf$\xf0\xfd\
w\xaf~\xcb\xd7\xa6\xe97\xf7\xf9\xba\xc7\x92\xaf\x9b|\
|\x1f\xbf\xbc\x9b{/g\xfcf\x84\x1f/=\xbf\xcd\
~\xac\xa7r\x7f9\xfa\xf3Rt\x9e_W\xa7\xfd<\
\xf9\x18g\xca\xff\xdd~}\x08\xb0\xc6e}\x8d\xce5\
\xce\xc5\x92u\x7f\xec\xb9\x9f\xf6}z\xffK>\xcf\x93\
||v\xb2\xf3\x92\xdeL\xc3\xa5g\xbc\xf7\xe9\xfb\x81\
L\x03\x81\xaf=S\xcf]S`\x9f\xf2\xfc\xb6\xc9>\
J\xb9\xa0u\xbe}\xf5\xcfs\xfdf\x85\xcb;\xd9\xcf\
2\xd9\x07\xec\xd3\x1a\x17\x9d\xa7\xfc\xb1\xe0\xab\x00\xa6\xdf\
\xfc\xe7\xeb\xd2s\x07\x00\xf7\xff\xdb\x7f\xbe{\xea2~\
\x86\x01\xc0}\xcf/o\xef\x96\x7f\x03\xc4\x05\xf9\xf0\xfe\
\xbb\x9b\xdf\xbev!Zb\xc9\xa5\xe9\xb9y\xea\xbd-\
\xb9\x08\xb6\x17\xd65:\xd78\x17K\xd6=/\xab\xd3\
\xfb>\xc734\x9d\xa7v\x0d^\xea\xdd\x92s\xb60\
s\xcf\xfds\xd6\x14\xd8\xaf<\xbfm\xb2\x8fR.\xe8\
\xb3b\x080\xac\x93\xbd,\x93}\xc0>\xadq\xd1y\
\xca\xd2\xef\x05\xf0\xd4\xaf\x1f\xed\x00`\xea{\x7fw\xf3\
[\xfe\xf7G\xf3\x82\x01\xc0\xf4'\xfe\xe7\xb8\xb4}%\
\xd3\xa5\xea\x97\xfc\xb8K-\xb94=7\x8f]\xd2>\
\xb7\xc6e}\x8d\xce5\xce\xc5\x92u\xfftY}\xf8\
\x0a\x95\x05\x9fW\x9d\xfb\xce\xa7\xf6\xe8\xa5\xde\xff\xfd\x9b\
\xef\xef\x9f\xff\xff=\xf9\xd8/\xcc\x9f_\x11\xf0\xea\xe7\
\xcf?V\xb3\xa6\xc0\xfe\xe5\xf9m\x93}\x94rA\x9f\
\x1dC\x80!\x9d\xecc\x99\xec\x03\xf6i\x8d\x8b\xceS\
\xde\xdf~\xf3}~\x8c\xc7\xf2\xd4E\xa5\x19\x00<|\
\x19us)y\xc6\x00\xe0\xe3\xc7\xf8\xaf\x93\xae\x952\
]\x88\x9eZ\xa3\xc7,\xb94=7O\xbd\x9f%\x97\
\xda\xf6\xb2\xbeF\xe7\x1a\xe7b\xc9\xbaO\x97\xd5\xe9\xb9\
^s\x804=7\xef\x17\xfe\x1d\xfb\xd6\xbb?\xff\xd4\
\xff\xe4c\x9e3\xd3W\x03|\xfa}\xe5\xd25\xcd\xf7\
\x09\xecS\x9e\xdf6\xd9G)\x17\xf4E1\x04\x18\xce\
\xc9\x1e\x96\xc9>`\x9f\xd6\xb8\xe8<e\xe9\xc5\xfd\xa9\
K\xf8\xd2\x9e\xe9\xc7\xbe\xfb\xee\xe6\xf7\xfc\xdf\xbf\x9a'\
>v\xfaxi[>`8S\x9es\x99[ri\
zn\x0c\x00\xe6-Z\xf7\xe9\xef\xec\xafx\xf9\xff,\
\x1f\xda\xe7\xe6)[\x0c\xbf\x96\xac\xa9\x01\x00\x8c#\xcf\
o\x9b\xec\xa3\x94\x0b\xfa\xe2\x18\x02\x0c\xe5d\xff\xcad\
\x1f\xb0Ok\x5ct\x9e\xb2\xf4\xe2\xfe\xd4%|q\xcf\
s\xfeT\xf2\x89\x8f\xfd\xb9\xb5\xff\xc4vI\xde\x7fw\
\xf3\xff\xe5\xfb\x9a\xb3\xe4\xd2\xf4\xdc\x18\x00\xcc[s\xdd\
\x9f\x93\xe7~\x05\xc9c.y\xf9\xffW\xee\x7f_9\
}\x93\xc0\x93\xff=b\x00\x00\xe3\xc8\xf3\xdb&\xfb(\
\xe5\x82\x9e%\x86\x00\xc38\xd9\xbb2\xd9\x07\xec\xd3\x1a\
\x17\x9d\xa7,\xfd7\xe7\xdf<\xf1O\xf1\x15\x03\x80\xfe\
\x1b\x91-\x1c\x00\xec\xe1\xf2\xff1\x8b\xffDw\xcd\x8b\
\xe8S\x17\xca5.\xebkt\xaeq.\xd6\x5c\xf7g\
\xe7~\xed\xf2}\xb6\xde\xfd\xf9\xafi\x9cv_&O\
\x9em\x03\x00\x18G\x9e\xdf6\xd9Gi\xba\xac\xe7\xa2\
\x9e%\x86\x00C8\xd9\xb72\xd9\x07\xec\xd3\x1a\x17\x9d\
\xa7<\xfc\x93f\x8f|\x9c\xccS\xbfV\x14\x03\x80>\
\x0b\x07\x00\xf5_-\xb8\xcf\xdbo\x1f\xbe\x99\xd9\xaf\xd3\
7C\x9c\xbe\x1f\xc2ti\x9e\xf2n\xfa\xe6\x81\xb77\
?\xde\xff\xf7\xff\x9e~L\xbe\xee\xa9,\xfd\x13\xdd\x87\
o\xd2v\xff\xb1?\xcf\xf4~\xb2\xef\xb1\xe4\xeb2O\
\xed\xd9\x1a\x97\xf55:\xd78\x17/\x1e\x00\xfc\xf9y\
\xbe\x9e\x9e\x91O\xcf\xccg\xcf\xcdO\xd3s\xf3n\xc1\
\x8583\xf5\xe5{]j\xe9Y~$\x1f\xa6\x7f\x1a\
sz\xdf\x9f\x9f\x81\xe9\xff=\xbd\x9f\x87\xf3\xf1\x8c3\
\xf0X\x0c\x00`\x1cy~\xdbd\x1f\xa5\xe9\x17qC\
\x80\xe3:\xd9\xb32\xd9\x07\xec\xd3\x1a\x17\x9d\xa7\xdc_\
\x1a\xfe\x91\x1f\xe3\x91\xfc3_\x97\xce4\x00\xf8\xf0\xe7\
\xafu\x7f\xf9}\xba\x90\xfc+\x0b\xfe4\xfd]\xfb'\
\x9f\xd3\x05\xee\xfe\xb2\x96=s\xa6\x1f[\xff:\xfc\xcc\
?\xd1]\xfaU\x19\xf9\xba\xd6\x1a\x97\xf55:\xd78\
\x17\xcf\x1e\x00\x14\xcf\xcd\xc73Q}\x9c%\xff\xe4\xe6\
c\x9e\xf3\xd5/\x9f\xfe9\xc2\xa5\xbf\x07|\x18n\xbc\
p\x10`\x00\x00\xe3\xc8\xf3\xdb&\xfbx\x06C\x80\xe3\
:\xd9\xaf2\xd9\x07\xec\xd3\x1a\x17\x9d\xafYzi_\
\xf2\x9b\xf6\xa5]\x8f\xe4\xc3\xc3\x9fx/\xbcT=\xe6\
\xe3\xc7^\xfa\xa7\xad\xd3\x9fv\xfe\x9c\x1dKM\xaf-\
>V}\xd9\x9d\x18\x00|i\x8ds\xf1\xcc\x01\xc0\xeb\
\xecY\xe2\xe1r\xde\x5c\x9c\x17~\xc5\xcb\xe7\xde~{\
\xf3\xe4\x1a}\x99\x9b_\x9f\xfb\xfb\xbe\x8fg\xe0\x91\xce\
\xa7\xb3\xe4\xe7\x12`\x1f\xf2\xfc\xb6\xc9>\x9e\xc9\x10\xe0\
\x98N\xf6\xaaL\xf6\x01\xfb\xb4\xc6E\xe7k\x96^\x1a\
\x96|Y\xf2\xb3\x06\x00\xdf\x9e\xe7\xdfA_\xfay\xbc\
\x9b.\xff\x7f\xff\xfa\xf72X\xe2\xe1K\xa3\x97_\xe8\
>\xb4\xbf\xb6\x1a\x00|i\x8ds\xf1\x8c\x01\xc0\xeb\xec\
hTC\x80\xf2+G\xda\xb3\xd7\xae\xffc\xca3\xf0\
\xaf\x18\x00\xc08\xf2\xfc\xb6\xc9>^\xc0\x10\xe0xN\
\xf6\xa9L\xf6\x01\xfb\xb4\xc6Eg\xce\xbb\x85_2\xbf\
\xf4K\x92\xebK\xc8\xfd\xa5=;\x9e\xa3\xfa\xb8/\xf8\
*\x834]\x80\xde-\xfcJ\x80v\xcf\x0c\x00\xbe\xb4\
\xc6\xb9h\x06\x00\xe7\xba\xb4>\xfc5\x92G\xfa\x1fI\
54*\x06`\xf5\xda\x7fMs\x06>\xe5\x5ck\x09\
\xac/\xcfo\x9b\xec\xe3\x85\x0c\x01\x8e\xe5d\x8f\xcad\
\x1f\xb0Ok\x5ct\xd2\xc3\x85y\xc1%\xedS\x96^\
\x18\x9a\x8b\xf8\xd2\xa1\xc2\x12\xc5\xe5\xe7u\xbe\xf6\xa5\x8a\
/\x85\xfe\x90\xaf\xfd\x1a\x03\x80/\xadq.\x8a\x01\xc0\
\x87s|\x95\xca'K\xd6\xe7!\x0b\xff\x1a\xc0\xc3\xef\
\x07\xf3\xb5\xf3y\x9d\xaf\x7f\xa9\xe2\x0c<\xc4\x00\x00\xc6\
\x91\xe7\xb7M\xf6q\x06\x86\x00\xc7q\xb2?e\xb2\x0f\
\xd8\xa75.:\xd3\xc5\xfc\xcd\xed\xdf\xbe\x7f\xf8\x8d\xfa\
\xd2\xcb\xc7\xc74\x17\xf5f\x00\xd0^\x00\xbff\xc97\
>k>\x8f\xd6\xe25]x\xa1\x9b\x18\x00|i\x8d\
s\xb1t\x00p\xee\x0b\xeb\xd2\xaf\x02\xf8c\xe1\xf7\xa9\
\x98\xd62_\xfbXvq\x06\xa6\xf7q\xe6\xf5\x04\xd6\
\x93\xe7\xb7M\xf6q&\x86\x00\xc7p\xb27e\xb2\x0f\
\xd8\xa7%\x17\x9d\x8b\xa6\xf8\x92\xf9\xa5\x03\x80s^D\
\xee/??f\xffci/\x9c\x8d\xe5\x17\xba\x9b_\
\xf3\xb5s\x0c\x00\xbe\xb4\xe4\x5c\xac5\x00h\x067K\
-\xf9\xbb\xf3K/\xcao\x97\xfd+\x1e\xf5\x9a7\x96\
\x9e\x81)K?/`{y~\xdbd\x1fgd\x08\
p\xfdN\xf6\xa5L\xf6\x01\xfb\xb4\xe4\xa2s\xc1\xbc\xce\
\xf7\xf75\x8b\x07\x00g\xbc\x00\xfc1\xfd\xeb\x01\x8f|\
\x8c/>\xde\x19\x07\x0es\x96\x5cz\x9b\xf7a\x00\xf0\
\xa5%\xe7b\xad\x01@\xbe\xee\x1c\x96|>o\xbf\xfd\
\xcb?\xf2u\x8fy\xb7\xe0\xef\xe07\xcf\xdes-\xd9\
\xf7\x87\xf7r\xc6\xf3\x0f\xac+\xcfo\x9b\xec\xe3\xcc\x0c\
\x01\xae\xdb\xc9\x9e\x94\xc9>`\x9f\x96\x5c\x0c.\x94\xd7\
\xf9\xde\x9e\xb2t\x00\xb0\xf4K\x9b\x97\xb8\xbf\xd8<\xf9\
\xeb\xde%.\x1c\xd3\xe7\x94\x1f\xf7\xb1,\xfd\xb5\xd4\x00\
\xe0KK\xce\xc5*\x03\x80o\xbb\xef\xc6\xbf\xd4\xa2\xe7\
e\xc1\xc7\xfe\xf8M\xf8N_\x1bi\xd7\xe69\xde\xde\
.\xfc\xab\x08\x178\x8f\xc0y\xe4\xf9m\x93}\xac\xc0\
\x10\xe0z\x9d\xecG\x99\xec\x03\xf6i\xc9Eg\xe5|\
h/g\x9f,\x1d\x00\x9c\xf3K\xaaO\xba\x1f\xc9s\
?\x9f\xc6\xd2\x8b\xd8\x92\x7fNqb\x00\xf0\xa5%\xe7\
\xa2\xbd\xe4.\x19\x00,\xfdS\xf8\xd6\xa2\xbf\xba\xb2`\
\x00\xb0\xf499\xe7\x99\x9b\xf3\xf0{\xd0\xfc\xb8\x8f\xc4\
\x00\x00\xc6\x91\xe7\xb7M\xf6\xb1\x12C\x80\xebt\xb2\x17\
e\xb2\x0f\xd8\xa7%\x17\x9d\xd5r\x7f\xe1x\xc9w;\
_:\x00x\xc9\xc7\xf8\xdc\xd2\x8fw\x89\xcb\xcf\xe4\xe4\
\xe3>\x92\xa5_\xfd\xb0\xf4b\x97\xafk\xadqY_\
\xa3s\xc9\xb9Xc\x00\xb0\xd6eu\xd1\xfe.\x18\x00\
,\xfaJ\x82\xbb\x97?'K\x9d\xf3{\x1b\x00\xdb\xcb\
\xf3\xdb&\xfbX\x91!\xc0\xf59\xd9\x872\xd9\x07\xec\
\xd3\x92\x8b\xce\xd93]\xd8\x8ao\xf67g\xe9\x85\xfc\
\x5c\xbf\x86,\xbaD\x9d\xf1\xe3=e\xc9\xe5g\xe9%\
u\xe9\xe7\x96\xafk\xadqY_\xa3s\xc9\xb9X\xba\
\xb6\x9f\x5c\xc9\x00\xe0\xe9\xcf\xe1\x02\x7f\xff\xff\x93%\xfb\
\xb4\xd6\x9a\x02\xe7\x97\xe7\xb7M\xf6\xb12C\x80\xebr\
\xb2\x07e\xb2\x0f\xd8\xa7%\xbf\x81>C>\xbc\xbb\xfb\
\xcb\xef\xd3?\x0bx\xce\x9f\xcb\x97\x0e\x00\xf2u\xcf\xb5\
\xe8\x12u\xc6\x8f\xf7\x94%\x17\xdf\xa5\x97\x9fK}n\
K\xdes{Y_\xa3s\xc9\xb98\xe8\x00\xe0\xc9o\
\x82\xb9\xa4\xe7\x5c\x96\xbc\x9f\xb5\xd6\x148\xbf<\xbfm\
\xb2\x8f\x0b0\x04\xb8\x1e'\xeb_&\xfb\x80}Zr\
\xd1\x99~C?]^\x96d\xfa\xc6\x5c\x9f2\xfd=\
\xf55\x7f\xde\xbe\xf4\x00`\xe97\x1d\xcb\xd7\xade\xc9\
\xc5w\xe9\xe5g\xd1\x05\xf1\xee\xe5\x9f\xdb\x92\xf7\xdc^\
\xd6\xd7\xe8\x5cr.\x0e9\x00X\xb0.Kz\xcee\
\xcb5\x05\xce/\xcfo\x9b\xec\xe3B\x0c\x01\xae\xc3\xc9\
\xda\x97\xc9>`\x9f\x96\xfc\x86\xbe\xbd\xe8\x5c\x8a\x01\xc0\
\xd3\x17\xdf\xa5\x97\x9fE\x17\xc4\xbb\x97\x7fnK\xdes\
{Y_\xa3s\x8ds\xb1\xe5eu\xd1\xfe.\xb8\xb8\
/Y\x97%=\xe7\xb2\xe5\x9a\x02\xe7\x97\xe7\xb7M\xf6\
qA\x86\x00\xe3;Y\xf72\xd9\x07\xec\xd3\x92\xdf\xd0\
\xb7\x17\x9dK\xb9\xf8\x00`\xc9wR?\xe3\xc7{\xca\
\x92\x8b\xef\xd2\xcb\xcf\xa2\x0b\xe2\xdd\xcb?\xb7%\xef\xb9\
\xbd\xac\xaf\xd1\xb9\xc6\xb9\xd8\xf2\xb2\xbah\x7f\x17\x5c\xdc\
\xffX\xf2%\xf7\x97\xfc\x1e\x00K\xde\xcfJk\x0a\x9c\
_\x9e\xdf6\xd9\xc7\x85\x19\x02\x8c\xedd\xcd\xcbd\x1f\
\xb0Ok\x5ct.\xe5\xd2\x03\x80\xa5\xff\xf4\xde\xa5~\
}\xf2M\x00\xff\xb4F\xe7\x1a\xe7\xe2J\x06\x00O~\
\x0e\xf7\xf9\x90\xaf[\xcb\xfd\xbe\xfe\xe3\x91\x8f\xffE\xd6\
ZS\xe0\xfc\xf2\xfc\xb6\xc9>6`\x080\xae\x93\xf5\
.\x93}\xc0>\xadq\xd1\xb9\x94K\x0f\x00\x96~\xbc\
\xfb\x1f\xf7}\xbe\xf6\xdc\x1e~}}\xe4cg\x96^\
|\x17]\x10\xef^\xbe\x96k\x5c\xd6\xd7\xe8\x5c\xe3\x5c\
,\xb9<\xafuY]\xb4\xbf\x0b\x06\x00K\xff\x1a\xcc\
\xb9\xfe\xe9\xcd\xa7\xbc\xbf{\xfa\xf7\x98k\xad)p~\
y~\xdbd\x1f\x1b1\x04\x18\xd3\xc9Z\x97\xc9>`\
\x9f\xd6\xb8\xe8\x5c\xca\xd2\x0by\xbe\xee%\xde=\xfc\x8b\
\x06\xa7\x1f\xe3\xf3\xb4\x97\xcd\xe7Xt\xa1\x9br\xfb\xcd\
\x0f\xf9\xda\xc7,\xed\xcb\xd7\xb5\xd6\xb8\xac\xaf\xd1\xb9\xc6\
\xb9\xb8\x86\x01\xc0\xd2\xaf\x82i\xd7\xfb9\x96\x9e\xff\xb5\
\xd6\x148\xbf<\xbfm\xb2\x8f\x0d\x19\x02\x8c\xe7d\x9d\
\xcbd\x1f\xb0Ok\x5ct.e\xe9\x05 _\xf7\x12\
{\xf9\x13\xc7%\x7f\xf7y\xca\xd2_\x1f\x17]\x10\xef\
^\xbe\x96k\x5c\xd6\xd7\xe8\x5c\xe3\x5c\x5c\xc3\x00`\xe9\
W\x9e\xac\xf5y|n\xda\xd3\xfc\xb8\x8f\xe5\x12\xef\x05\
8\x8f<\xbfm\xb2\x8f\x8d\x19\x02\x8c\xe5d\x8d\xcbd\
\x1f\xb0Ok\x5ct.e\x8b\x01\xc0\xc2\x8b\xf7\xea\x7f\
\x07\xfa\xed\xdd\xd3\x7f\xff\xff>\xff\xcc\xd7\xcdYtA\
\xbc{\xf9Z\xaeqY_\xa3s\x8dsq\x0d\x03\x80\
\xc9\x92!\xd8}>\xac\xfd\xfb\xb2%\xfb>e\xad5\
\x05\xce/\xcfo\x9b\xecc\x07\x0c\x01\xc6q\xb2\xbee\
\xb2\x0f\xd8\xa75.:\x97\xb2\xc5\x00\xe0\xdd\x92\x8b\xd4\
\x94\x85_z\xff\x1cK\xff\xe4\xf3\x8f\xbb\x9b_\xf3\xb5\
s\x16]\x10\xef^\xbe\x96K.m\xede}\x8d\xce\
5\xce\xc5\xb5\x0c\x00\x16\x0e\xc1\xea\xf5i,=\xfbS\
\xd6ZS\xe0\xfc\xf2\xfc\xb6\xc9>v\xc2\x10`\x0c'\
k[&\xfb\x80}Z\xe3\xa2s)K/\x01\xf9\xba\
\x97\xf8\xf8%\xd0O~\x1f\x80\xa5\x97\xa9\xe7X\xf8\xa7\
\xff\xd57b[tA\xbc{\xf9Z\xaeqY_\xa3\
s\x8dsq-\x03\x80\xc5C\xb0\xfbs\xd2<\x83\x8d\
\xa5g`\xcaZk\x0a\x9c_\x9e\xdf6\xd9\xc7\x8e\x18\
\x02\xec\xdf\xc9\xba\x96\xc9>`\x9f\xd6\xb8\xe8\x5c\xca\x16\
\x03\x80I\xf1'\xa0?\xe7k_\xea\xfe\xe2\xf3_\xf9\
q\x1e\xcd\xc2\xcb\xdc'\x8b.\x88w/_\xcb5.\
\xebkt\xaeq.\xaee\x000y\xb7d\x08Vv\
.u\xdf\xfb\xcb\xc9\xc7\xf9J\xd6ZS\xe0\xfc\xf2\xfc\
\xb6\xc9>v\xc6\x10`\xdfN\xd6\xb4L\xf6\x01\xfb\xb4\
\xc6E\xe7R\xb6\x1a\x004\x7f\x02\xfa\xfe\xf6o\xdf\xe7\
\xeb\x9f\xeb\xbe\xef?\x1f\xf9\x18\x8f\xa6\xbd\xf0.\xba \
\xde\xbd|-\xd7\xb8\xac\xaf\xd1\xb9\xc6\xb9\xb8\xa6\x01\xc0\
\x92\xcf\xe5\xb3\xfc\x92\xaf\x7f\xae\xf7\x7f_\xf6\xaf\x10|\
\x9e\xb5\xd6\x148\xbf<\xbfm\xb2\x8f\x1d2\x04\xd8\xaf\
\x93\xf5,\x93}\xc0>\xadq\xd1\xb9\x94\xad\x06\x00\x93\
%\x97\xce)\xef\xef^\xbd9\xc7\x97A\xbf+.\xff\
\xd3\xc7\xcc\xd7?e\xd1\x05\xf1\xee\xe5k\xb9d\xdd\xda\
\xcb\xfa\x1a\x9dk\x9c\x8b%\x97\xe6\xb5.\xab\x8b\xf6\xb7\
\x18\x00,\xfe\xab0\xff\xce\x8b\x87\x00\x1f?\x87\xe6c\
>d\xad5\x05\xce/\xcfo\x9b\xecc\xa7\x0c\x01\xf6\
\xe9d-\xcbd\x1f\xb0Ok\x5ct.e\xcb\x01\xc0\
\xc7\x8f\xbd\xf42\xf2\xa1\xbd\x80~2\xfd\x1a\xb6\xf8\xcb\
\xfe?\xe69\x03\x87E\x17\xc4\xbb\x97\xaf\xe5\x1a\x97\xf5\
5:\xd78\x17\xd74\x00\x98\xbc\xbf{\xf5\xf3I\xc7\
W\xf2\xfe\xbb\x9b\xdf\x9e\xf3lN\xde\x95_\xf6\xff\xe5\
\xc7]gM\x81\xf3\xcb\xf3\xdb&\xfb\xd81C\x80\xfd\
9Y\xc72\xd9\x07\xec\xd3\x1a\x17\x9dK\xd9r\x000\
i/@\xd3\x05\xeb\xcd\xc2\x7f\x1d\xe0\xe3\x9f\xb0\xfe\xf2\
n\xf9\x90\xe1S^g\xd7\x12\x8b.\x88w/_\xcb\
5.\xebkt\xaeq.\xaem\x000Y\xb2\xf6\x9f\
g\xfa\xea\x94\xfb\xff\xfb\xcb\x92A\xc0\xc3\xf0\xeb~\xdf\
\x9ao\xf8\xf7X\xd6ZS\xe0\xfc\xf2\xfc\xb6\xc9>v\
\xce\x10`_N\xd6\xb0L\xf6\x01\xfb\xb4\xc6E\xe7R\
\xb6\x1e\x00L\xda\x0b\xd0\x94\xe9\x124\xfd\x13}on\
o~\x9c\x06\x02\xff\xce\xcd\x8f\x0fC\x85?;\xdb\x8b\
\xff\xff{\xfb\xed\xab\xff\xcd\xf7\xb7\xd4\xa2\x0b\xe2\xdd\xcb\
\xd7r\xc9z\xb5\x97\xf55:\xd78\x17\xd78\x00(\
\xbf\x12\xe6\xe4\xe3M\xcf\xfbcg\xe0>\xbf=\xbb7\
\xb2\xd6\x9a\x02\xe7\x97\xe7\xb7M\xf61\x00C\x80\xfd8\
Y\xbf2\xd9\x07\xec\xd3\x1a\x17\x9dK\xd9\xc3\x00`z\
\x0f\xf7\x17\xef7\xf91/\x9d\x97~\xaf\x81E\x17\xc4\
\xbb\x97\xaf\xe5\x1a\x97\xf55:\xd78\x17\xd78\x00\x98\
\xbc\xbd\xbd\xf9\xe9\xa4\xebB\xf9\xf8\x15\x05'\xff\xfb\x17\
?f\xa55\x05\xce/\xcfo\x9b\xecc\x10\x86\x00\xfb\
p\xb2ve\xb2\x0f\xd8\xa75.:\x97\xb2\x87\x01\xc0\
d\xeb!\xc0K/\xff\x93E\x17\xc4\xbb\x97\xaf\xe5\x1a\
\x97\xf55:\xd78\x17\xd7:\x00\x98\xbc[\xf0\xb9\xad\
\x90\xd7[\xae)p~y~\xdbd\x1f\x031\x04\xd8\
\xde\xc9\xba\x95\xc9>`\x9f\xd6\xb8\xe8\x5c\xca^\x06\x00\
\x93\xcd\x86\x00\xdf>|_\x81\x17\xff\x9a\xb6\xe8\x82x\
\xf7\xf2\xb5\x5c\xe3\xb2\xbeF\xe7\x1a\xe7b\xcb\xcb\xea\xa2\
\xfd}\xc1\x00`\xf2n\xc1\xe7w\xc6\xbc\x9e>\xe6\x96\
k\x0a\x9c_\x9e\xdf6\xd9\xc7`\x0c\x01\xb6u\xb2f\
e\xb2\x0f\xd8\xa75.:\x97\xb2\xa7\x01\xc0d\xfau\
\xe5\xed\x82\xf5<_n~\xcd\xf7\xf0\x5c\x8b.\x88w\
/_\xcb5.\xebkt\xaeq.\xb6\xbc\xac.\xda\
\xdf\x17\x0e\x00&ooo~|w\xa6\xbf\xbb?\x97\
\xe9{\x04|\xfax[\xae)p~y~\xdbd\x1f\
\x032\x04\xd8\xce\xc9z\x95\xc9>`\x9f\xd6\xb8\xe8\x5c\
\xca\xde\x06\x00\x9fL\x7f'z\xd5\xaf\x06\x98.\xbc\xf7\
\x17\xba\xfc\xb8/\xb1\xe8\x82x\xf7\xf2\xb5\x5c\xe3\xb2\xbe\
F\xe7\x1a\xe7b\xcb\xcb\xea\xa2\xfd=\xc3\x00`\xf2p\
.\x17\xecI\x9b\xe9\xaf\xba\xbc\xff\xfb7\xdf\x7f\xfe\xb1\
\xb6\x5cS\xe0\xfc\xf2\xfc\xb6\xc9>\x06e\x08\xb0\x8d\x93\
\xb5*\x93}\xc0>\xadq\xd1\xb9\x94\xbd\x0e\x00>9\
\xfb `\x85\x8b\xff'\x8b.\x88w/_\xcb%\x17\
\xc3\xf6\xb2\xbeF\xe7\x1a\xe7b\xcb\xcb\xea\xa2\xfd=\xd3\
\x00\xe0\x933>\xff\xd3W\x14\xbc\xce\xfe\xc9\x96k\x0a\
\x9c_\x9e\xdf6\xd9\xc7\xc0\x0c\x01.\xefd\x9d\xcad\
\x1f\xb0Ok\x5ct.e\xef\x03\x80O\xa6/\x8b\xfe\
\xf8W\x03\xea/\x8d\xfex\x81z\xbd\xd6\xc5\xff\x93E\
\x17\xc4\xbb\x97\xaf\xe5\x1a\x97\xf55:\xd78\x17[^\
V\x17\xed\xef\x99\x07\x00\x9fL\xcf\xee\xb3\x9e\xffo\xff\
\xf5\xcf\x04\xce\xfe\x1em\xcb5\x05\xce/\xcfo\x9b\xec\
cp\x86\x00\x97u\xb2Fe\xb2\x0f\x80\xff\xf8\x8f\xf7\
\xb7\xdf|?\x0d\x04\xa6\x8b\xcb\xc3\xbfu>]^?\
f\xfa\xff\xdf\xff\xef\xbfN\x97\x9e\xe9\xc7\xf8u\x89k\
3\x0d\x03\xa6\xe7\xfb\xe3s\xfe\xef\xe7\xff\xee/\xbfO\
\xff\xff\xf6\xd97\x00\x80\xeb\x92\xe7\xb7M\xf6q\x05\x0c\
\x01.\xe7d}\xcad\x1f\x00\xc09\x19\x00\xc0u\xc9\
\xf3\xdb&\xfb\xb8\x12\x86\x00\x97q\xb26e\xb2\x0f\x00\
\xe0\x9c\x96\xfcU\x0d\x03\x00\x18G\x9e\xdf6\xd9\xc7\x15\
1\x04X\xdf\xc9\xba\x94\xc9>\x00\x80sZ\xf2\xfd\x1f\
\xda\xef\xd5\x00l'\xcfo\x9b\xec\xe3\xca\x18\x02\xac\xeb\
dM\xcad\x1f\x00\xc09\xbd\xbd{\xfa_\x19\xf8\xe3\
\xee\xd5\xcf\xf9:`\x9f\xf2\xfc\xb6\xc9>\xae\x90!\xc0\
zN\xd6\xa3L\xf6\x01\x00\x9c\xcb\xd2\x7f\x05\xe4\xdd\xed\
7?\xe4k\x81}:9\xbfe\xb2\x8f+e\x08\xb0\
\x8e\x93\xb5(\x93}\x00\xc0ux\xfb\xdd\xc3?m\xf9\
\xe6kyww\xf3{\xbe\xee\x9c\xa6\x7f\xda1\x7f\xef\
\xf1X\x8e\xfa\xfb8\x18Q\x9e\xdf6\xd9\xc7\x153\x04\
8\xbf\x93u(\x93}\x00\xc0u\x98\xfe9\xbf\xfcu\
\xff\xb1\xfc\xdf\xed7\xb7\xf9\xdasY\xf2\xe5\xff\xd3\xf7\
\x08\xc8\xd7\x01\xfbur\x86\xcbd\x1fW\xce\x10\xe0\xbc\
N\xd6\xa0L\xf6\x01\x00\xd7\xe1\xe1\xf7\x5c\x8f\xfc\xda\x7f\
\x9au\xbe\x0a`\xe9\x9f\xfeO?._\x0b\xecW\x9e\
\xe16\xd9\xc7\x01\x18\x02\x9c\xcf\xc9\xe7_&\xfb\x00\x80\
\xeb\xb1\xe4;\xf0\x7f\xcc/\xf9\xda\x97\xf8\xf8w\xff?\
<\xf2qN\xb2\xe6W \x00\xe7\x97g\xb8M\xf6q\
\x10\x86\x00\xe7q\xf2\xb9\x97\xc9>\x00\xe0zL\xdf]\
?\x7f\xed\xffJ\xce2\x04\x98.\xff\x8b\xbe\xf4\xff>\
\xef\xbf{\xf5[\xbe\x1e\xd8\xb7<\xc7m\xb2\x8f\x031\
\x04x\xb9\x93\xcf\xbbL\xf6\x01\x00\xd7\xe3\xe3_\x03X\
\xf4'\xf1S\xde\x7fw\xf3\xdbK\xfeD\xfe\xcd\xed_\
\x7fXz\xf9\x9f\xf2\x92\x8f\x05l#\xcfq\x9b\xec\xe3\
`\x0c\x01^\xe6\xe4s.\x93}\x00\xc0uy\xdf}\
\x15\xc0\xff\xbb\xff\xf1o\xde\xde\xfd\xf5\xbf\x9a\xcb\xf9\xfd\
\xef\xb7\xbe\x7f\xfb\xed\xcd\x7fg\xd7\xd7s\xf3k\xf6\x00\
\xfbwz\x96\xbbd\x1f\x07d\x08\xf0|'\x9fo\x99\
\xec\x03\x00\xaeO\xf1\xbd\x00\xbe\xcc\xfd\xeb\xfe\xb8\xbf\xa8\
\xbf\xb9\xbd\xf9\xf1\xfe\xf7S?\xbc\xb9\xfd\xdb\xf7\xd3\x97\
\xf8O\xff\xf7\xed\xed\xcdO\xd3\x7f{N\xf74d\xb8\
\xe6\xdf\x9f\xc15\xcb\xf3\xdc&\xfb8(C\x80\xe79\
\xf9\x5c\xcbd\x1f\x00p}\x1e\xfe^\xfe\xb7\xcb\xbf4\
\x7f\xe5|h\xbe\xba\x00\xd8\x97G\xcet\x95\xec\xe3\xc0\
\x0c\x01z'\x9fg\x99\xec\x03\x00\xae\xd3^\x86\x00o\
oo~\xcc\xf7\x06\x8c#\xcft\x9b\xec\xe3\xe0\x0c\x01\
:'\x9fc\x99\xec\x03\x00\xae\xd7\xc6C\x80\x0f.\xff\
0\xbeG\xcev\x95\xec\x03C\x80\xc2\xc9\xe7W&\xfb\
\x00\x80\xeb\xf6q\x08P~\xc3\xbe\x97e\xfa;\xff\xef\
\xff\xfe\xcd\xf7\xf9^\x80\xf1\xe4\xf9n\x93}\xf0\xc0\x10\
`\x99\x93\xcf\xadL\xf6\x01\x00\xc70}\x13\xbf\xcb|\
5\xc0\xf4M\x04\xaf\xe3\xf7]\x80\xfb\x07+2\x04x\
\xda\xc9\xe7U&\xfb\x00\x80cYk\x10\xf0\xfe\xbbW\
\xbf\xf9f\x7fp}\xf2\xac\xb7\xc9>\xf8\x82!\xc0\xd7\
\x9d|Ne\xb2\x0f\x008\xa6w\xb7\x7f\xfd\xe1\xe1\xaf\
\x06\xbc\xe4\xf7]\x7f\xfe\x93\x80\xafG\xff\xfd\x150\xef\
\xe4\xdc\x97\xc9>8a\x080\xef\xe4\xf3)\x93}\x00\
\x00\x0f\xbf\xf7\xba\xfd\xeb\x0f\xef\xef^\xfd\xfc\xc7\xdd\xab\
_\xdf\xdd\xfd\xe5\xf7\x87\xcb\xfdg\xb9\xffo\xbfM\xff\
m\xfa1\xd3\x8f\x1d\xf9\xf7S\xc0ry\x9fh\x93}\
\xf0(C\x80\xc7\x9d|.e\xb2\x0f\x00\x00`N\xde\
'\xdad\x1f\xcc2\x048u\xf2y\x94\xc9>\x00\x00\
\x809y\x9fh\x93}\xf0U\x86\x00_:\xf9\x1c\xca\
d\x1f\x00\x00\xc0\x9c\xbcO\xb4\xc9>x\x92!\xc0\xbf\
\x9d\xbc\xff2\xd9\x07\x00\x000'\xef\x13m\xb2\x0f\x16\
1\x04\xf8\xd3\xc9{/\x93}\x00\x00\x00s\xf2>\xd1\
&\xfb`1C\x00\x07\x10\x00\x00\xb8\x9c\xbcO\xb4\xc9\
>\xa8\x1c}\x08p\xf2\x9e\xcbd\x1f\x00\x00\xc0\x9c\xbc\
O\xb4\xc9>\xa8\x1dy\x08p\xf2~\xcbd\x1f\x00\x00\
\xc0\x9c\xbcO\xb4\xc9>x\x96\xa3\x0e\x01N\xdek\x99\
\xec\x03\x00\x00\x98\x93\xf7\x896\xd9\x07\xcfv\xc4!\xc0\
\xc9\xfb,\x93}\x00\x00\x00s\xf2>\xd1&\xfb\xe0E\
\x8e6\x048y\x8fe\xb2\x0f\x00\x00`N\xde'\xda\
d\x1f\xbc\xd8\x91\x86\x00'\xef\xafL\xf6\x01\x00\x00\xcc\
\xc9\xfbD\x9b\xec\x83\xb38\xca\x10\xe0\xe4\xbd\x95\xc9>\
\x00\x00\x809y\x9fh\x93}p6G\x18\x02\x9c\xbc\
\xaf2\xd9\x07\x00\x000'\xef\x13m\xb2\x0f\xce\xea\xda\
\x87\x00'\xef\xa9L\xf6\x01\x00\x00\xcc\xc9\xfbD\x9b\xec\
\x83\xb3\xbb\xe6!\xc0\xc9\xfb)\x93}\x00\x00\x00s\xf2\
>\xd1&\xfb`\x15\xd7:\x048y/e\xb2\x0f\x00\
\x00`N\xde'\xdad\x1f\xac\xe6\x1a\x87\x00'\xef\xa3\
L\xf6\x01\x00\x00\xcc\xc9\xfbD\x9b\xec\x83U]\xdb\x10\
\xe0\xe4=\x94\xc9>\x00\x00\x809y\x9fh\x93}\xb0\
\xbak\x1a\x02\x9c|\xfc2\xd9\x07\x00\x000'\xef\x13\
m\xb2\x0f.\xe2Z\x86\x00'\x1f\xbbL\xf6\x01\x00\x00\
\xcc\xc9\xfbD\x9b\xec\x83\x8b\xb9\x86!\xc0\xc9\xc7-\x93\
}\x00\x00\x00s\xf2>\xd1&\xfb\xe0\xa2F\x1f\x02\x9c\
|\xcc2\xd9\x07\x00\x000'\xef\x13m\xb2\x0f.n\
\xe4!\xc0\xc9\xc7+\x93}\x00\x00\x00s\xf2>\xd1&\
\xfb`\x13\xa3\x0e\x01N>V\x99\xec\x03\x00\x00\x98\x93\
\xf7\x896\xd9\x07\x9b\x19q\x08p\xf2q\xcad\x1f\x00\
\x00\xc0\x9c\xbcO\xb4\xc9>\xd8\xd4hC\x80\x93\x8fQ\
&\xfb\x00\x00\x00\xe6\xe4}\xa2M\xf6\xc1\xe6F\x1a\x02\
\x9c\xf4\x97\xc9>\x00\x00\x809y\x9fh\x93}\xb0\x0b\
\xa3\x0c\x01N\xba\xcbd\x1f\x00\x00\xc0\x9c\xbcO\xb4\xc9\
>\xd8\x8d\x11\x86\x00'\xbde\xb2\x0f\x00\x00`N\xde\
'\xdad\x1f\xec\xca\xde\x87\x00'\x9de\xb2\x0f\x00\x00\
`N\xde'\xdad\x1f\xec\xce\x9e\x87\x00'}e\xb2\
\x0f\x00\x00`N\xde'\xdad\x1f\xec\xd2^\x87\x00'\
]e\xb2\x0f\x00\x00`N\xde'\xdad\x1f\xec\xd6\x1e\
\x87\x00'=e\xb2\x0f\x00\x00`N\xde'\xdad\x1f\
\xec\xda\xde\x86\x00'\x1de\xb2\x0f\x00\x00`N\xde'\
\xdad\x1f\xec\xde\x9e\x86\x00'\xaf/\x93}\x00\x00\x00\
s\xf2>\xd1&\xfb`\x08{\x19\x02\x9c\xbc\xb6L\xf6\
\x01\x00\x00\xcc\xc9\xfbD\x9b\xec\x83a\xeca\x08p\xf2\
\xba2\xd9\x07\x00\x000'\xef\x13m\xb2\x0f\x86\xb2\xf5\
\x10\xe0\xe45e\xb2\x0f\x00\x00`N\xde'\xdad\x1f\
\x0cg\xcb!\xc0\xc9\x8f/\x93}\x00\x00\x00s\xf2>\
\xd1&\xfb`H[\x0d\x01N~l\x99\xec\x03\x00\x00\
\x98\x93\xf7\x896\xd9\x07\xc3\xdab\x08p\xf2\xe3\xcad\
\x1f\x00\x00\xc0\x9c\xbcO\xb4\xc9>\x18\xda\xa5\x87\x00'\
?\xa6\xcc\xe7]\x00\x00\x00_\x93\xf7\x896\xd9\x07\xc3\
\xbb\xe4\x10\xe0\xe4\xbf\x97\xf9\xfc}\x03\x00\x00|M\xde\
'\xdad\x1f\x5c\x85K\x0d\x01N\xfe[\x99|\xdf\x00\
\x00\x00s\xf2>\xd1&\xfb\xe0j\x5cb\x08p\xf2\xbf\
\x97\xc9\xf7\x0c\x00\x000'\xef\x13m\xb2\x0f\xae\xca\xda\
C\x80\x93\xff\xadL\xbe_\x00\x00\x809y\x9fh\x93\
}puV\x1d\x02\xbc0\xf9^\x01\x00\x00\xe6\xe4}\
\xa2M\xf6\xc1U\xda\xeb\x10 \xdf'\x00\x00\xc0\x9c\xbc\
O\xb4\xc9>\xb8Z{\x1c\x02\xe4{\x04\x00\x00\x98\x93\
\xf7\x896\xd9\x07WmoC\x80|\x7f\x00\x00\x00s\
\xf2>\xd1&\xfb\xe0\xea\xedi\x08\x90\xef\x0d\x00\x00`\
N\xde'\xdad\x1f\x1c\xc2^\x86\x00\xf9\xbe\x00\x00\x00\
\xe6\xe4}\xa2M\xf6\xc1a\xeca\x08\x90\xef\x09\x00\x00\
`N\xde'\xdad\x1f\x1c\xca\xd6C\x80|?\x00\x00\
\x00s\xf2>\xd1&\xfb\xe0p\xb6\x1c\x02\xe4{\x01\x00\
\x00\x98\x93\xf7\x896\xd9\x07\x87\xb4\xd5\x10 \xdf\x07\x00\
\x00\xc0\x9c\xbcO\xb4\xc9>8\xac-\x86\x00\xf9\x1e\x00\
\x00\x00\xe6\xe4}\xa2M\xf6\xc1\xa1m1\x04\x10\x11\x11\
\x11\x11\x11\xb9D\xf2\xfe\x03\x87g\x08 \x22\x22\x22\x22\
\x22\xd7\x98\xbc\xfb\x00\xffa\x08 \x22\x22\x22\x22\x22\xd7\
\x97\xbc\xf7\x00\x1f\x19\x02\x88\x88\x88\x88\x88\xc85%\xef\
<\xc0g\x0c\x01DDDDD\xe4Z\x92\xf7\x1d \
\x18\x02\x88\x88\x88\x88\x88\xc85$\xef:\xc0#\x0c\x01\
DDDDDd\xf4\xe4=\x07\x98a\x08 \x22\x22\
\x22\x22\x22#'\xef8\xc0W\x18\x02\x88\x88\x88\x88\x88\
\xc8\xa8\xc9\xfb\x0d\xf0\x04C\x00\x11\x11\x11\x11\x11\x191\
y\xb7\x01\x160\x04\x10\x11\x11\x11\x11\x91\xd1\x92\xf7\x1a\
`!C\x00\x11\x11\x11\x11\x11\x19)y\xa7\x01\x0a\x86\
\x00\x22\x22\x22\x22\x222J\xf2>\x03\x94\x0c\x01DD\
DDDd\x84\xe4]\x06x\x06C\x00\x11\x11\x11\x11\
\x11\xd9{\xf2\x1e\x03<\x93!\x80\x88\x88\x88\x88\x88\xec\
9y\x87\x01\x00\x00\x00\x00\x00\x00\x00\x00\x00\x00\x00\x00\
\x00\x00\x00\x00\x00\x00\x00\x00\x00\x00\x00\x00\x00\x00\x00\x00\
\x00\x00\x00\x00\x00\x00\x00\x00\x00\x00\x00\x00\x00\x00\x00\x00\
\x00\x00\x00\x00\x00\x00\x00\x00\x00\x00\x00\x00\x00\x00\x00\x00\
\x00\x00\x00\x00\x00\x00\x00\x00\x00\x00\x00\x00\x00\x00\x00\x00\
\x00\x00\x00\x00\x00\x00\x00\x00\x00\x00\x00\x00\x00\x00\x00\x00\
\x00\x00\x00\x00\x00\x00\x00\x00\x00\x00\x00\x00\x00\x00\x00\x00\
\x00\x00\x00\x00\x00\x00\x00\x00\x00\x00\x00\x00\x00\x00\x00\x00\
\x00\x00\x00\x00\x00\x00\x00\x00\x00\x00\x00\x00\x00\x00\x00\x00\
\x00\x00\x00\x00\x00\x00\x00\x00\x00\x00\x00\x00\x00\x00\x00\x00\
\x00\x00\xc6\xf7\xff\x03Tk\x954\xada\xde\x1a\x00\x00\
\x00\x00IEND\xaeB`\x82\
\x00\x00\x05\x9c\
\x89\
PNG\x0d\x0a\x1a\x0a\x00\x00\x00\x0dIHDR\x00\
\x00\x00d\x00\x00\x00d\x08\x06\x00\x00\x00p\xe2\x95T\
\x00\x00\x05cIDATx^\xed\x9dI\x88\x1cU\
\x1c\xc6\xe3\xbe\xe0\x92\xb8\x82\x08JD\xc5\x0d\x11AO\
\x82\xdbA\x13\x12\x17\xf4\xaa\xa2\x22QA\x11\x14\x0f\x22\
\x8c\x0b\x88\x01\x97\x10<xQ\xa2\x07u\x0e.\x07\x05\
\xf50n\x8c\x13i\xba\xde\xab\xaa\xce\xb4\x8e8\xa2\xb8\
 .q\x83$.\xed\xf7\xaa\xbb\xa4\xf9\xba\xaa\xbb\xb6\
\x9e\x99t}?\xf8\x98a\xfa_\xd5\xff|_\xf7\xab\
\xf7\xba\xaa:\xabV\x09!\x84\x10B\x08!\x84\x10B\
\x08!\x84\x10B\x88T\x1a\x8d\xc6\x91-k/\x0c\xad\
\xdd\xe8\xfb\xfe\xf5E\x15\x18s\xad\xb5\xf6\x22\xcf\xf3N\
\xe6\xe7\x10\x19\x08<o}`\xed\xbb\xd0\x1e\xa8S\xa5\
\x10\xee\x22~nAPk\xf9y\x051??\x7f4\
\x8cz\x9bM\x1c\x93\xfe\x86\xb6\xcc\xce\xce\x1e\xc2}\x08\
\xd0n6O\xf0=\xef\xf3\x04\xe3\xc6*\xbc\x00Z;\
<\xefT\xee\xa7\xd6,,,\x1c\x04s\xb6\xb3YK\
%\xdf\x98\x9fp\x8c\xb9\x8c\xfb\xaa-0\xe5^6i\
\x19\xf4\x17t\x17\xf7V;\xc20<\xd0\xb7\xf6\xc7\x04\
\x83\x96E\xa11[gff\xf6\xe7>k\x03\xa6\xb5\
W\xb0)\xcb.c\xde\xc1\xb1e\x0d\xf7Z\x0b0~\
?2`\xc8J\x901\xedZ\x1e\xec\xf1\x0f\x7fn\xc0\
\x8c\x95\x22c~\xae\xdd\xc1\x1e\x0b\xb5\xe9\x01#V\x96\
\xf6 \x98M\xdc\xf7\xc4\xb2\x17\x04\x12\xeb\x17\xf7\x8eY\
*a(\xff\x0a\xcf9\xeb&\x198\xce^\xda\xe9t\
\xf6a\xef\xc6\xc2^\x14\xc8\xf2\xca\x98\x8f\x11\xce\x05\xec\
_\xe5(\x90\xec\xc2\xbbf\x17\xfc\xba\x81=\xac\x14\x05\
\x92O\x08\xe5\x1fL\xc9\xafb\x1f+C\x81\xe4\x17\x02\
\xf95\x08\x82\xe3\xd9\xcbJP \x85\xf5\x0c{Y\x09\
\x0a\xa4\x980t\xfd\xbe\xb8\xb8x0\xfbY\x1a\x05R\
\x5c\x18\xba.g?K\xa3@\x8a\x0b\x81\xdc\xc6~\x96\
F\x81\x14\x17\x86\xad\x07\xd9\xcf\xd2(\x90R\x9ab?\
K\xa3@Ji\x8a\xfd,M\xd5\x81`\x5c\xfd6\xf4\
\xbc\xb7\xf0\xfb\xb6\xd0\x98g'Z\xd6n`?KS\
I \xc6|\x8f\x9f\x8f\x1acN\xe3\xfd\x8b\x9c\x94\x0c\
\xc4\x9d\x07\xdf\x1c\x86\xe1a\xbc_Q\x90\xa2\x81\xb8\xf3\
\xf0c\x99\x87\xd7\x9d\x82\x81\xec\xc4\xbb\xe2\x5c\xde\x97\xa8\
\x80\xbc\x81\xb8O;\x03\xcf\xbb\x98\xf7#*\x22o \
\xa1\xef?\xc1\xfbH\xa2\xd5j\x1d\xd52\xe6<\x0ck\
\xe7\xd7H\xe7x\x9e\xb7\x9a\xbd\xc8E\xce@v\xba+\
\xe2y\x1f1hh\x0d\x02{\xa87\xeb\xe2mk\xa1\
h\x04\xb1\xf6\xcd\x1d\xcd\xe6I\xecO&r\x06\xb2\x99\
\xb7\x8fA\x18k\xf1\xf8\x17\x09\xdb\xd4R\xd6\xda/\xdd\
\xc5\xeb\xec\xd3H\xb2\x06\x82\xe4\xffM\xbbN\xca]\xc1\
\x1evo3\x18\xd8\xae\xcer\xd7\xbc\xb1W#\xc9\x1a\
\x08\x12\xff\x88\xb7\x8d\xc1\xe3\x0fp\xbd4\xdc\xb3T\xb2\
\x06\x82\xba[y[\x07\x8e)\x07\xd4\xf9\x981B\x1f\
\xb2_#\xc9\x18\xc8\x9f\x0bssG\xf0\xb6\x0el\xbf\
1\xa1^\xb2\xd1\x8c\xf41\xf6k$\x99\x02\xf1\xfd\x17\
y\xbb\x18<\xf6\xea@\xbd\x14\xc9M\x83\xd9\xaf\x91d\
\x09\xc4O\xf9\x88$\xba\x05\xce\x98]\x5c/E\x9e}\
\xc2~ebd \xc6|===\xbd\x1fo\xe7\xc0\
\xe3w\x0f\xd4K\x910\x5c\xdd\xc9~ebT \xd8\
\xf1\xc3\xbcM\x8com\x93\xeb\xa5h\xba\xbb\xfb\xd3F\
\xe3\x18\xf6+\x13\xa3\x02\xc1\xd4\xedt\xde\xc6\x81\xbf\x9f\
\xcd\xb5RW\xceS\xf6+3\xc3\x02\x09\x8d\xf9\x80\xeb\
c\xf0*x\x92\xeb\xa5\x9e<o=\xfb\x95\x99a\x81\
@\xb7p\xbd\xc3\xdd\x03\x88@\xbeK\xa8\x97\xb0&+\
u\x8f\xe4\x90@R\xd7\x1e\x98A\x5c\x9dP/u\x95\
\xfay_&\xd2\x02\xc11\xe2\x05\xae\x8d\xc1\xab\xe05\
\xae\x97\xba*\xb4\xf6\xe8'-\x10w\xd7\x10\xd7:z\
k\x8f\xdd\x5c/E\xda\xce~\xe5&)\x10\xf7\xd1q\
\xa7\xd3\xd9\x97k\x1d\x81\xd6\x1e\xa9\x82\x97w\xb0_\xb9\
I\x0a\xc4\x9dd\xe2\xba\x18\x84\xe5q\xbd\xd4]{\x14\
:\xff\xc1p \xee\xbcG\x10\x04\xa7p\x9d\xc3\x8d\x8f\
\xdc\x88\xd4\x93\xef\xbf\xc2~\x15\x82\x03\xc1\x1c\xfa}\xae\
\x89\xc1\xca\xfc\xa9\x81F\xa4Hx\xb1\xaec\xbf\x0a1\
\x10\x8817s\x8d#:\xefa\xed\x0f\xdc\x88d\xcb\
\xaf=\xfa\xa1@\xfeh\xb7\xdb\x87s\x8d\x03Oz\xcd\
@#R$\x0c\xf3\x8f\xb3_\x85\xa1@\xb6\xf1\xe31\
\xa8{\x9d\x1b\x91\xba\x0a\x9b\xcd3\xd9\xaf\xc2\xf4\x07\x12\
\x1as\x09?\xee\xc0\xcc\xea\xb8`\x0c\xdf\xbf8!*\
\xbf\xf6\xe8'\x0ed\xd8\xda\x03\x07\xac{\x12\x1a\x91\xba\
\xba\x9d\xfd*E\xdf;d\x8a\x1f\x8b\xc1\x18i\x12\x1a\
\xa9\xbd*[{\xf4\xe3\x02\x19\xb6\xf6p\x97\x83r#\
RW\x18U^f\xbfJ\xd3{\x87\xbc\xc7\x7f\x8f\xc1\
\xba\xe4inD\xea\x0aC\xf9\x95\xecWip \x7f\
\x1e;\xbe\x89\xff\xeep\xdf\xc7\x18h\xed\x91(,\x92\
\xbfI\xbb\xd6\xa0\x14\xd8\xf9}iw@i\xed\x91\xae\
J\xd7\x1e\xfd\xa4\x9d\x84r\xf8\x9e\xf7\x067\x22\xf5\x14\
\x04g\xb0_c\xa5\xd9l\x1e\x1bh\xed\x91(\x0cW\
s\xec\xd7\xd8\xc1\xc1\xfe:nD\xfa_\xd5\xae=\xb2\
\x80@nLh\xa4\xf6\xc2\xb1\xe3\xb7\xd2wI\x15\x01\
\xeb\x8f\xb3\xb8\x19)\x9a\xea\xde\xcf^-\x19h\xe0%\
n\xa8\xce\xc2\x12a\xeb\x92};i\x12\x8dF\xe3P\
w\xf5I\xef\xbe\xb9\x81\x06k\xa4\xcf\xc2q\x7f\xf9e\
\x1e\x10\xca\x89hh\x83\x9f\xf0\xdf\x19M\xb8\xd6\xb9\x8f\
\x94\xc6\xb2\x00\x14B\x08!\x84\x10B\x08!\x84\x10B\
\x08!\x84\x98P\xfe\x03Q\xc9\x9da\xf3\x14\xe8y\x00\
\x00\x00\x00IEND\xaeB`\x82\
\x00\x00\x05\xfc\
\x89\
PNG\x0d\x0a\x1a\x0a\x00\x00\x00\x0dIHDR\x00\
\x00\x00d\x00\x00\x00d\x08\x06\x00\x00\x00p\xe2\x95T\
\x00\x00\x05\xc3IDATx^\xed\x9cY\x88\x5cE\
\x14\x86\xe3\xbe\x10\xc4(\x88\xa8(\xe8\x8b\x1b\x8a\xc6}\
CP|1\xa2\xa0\xa0\x06C\x1e\x04A\x5c\xc9\x83\x0b\
\x11D\x14\x11\xc4\xf8,\xfa$\x8a0 \x8a\x06\x11Q\
\x06\x05\x87 C\xdf\xaa\xba\xb73\x91Q\x07\x15T\x22\
.\xa8qa4\xe3\x7f\x9ai\xe8\xfe\xfbvf\xaa\xbb\
\xaan\xf5p>\xf8\x99\x19\xa6\xeb\xd4\xa9\xfaoU\xdd\
\xa5\xfa\xae[\xa7(\x8a\xa2(\x8a\xa2(\x8a\xa2(\x8a\
\xa2(J\xa3\xcc\xef\xdau\x8c\xb5\xf6\xc2\xca\xda[\x9d\
s\xf78c\xb6\xe1\xe7\xa3\xf2{i\xcc]\xf8\xdf\xd5\
UU\x9d\xc8\xe5\x94@\xcc\xce\xce\x1e\x8d\x8e\xbe\xbd,\
\x8a\x97\xf1sOi\xed\xd2*\xb5\x17\xe6\xbc\x892\x0f\
\x18cN\xe6\xb8\x8a'\x951\x97\xa03_\xc3\x08\xf8\
\xbd\xa6\xb3\xbd\x84\x18\xffa\x04McT\xdd1==\
}(\xd7\xa5\x1c\x00\x99r\xa4\xf3\xb8S\x03\xea+\x99\
\xde\xa6\xa6\xa6\x0e\xe1\xba\xb3\xa7,\xcb\xf3p\x94n\xc1\
tq#\xe6\xe5\xf5\xfc\xff\x90\xeci\xb5N\xc2\x11\xfc\
:\x8e\xe6\xfd5\x9d\x18\x5c\xce\xdaVU\x14Wr\x1e\
YR\x14\xc5\xb1\xa5s;\xfb\x1a`\xccO\xe8\xb0\xdb\
\xf8\xb3!\x80\xe9\x9bP\xc7\x8f\xdci\xb1\xd5\x99\xca\x8c\
y:\xfbi\x0cG\xce{\x9c\xfc\xb2\x161\xdc/\xe7\
\xcf\x8f\xca\xd2\xd2\xd2AX+\x9eK5*\x86\x099\
|277w<\xe7\x97\x05\xe8\xf0\x8d\x9cp_\xf2\
\xd6\xbe\xcdeF\x01gO\x87a\xbdx\x95\xe37%\
La\xbb1-\x9f\xcay6\x0e\x92\xbb\x9b\x93\xedK\
\xdc\x98o\xb8\x8c/h\xf8\xe1\x88\xf5\x0e\xc7\xf6\x91L\
7\x98\xea\xbe\x85\xe6 W\xcabm\xcc\xdf\xfc9\x1f\
\xc1\x94\xafq\x90\x9c\xc2\xf96J\xe5\xdc}\x9c(i\
/\x97\xf1aT3:\xf3\xbd\xb5\x1f\xe1\xf7\x87d\x14\
/,,\x1c\xc9\xb1\xe5\xcc\x09'\x22gtNDF\
<eF\x1dU\xbb\xdd>\x8ec7FLCF1\
C:\x15G\xed\xf3\xa3\x1c\xb9\x9d\x8bJk\xef\x859\
_r\xdc\x03\x09k\xca\x87X\xdf\x0e\xe6x\x8d\x10\xcb\
\x90Q\xcc\x80\xde\x90\xd3a\x8e\xe5\xcb\xfc\xfc\xfc\x11\x88\
\xf58\xf4gM\x1d\xb5B?<\xc1q\x1a!\x86!\
\xbef\xc8\xa8\xc0\xb4\xb4\x99\xe3\x8c\x0bF\xd9\xb9\xb2x\
s}C$g\x94\x1b9FrB\x1b\x22f\xc8\x99\
YM\x9cZ\xc9\xf5\x0e:\xee2\x8e\x13\x8a\xce5V\
Q|\xcc\xf5\x0e\xd1\x8c\x9c\x9as\x8c\xa4\x844\xc4{\
d8\xf7\x1dt&\xc7\x09\xcd\xcc\xcc\xccQr\xed\xc1\
\xf5\xd7)\xc6H\xf5\x22\x94!\xb9\x9a\xd1\x05um\xc0\
\xc8\xfd\x9c\xf3`\xc9YW\xa3\xa3$\x84!\xb9\x9b\xd1\
\xa5m\xcc\x05\xab\xbav1f\x13\x97M\xc6\xb8\x86\xf8\
\xae\x19h\xec\x0fU\xabu6\xc7I\x85\xdc\xcb\x1a\xc8\
\x89e\xcc[\x5c.\x19\xe3\x182)#\xa3\x17\xb9V\
\x91<8\xb7\xbe<1\x8a\xe4d\x80\xcb&aTC\
&\xd1\x8c.h\xf3#\x9c\x1f\xab\xb1\xc5}\x14C&\
m\x9abd\x81_i-\xc1Y\xd9K\x5c.\x09\xbe\
\x86L\xf2\xc8\xe8\x05\xd7>\xefr\xae}2f\x8e\xcb\
$\xc1\xc7\x90I\x1f\x19\xbd\xa0\x1d\x0f\x0f\xe4\xdb#\xb9\
\xb9)\xb7`\xb8\x5ctVk\xc8Z\x19\x19]:\x9b\
*j\xf2\xa66\xa4\xcf\x7f5\x86\xac53\x84\xce-\
\x95\x9a\xdc\xfbd\xcc\x0d\x5c.:+\x1ab\xcc\xcf\xe5\
\x1a3\xa3\x0b\xf2\xdd\xc7\xf9\xf7J6\xe7q\x99\xe8\xac\
h\x88\x87&\xc9\x0cA\xd68nC\xaf`\xc8V.\
\x13\x9d`\x86d\xbc\x80\x0f\x03y\xff2\xd0\x8e\x1e\xc1\
\x90;\xb9LtB\x182i#C\xe8<\xfe\xb5v\
\x91\xdb\xd2+\x18r\x13\x97\x8b\xce\xb8\x86L\xa2\x19\x02\
r>\x9d\xdb2\xa0\xb2\xbc\x82\xcbEg\x1cC&\xd5\
\x0c\x01y\xdf\xcc\xeda\xe1\xe2\xf1\x04.\x17\x9d1\x0c\
\x91G\x9e\xf7C\xd7\x8f\xa3\xb61\xe74\xb1\xef\x16\x17\
~;j\xda\xd4\xab_\xb9L\x12\xc60$\x98d\x7f\
T\xcag\x10\xf2\x00\xca\x15\xc5\x17\x9cG\x9f\x8c\xf9\x80\
\xcb%!\x07C\x96\xf5oY\x14\xd7r~1\x90M\
\xd75\xf5\xb3\xb6s\xb9$dd\x88\xdc?\xfa\x94\xf3\
\x8b\x81<\x80\xe2\xbaY0\xedb.\x97\x84\x9c\x0c\x81\
\x16c\xefLo[{\xe9J\x9b\xbde:k\xec\xb9\
:\x16\xd6\xcd\x9cPS\x92g\x141w\x10\x8a\xd9h\
\xefg\x5c/K\x1e\xf3r\xd9d\xc8NA$\xf0\x0f\
'\xd5\x88\x9c\xdb\xc9\xf9\x85\x04u<3P'I\x0e\
\x8a\x10\xbb'\xc7\x02\x89l\xe7\xc4R\x0b\x1d\xf1\x1b.\
\xc4\xce\xe2\xdcB!_>\x92g\x1c\x5c/\x0b\xd7\x1e\
\xafp\xd9F(\xe5k\x09\x9e\x9b\x94\x03In_\xbc\
\x1f\xf3>\x18:\xf9:\x98\xf1WM\xdd\xac}\xbb[\
\xad\xd3\xb8|\xa3TU\xb5\xde\xc93\xe7D\x8a\xbd\x88\
\x8b\x19\xd2\xd15\x9d_\xa7'\xb9\xbc\x12\x10\x1f3d\
\xc7\xa2l9\xe5\x18J 0\xfa\xaeq\xab\xfc\x02\x8f\
Lg\x98\x19\xce\xe7\x18J \xbcF\x86\x5c\x93\x18\xb3\
\x85c(\x81\xf0\x19\x19\xcb\x86<\xc61\x94@\xf8\x8c\
\x0cQ\xe5\xdc\x0b\x1cC\x09\x84\xf7\xc8\xb0\xf6E\x8e\xa1\
\x04B\xcd\xc8\x085##\xd4\x8c\x8cP32B\xcd\
\xc8\x085##\xd4\x8c\x8cP32B\xcc@'\xff\
\xc1\x9d>LjFD\xd4\x8c\x8cP32B\xcd\xc8\
\x085##\xd4\x8c\x8cP32B\xcd\xc8\x085#\
#\xd4\x8c\x8cP32B\xcd\xc8\x085##\xd4\x8c\
\x8cP32\xa22\xe6\xaa\xd2\xe3\xd5\xdf\xce\x98\x1d\x1c\
C\x09D\xe7\xc5\x93\xc6|\xcf\x9d>LjFd\xe4\
\xdbK\xdc\xe9\xc3\xa4f$\x00\x9d\xbc\x8d;\xbeNj\
F\x22\xb0\x98\xdf\xc2\x9d\xcfR3\x12\x22/\x93t\xf2\
\xfa\x8c\x1a#\xd4\x8c\x86(\xcb\xf2\x22^\xd8\xf1\xf7\xfe\
\xca\xb9\xa7\xf8\xb3J\x220um\x80\x11\x0f\xcaK\x8a\
\xf1\xf3Yy9>\x7fFQ\x14EQ\x14EQ\x14\
EQ\x14%<\xff\x03fTD\xa8\xbe\x07\xa5\xd4\x00\
\x00\x00\x00IEND\xaeB`\x82\
\x00\x00\x09s\
\x89\
PNG\x0d\x0a\x1a\x0a\x00\x00\x00\x0dIHDR\x00\
\x00\x00d\x00\x00\x00d\x08\x06\x00\x00\x00p\xe2\x95T\
\x00\x00\x09:IDATx^\xed]i\x88\x1cE\
\x14\x8e\xf7\xadDET\xf0\x8c\xf7\x85 D\x11\x11\xc5\
[\xf0\x04E\xc5+\x06D\xd0\x04\x0d\x89\x04\xbcQQ\
4\x11DT<@\x14/\xa2?<1\x8a\x1aQ\x5c\
#\x19\xb7\xab\x8f\xc9n\x8c\x10\xd1(&j6\x89\xf1\
Lt\xfd^;\x13k\xbe\xa9\xed\xe9\xdd\xae>f\xa7\
>\xf2\xb1\xbb\xdd\xaf\xde{\xf5\xaa\xbb\xee\xaeL\x98\xe0\
\xe0\xe0\xe0\xe0\xe0\xe0\xe0\xe0\xe0\xe0\xe0\xe0\xd0\x82\xd0\xf3\
\xee\x8d|\x7f\x9e\x0d\x8a.\xd6\xef0\x0a\x0c\x0f\x0fo\
\x12\xfa\xfe\x108l\x83A\x10\xac\x11\x9dl\xc7!%\
\xea\xf5\xfa\x01\x1c\xd4\xac\x14\x9dl\xc7!%B\xa5.\
\xe6\x80f&t\xb2\x1d\x87\x94\x88\x82\xe0\xbe\xb6\x80f\
\xa4\xe8d;\x0e)\x81:\xff]\x0ehV\x8aN\xb6\
\xe3\x90\x12\x08\xe0J\x0ehV\x06\xbe\xff\x13\xdbqH\
\x81(\x8a\xf6\xe6`\xda\xa2\xe8f{\x0e\x1d\x80\xaa\xe5\
|\x0e\xa4-\x8an\xb6\xe7\xd0\x01h|\xef\xe2@\xda\
\xa2\xe8f{\x0e\x09\x90\xc1\x1b\xea\xfaw8\x90\xb6(\
\x0d\xbb\x1b \xa6\xc0\xe0\xe0\xe0\x0e\x08\xd6\x0d\x18+\x0c\
p\x10\xadS\xa9Ap\xda\xd2\x85\x0bwd?\xc6\x05\
\x10\xc8\x89h,\xb7\xe7\xebiP\xab\xd5\xb6E5r\
\xb3\xf4\x80\xda\x02\x973\xc5\xa6\xd8\x16\x1f\xd8\xaf4\x90\
<K\xde\xf9z\xe9@\xe6^\x02\x7f\x8b'\xf1\x94\xba\
p\xd9\xb2e[\xb3\x8c\x09\xc8\xccE\x08\xcaw\x1c\xa8\
\xa2)>\x88/\xec\x9f\x09\x927\xc9c\x9cW\xe4\x19\
|\x89eJE\xa4\xd4\x09\x81R\xff\xb4d0\x08\xd6\
\xf8\xbe\xff\x1c~\x9e\x8d\xa7o\x0bN\xb3\xb8V\xdb\x03\
\xf7\xdf\xe4\xc0\x94M\xf1I|c\x7f%\x0f\x92\x17\xc8\
<+y\xd3\xd3H\xde%\x06\x9c\xa6\x14\xa0q\xdc\x14\
N-\xe2\x8c\xb5P\xa9UR8x\xa2\xceY\xb0`\
\xc1\xe6\xa1\xe7\x9d\x84L}\xdf&W\x1d\xaeD\x80\xcf\
\x90\xbcI\xa0\xf1\xf7\xc3\xe0\x0a\x83\xdcF\xe2\x0d\xeb\x9f\
7o\xdef\x1c\x9f\xc2\x01g\xa6\xb2s\x89T\xea\x07\
\xfc\xdc\xd0v\xbdz\xdc\xd0\xf0\x95\xaf'q*\xc7\xa7\
P4zEU~\xd2\x8b\xe6\x0aTm;q\x9c\x0a\
\x03\xaa\xa1\x07\x0dN\xf5:\x1f\xe08\x15\x820\x0c'\
\xa11\xfb\xc3\xe0PO\x131\xf9S)u\x10\xc7+\
w\xc0\xf8\x1b\xec\x8c\xe3F\xbe\xc1\xf1\xca\x15\xa8\xaaN\
18\xe1\xa8\xb1\xee\xfbgr\xdcrA\xdcm\xf5\xfd\
\x90\x1dpl%\xba\xc1\x8bM\xe3/\xeb\x80\xb1\xe9l\
\xdcqDN\xe7\xf8YE\xbd^\xdf\xb9\x8c\xf9\xa6\xae\
%\x06\xc4Kj\xb5]9\x8e\xd6\x00#\x8f\xb6\x19u\
\xec\xc4G9\x8eV\x10\xf5\xf7\x1f\x06\xe5\xeb\x0d\x06\x1d\
\x93\xb9\x01C\x84\xa38\x9e\x99\x91\xc7\x0e\x90^!\xaa\
\xf9\x0f8\x9e\x99\x80\xba\xf0\x026\xe28J\x22\x86\x1c\
\xd71\x03\xe3\x8e\x0f\xdb\x0c\x94\xcf\xf5\x18\x15\x7f\x8a\x8c\
>\x8f\x9f\x0f\x09\xe5w\x5c\xef\x93{\x06\xf9R)1\
\xe4\xb8\x8e\x19\xb2>\x10z^\x8d\x8d\x94A\x04^E\
\xbe\x7f\xa5\xf4\xf8\xd8\xcf&\x06\x06\x06v\x11\x19\xf8\xec\
s\xfa\x92\xb8(\x8a\xa2\xdd\xd9\xcfL@\x09oW\xf2\
\x82\xd2\x8fx\x03\xae\x905\x0a\xf6m$\xc4\xeb\x19\xbe\
\x7fU\x99]\xf5\xc0\xf3^\x97\xd8\xb1oV \x0b0\
\x91R\x8f\xb0\xd1\x02\x88\x7f\xfe~\xecOZ\xa0C\xb2\
\xbf\xe80\xe8\xcd\x95x\x10\x9e\x94\x99\x0d\xf6\xc7:`\
l&\xaa\x8e\xbf\xd9\x81\x9c\x18\xda\xd8\x19\x22\xeb\x14\x08\
Pd\xd0o\x9d\x12\x1bp\x06\xfb\x90+d\x91?\xfc\
o\x81\xbf\xcd![\x8c\xab\x9a0\x9c\xc4\xb6\xc7\x0a\xcf\
\xf3\xf6\x0ds\xd8/\xacS\x96$PM^\xc2\xb6\x0b\
\x01\xaa\x91\xe3\xc2\x0ek\xcd\x99\xa8\xd4\xe5l3+\xa4\
Mi\xb3c\x89\xf1\x96\xa2\xb27;,\xf6\xbc\x03\xf1\
T\xace\xe7\xb2RzS\xa3i\xc0\xd3\x22\xde\x94\x91\
C\xefKbP\x89\xaf\xb3\xe2m\x9fJ\xfd\xce\x0ef\
\xa5t[\xd9\x96-\xa0\x91\xbf\x9a\xede\xa5\xc4\xa0\x12\
\xdbS\x07\xfb\xfb\xf7d\xe7,p\xbd\x8c%\xd8\x96-\
\x88n\xb1a\xb0\x9b\x89\xa6\xfd\x5c\x85\xa3\xee\xfb\xc7\xb2\
cY)#p\xb6c\x1bh\x9f>c\xbbY\x89\xf6\
c2\xdb)\x1cx\xfdOe\xc72S\xa9\xe7\xd9\x8e\
m`\xc0\xf6b\x9b\xdd\x8c\x94\xa5m\xb6S8P \
\xe7\xb1cY)\xdb\x8b\xd8\x8em\xc0\xce\x1c\xb6\x9b\x95\
\x12\x0b\xb6S8\xf2(\x10p\x0e\xdb\xb1\x8d(\x08\xe6\
\x1a\xecfbU\x0a\xc4z\x95\x85\x1e\xd6\x0bl\xc76\
\xf0\x16\xbe\xccv\xb3\xb2\x12U\x96k\xd4\xffg%\x1a\
\xf5\x9c\xba\xbd\x1b\xf2\xdc\x1c0\xae\xbb\xbd9\x0e\x0c\xaf\
b[\xb6\x00\x7f\xa7\xb0\xbd\xac\xac\xcc\xc0P\xa6\x0b\xf2\
\x98:\x91\xe9\x8d<\xa6Nd\x09!\xcca*^b\
 \xd3Hl\xafP4\xda\x8f\xdc&\x17\xf3xK\xd0\
v\x5c\xc3vl\x11\x85\xf23:9'\xb2\xcdB\xd0\
\xd8\xf8\xf0+;e\x93\x92A\x9b\x13v\xb2\xc8\x15\xca\
\xca\xa3\xc1\x96-6\xa6\xdf/e\xdb\xb9\x02Fg\x04\
\x05-P\xc9\xa2\x92\x8d\x8f`\xe2\x05\xaa \xa8\xb3\xfe\
<\xd8\x88\xcdL\xf6\xc1:\xcaZ\xc2\xc5\x13\xb7\x04O\
\xf7\xc1\xecOZ\xc4\xdf\xb2\x14\xb4Z\xd8B\xcf{*\
\xb7%\x5cY\xa8\x97\x05\xfb6\xa3\x051^\xfcA\x9b\
2\x9a\x86^\x1e \xe9QI\xd5\xc7\xfa\x8a\xa2l\x0c\
\xb1\xbe\xc9A\xb6\xb0\x84\x9d\xbe\xb4-\x8aJ\x05\xb2\x9e\
\x914=/c\x98\xc6\x9a\x87\xf5\xde\xd4\x98\xe8y5\
\xabc\x14\xd9\xe4\xd5f\xa4|\xcaW\xb2\x9f\xc9\xacm\
\xd0\xd8(\x17\xff\xee\xfb\x0b\xe3{,\xeb\xfb\x9f\x83\x8f\
\xa1\xca\xbd\xbf\x0c\xe2\x01\xb9\x96\xe3:ft\xebV\xd2\
F\xe3\xfa\xb8ln\xe0<u=P\xca\xefs\x86+\
\xce\xd5h\xccO\xe3|\x8c\x1bt\xd9\xe7\x08\x7f\xc9i\
\x11\x9c\x87q\x87\xb0{>\xd8\xb9\x83}\x1f\x97\x88g\
I\x95Ze\x08@\x9584\xd6\xa3\x96\xba\x12a\xc5\
?\xfaD[\xf7\x04\xfb<\xae\x11\x7f\x16\x8d\xb1\x00\x07\
\xa2*D\xf7\xf2,\xf6y\xdc\x03\x05r:\x07\xa2\x22\
\x5c\x97tpZ\xe3\xf4\xb7c\x98iG\xd2\x9c\xaeI\
\x99v\xef\xeb\xeb\xdb\x86\xe5\x19\x90\x9d\xa8\xa7\x93\x8e\x12\
\xcb\x8c\x19a\x05\x8f\xd6\x88|\xff5\xf6S\x07\x1e\xa4\
\xeb8\x8d\x10\xc1\xb9\x9aeM\xe0t\xc4\xbf\xc0\xf9Q\
\xc2\xde^\xd8\xb9\xa8\xc5\xae\xefG,3f4\xf6\xf4\
\xfeip\xacL&\x9eW\x85\xfb\xaf\x1a\xd2\xa4\xdeT\
\xc1\xe9LL\x9a\xe9\xcd\xb5@\x04P\xfa\x00;T\x16\
%\x10I\x9f\x8d\xc5+\x85#\xf7\x10W\xa4Y~5\
\xa4\x1b\x91\x12|N\x9f{\x81\xc8\x874\xe1\xe8O]\
\xcb\x852\x87\xc5\xfe\xe9@U2\x99\xd3\xe8\x8c<\xef\
hN\xc3\xe04\x89T\xea[>\xeb$\xf7\x02\x11\x84\
\xd59\xe2\xef\x16\xf6M\x87\xdc7\xa4\xd19\x8b\xd30\
8M]\xa9\xc3\xe5\xba<\x98xCo\xe3\xfb(\x80\
S\xf5\xf4\x85\x14H\xfc\xbd\x85R_\xb03dX>\
dy\x02<Y\xe4eC\x99\xf57\xab\xc3i\x09\x90\
\xf9H\x97o[#Q\xea=N\xc3`\x9b\xcd\x02\xd9\
x\x9f\xe2\x80\xb6\xe9F\xfd~!\x05\x22\x90\x9eE`\
8&6\xfc\xefH\xd5\xdc\x8f\x89\x85\x9e\xafY\xbf\x8e\
xq\x8d: \xf8{6\xe9\xf9-\xa9\xcb,`\xbb\
\x5c \x88\xc3\xc7$\xd3\xd2\xb8\x17V \x82\xb0\xc4\x83\
\x94\x11\x88GX\xaf\x0ey((\xcdP<&\xe1\xfd\
d\x1df\x87\xd9\xae^ q>h\x9f\x01bq\xae\
\x9e\xbe\xd0\x02\x092\x1e5\x0e\x07gI\xd5\xc6\x99N\
E\x0cTY\xa7\x0eY\xbc\xd2\xe5\x9b\xe3\x15\xc3\xc2[\
\xe2\x01\x96l7\x90M\x13\x9eW\x83\xfeo\xf8\x1e8\
\xc4\x03\xceB\x0b\xc4\x06\xb4\xc3\xf8\x07\x0d\x194\x12\xc1\
X\xbbt\xe9\xd2\xadX\x97\x8e\xb0})7>X,\
\x0a\x82[\xf5\xeb\x08\xa0\xc7iu\xb0\xed$r\xfb!\
\xe8\xba\x02iB\xc6\x04px>g\xd2\xc4\xc0\xf3^\
\xe1\xf4:\xa4\xad2\xb4oG\xca=TQ\xc7\xb7\x5c\
\x87\x1c\x0ae7\xd6\xd1\x04\xdb\x1e\x89\xd0\xf1\xb4i\x5c\
\xd3\xb5\x05\x22\x80\xc3wrFM\xec\xf4q(\xde\xb6\
+(\xcd\xc6A\xa0L\x94\xca\x1b\xa6\xdfG\xd0.c\
\x1dM\xb0m\xa6t.\xa0o\x0a\xa7k\xa2\xab\x0b$\
H\xf7!P\xc7]\xf2\x08\xd2s\x94f\x85t<\x9a\
\xe4\xee/:\x08\xcf\xb0\x8e&\xd8~ \x1b\x06\x11d\
\xe89G\xde:\xd3[\xa1\xa3\xab\x0b\x04\xd5\xc9^\x1c\
\x00\x03?\xe1t:\xe2\x9d\xf9\xa3?\x0a}9\xebi\
\x82e\xb9\xdb\xdb\x09]] \x82\xb0\xc31\x18\xf2\x1f\
\xb1p\x1a\x1dx;\x8e\xe04\xa9\x18\x86\x87\xb2.\x01\
\xcb\xf5b\x81$7\xec#\x04\xae\x09\x04\xe0\xa6\xb64\
\xe9h<\xde\x95\xe5z\xae@\x92\xfe\xebU\xf4\xae\xbe\
by\x06\xe4\xde\xa6t\x8bx\x03[\xbc\x89M)\xd5\
\x22\x17\x04o\xb1.\x01\xfb\xd0s\x05\xc2\x19h\xc9\x0c\
\x06{,\xaf\x03\x83\xd4-!\xf3\x8b\x9ef\xa4\xefM\
P\xf0\xd7\x93\xfeu\xa6\xb1\x0d\xfb\xd0s\x05\x22\xbb\xd6\
9\x08M\xcaD%\xcb\xeb\x90}Y\x9cfq\x7f\xff\
>,'@\xa0\x0ea\xd9\xc0\xf0\xe1\x0d\xcb\xf4\x5c\x81\
\xc4\x03D\xf3\xa2\xd2j\xd3\x84\xa5\x0e\xc8\xdcCi\xbe\
d\x19\x1d\xb8\xbf\xbc%XJ\xddm\x90\xe9\xed\x02\x11\
\xe0I\xbfW\x1f74\xc6\x0e\xb3Y\x8e\x01\x99\xdb\xf5\
4(\xd8i,\xa3\x03\x01\x9aI6ng\x19\xf6C\
\xba\xe6,\x93\x04\xf4\xfa\x8ek\xd1\x11\x04sY\xc6\xc1\
\xc1\xc1\xc1\xc1\xc1\xc1\xc1\xc1\xc1\xc1\xa1h\xfc\x0b\xa8:\
\x8e\xf3\xc9:\x06-\x00\x00\x00\x00IEND\xaeB\
`\x82\
\x00\x00\x05\x1f\
\x89\
PNG\x0d\x0a\x1a\x0a\x00\x00\x00\x0dIHDR\x00\
\x00\x00d\x00\x00\x00d\x08\x06\x00\x00\x00p\xe2\x95T\
\x00\x00\x04\xe6IDATx^\xed\x9d\xcf\xab\x15e\
\x18\xc7M(\xadE\x85\xb5\xd0T\xfc\x13\xdaH\x81\xb4\
hQ\x06i\xad\xd4li\x85\x08R(\x16\xb4\xcb\x04\
w\xee$\xacH\xb1\x16-\xee6\x12\xad\xa0\xdd\xedR\
\xd3\x9d\xf7\xc7\x5cor\x90\xbb\x124\x8b\x82 \xfae\
\xa7\xe79\xe7\xbc\xcc\xf1;3:q\xe6\xbe\xf3\xce;\
\xcf\x17>\x1c9\xef;s\x9f\xf7\xfd\xdc\x9993\xce\
\x9c\xbbf\x8dD\x22\x91H$\x12\x89D\x22\x91D\x92\
,\xcb\xee\xcb\x94z.3\xe6\x84U\xea\x5c\xa6\xf5\xdc\
j\x82?_2\xc9\xca\xca\xcaz\xab\xf5\x9bF\xeb\x9f\
\xe8u\xe8\x0b\xacCB\xf9aq\xf11\x9a\x9c\xefp\
\xb2|\x80\xb5\xb8\xd0\xd6\xb3\x7f8\x1c\xde\x83\xefG\x9f\
+I\xf2(\xed\x9a\xae\xe2D\xf9\x02\xebq1\xc6|\
M\xed\xef\xf5N\x0a\xc9\xf8\x02'\xc9'X\x8f\xcbD\
\x08\xf7\xe9\x8f\x14\xda-\xbc\x80\x13\xe4\x1b\xac\xc9eJ\
\xc8\x90\x8ek\x1f\xf6B\x0a}\x9a\xfa\x0a'\xc87X\
\x93\xcb\xb4\x90\x09qo)i\x9a>L\x83\xfc\x0b'\
\xc87X\x97K\x89\x10&^)KZ?Y2`\
\xef`].\x15B\xe2\xdd}\xd1\xf1\xe3E\x1cl\x1b\
`].UB&\xc4\xb7\xa5\xd0\x80\xf7\x96\x0c\xd4;\
X\x97\xcb]\x84\xc4\xb7\xa5t]\x08\x13\x95\x94\x18\x84\
0\xd1H\x89E\x08\x13\x85\x94\x98\x840\x9d\x97\x12\x9b\
\x10\xa6\xd3Rb\x14\xc2tVJ\xacB\x98NJ\x89\
Y\x08\xd39)\xb1\x0ba:%\xa5\x0fB\x98\xceH\
\xe9\x8b\x10\xa6\x13R\xfa$\x84\x09^J\xdf\x840A\
K\x09E\x08\xdf\x07\x86\xb5q\xb4\xd6\x9fa\xdf\x86\x08\
\xf3\xd2}(B./.n\xc3\xda8V\xa9c\xd8\
\xb7A\xc2\x93\x12\x8a\x10\xaa\xe3y\xac\x8d3\xba\x832\
M/`\xff\x06\x09KJ(B2\xa5>\xc0\xda\x5c\
x\xc2\xa8\xfd\xa9L\xeb\xd7\xa8\xde\x83Mc\xad\xdd\x8a\
?\xb3\xb5\x98@\x84\x18\xa5~\xa3\xada#\xd6\xd7\xbb\
\x84\x22\x84\xa1\x03\xf8GX_\xef\x12\x92\x10\x86w!\
Xc\xaf\x12\x9c\x10\xa5\xfe\xa5\xd7\xe3Xgo\x12\x9a\
\x10\xc7\xe8nJk\xb7c\xbd\xd1'T!\x0e:\xab\
\xce\xe8\xf5\x14\x9d\x8f\xbcN\xec\xe3zW\x0b:\x86m\
\xc1\xf9\xf1\x1e.\x04'\xa1\xaf\xf0\x5c\xe0\xfcx\x8f\x08\
\xc9\x11!\x81!B\x02C\x84\x04\x86\x08\xb9\x9d\x7fl\
\xcb\xcf\xa9\x88\x10=\xbe\x86E\x1fg_I\x92\xe4\x81\
\xc1`\xb0\x8e\xfe\xfd\x92\xf1\xfcH\xb6C\x84\x8cy\x15\
kj\xeb\x99\x15\x11B\xbb)\xde2\xb0&\xbe\xdcN\
m\xbf\x94\xf4_UD\x88\xd6?b=.\x933t\
\xec\xbf\xaa\x88\x10\x11R\x8c\x08\xc9\x11!\x22\xa4\x18\x11\
\x92#BDH1\x22$G\x84\xcc.\xe4o\xe2\x0c\
\x9f\xe9\xf37\xdf\xcdz\x86/Bf\x10b\x94\xbaE\
\x22vN/\xa3\x94\xdaLm7\xb0o]D\xc8\x0c\
B\xf8\x9e_\x5c\x86Cmoa\xdf\xba\x88\x90\x19\x84\
\xd84=\x89\xcbp\xac\xb5\xcf\x16\xfa\xd6D\x84\xcc\x22\
\xa4\xe2V!\x12\xf5tI\xdfZ\x88\x10\x11RL\x93\
Bh\x12\x17\xe8\xf5c:\xe0*l\xab@\x84`\x9a\
\x10\xc2\x9fx2\xad_\x9e^/\xbd\xff\x06\xf6+A\
\x84`\x1a\x11\xa2\xf5y\x5c/\x87\xda.b_@\x84\
`\x1a\x11\xa2\xd4\x01\x5c/\x87\xde\x7f\x1b\xfb\x02\x22\x04\
\xd3\x88\x90\x8a\x81\xd0\xd9\xf3a\xec\x0b\x88\x10\x8c\x08\xc9\
\xa9\x1a\x87\xd7\x88\x90\x9c\xaaqx\x8d\x08\xc9\xa9\x1a\x87\
\xd7\x88\x90\x9c\xaaqx\x8d\x08\xc9\xa9\x1a\x87\xd7\x88\x90\
\x9c\xaaqx\x8d\x08\xc9\xa9\x1a\x87\xd7\x88\x90\x9c\xaaq\
x\x8d\x08\xc9\xa9\x1a\x87\xd74!\xc4*u\x08\xd7\xcb\
\xa1\xb6w\x0a}\xa70J\xfdQ\xf5-@\xb4\xce\xeb\
\xd8\x7f\x9aL\xa9\xd3\xb8\x0c'\xd3z\x0f\xf6\xadK<\
B\xb4\xfe\x1c\xd7;\x1c\x0e\xd7\xd2\xba\xbf-\xe9{;\
J\xed\xc6e\xeb\xfc\x09\x0d\x9a\xf8+\xfc\xf8\x02.\xab\
\xb5\xfe\x04\xfb\xd6%&!\xa3\xffRM\x92\xe4^^\
\xe7\xfc\xfc\xfc\xfd\xd6\x98\xf7\x0b}J\xa0]\xd35k\
\xed\x0eW\x0fm1\x8f\xd3\x963\xc0~e\x984\xfd\
t\xb0\xb0\xf0 /\xc7\xbf\x00\x96\xff\xdc\xdf\xf8\x8b\x07\
\x0a}\xeb\x10\x97\x901\xbf\x92\x98d\xf4\x10N\xb1\xed\
\x8e\x8c$(\xb5<\xba\x9b\xa4\xa4\xfd\x0e\xfcN\xcb}\
O\xcb\xfd\x5c\xd2\xf6\xbf\x08BH[\x0f\xc7\x84\x08\xcf\
\x05\xce\x8f\xf7\xd0\xc1\xf1\x09,\xac\xb7\x84\xf0U\x1e\xb4\
\xdf\x7f\xc8\xb6\xfc\xb0e\x08\xd0.\xefOw<j=\
T\xd0\x97X`\xdf\xa0\xe3\xc7%\x9c\x97\xd6B\x07\xe2\
]X`\xdf\xe0\xbf\x8c\x8d\xf3\xd2j\xec\xddoH\x88\
\x99\xc2yT\xebY^^~\xa4\xee\xe7\xff\x98\xe01\
/--m\xc0\xf9\x08\x22\x97\x93d\x93\x19\xdf\xecV\
(<J\x94\xfa\x86\xc7\x8c\xf3\x10T\xf8\xda\x12\x1d\xe0\
\x8eR\xc17\x0b\x03\x88\x87\x9bt\xceq\xa4\xea:Z\
\x90\xe1\xcb |'yf\xcc\xbb\xd6\x98\xb34\x80\xb9\
.\xc3c \x11\xc7\xe9\x97\xed\x19w\x89G\x22\x91H\
$\x12\x89D\x22\x91Hb\xc8\x7f\xde{\xaaF\xa7G\
\xc5.\x00\x00\x00\x00IEND\xaeB`\x82\
\x00\x00\x05O\
\x89\
PNG\x0d\x0a\x1a\x0a\x00\x00\x00\x0dIHDR\x00\
\x00\x00d\x00\x00\x00d\x08\x06\x00\x00\x00p\xe2\x95T\
\x00\x00\x05\x16IDATx^\xed\x9dK\x8e\x1bU\
\x14\x86\x0336\x80\x80\x0d\x80\xc4K\x22\xc0Z\x800\
\x00\x96\x10\x02-fg\x08LH\xb3\x08^b\x1d=\
\x8a\xe2[\xb7\x0a\xc4\x06 \xe9\x0c!\x08f\xcd\xfd\xdd\
]\xc1\xf9\xfdw\xfbQ\xe7V\x95\xda\xe7\x97>%\xad\
\xb6\xeb;>\xc7\xf5p\xdb\xe5\xbaq#\x12\x89D\x22\
\x91H$\x12\x89D\x22\x91H$\x129\xd0\x9c\x9d\x9d\
=\xdb-\x16\xef\xe4\x9co\xe5\x94n\x97\x7f\x8f\xae\x15\
\xe7\x8f\xe9V\xdb\xb6o\xe3\xb1\xf2\xe3\x9fM~\xbb\x7f\
\xff\xa56\xe7oK\xc1\x0f\xda\xa69;\x04\xca`\xfe\
(\xff\x1e\xffz\xef\xde\x8b\xdc\x8f\xc9R\x9e%\xcf\x94\
\xa2\xbe(\xfc\xcd\x05\x1f\x10\x8f\xb1\xf6\xa0\x17\xdc\x9fQ\
srr\xf2\x5c\xd74?\x89\x02\x0f\x93\x9c\x7fDO\
\xb8O\xa3\xe4b\xcd\xf8~\xad\xa8\xe0\xe7I\xd6\x94\xf6\
|3\xc5\xc5\x04\xcdr\xdfr\xc4\xfd\xaa\x9a\xe5\x0e\xbc\
l7\xb9\x90\xe0\x09\x8fG\xdd\xd1\xe3hJ\x14\x11\xac\
\xb2X\xdc\xe5\xbeU\x09\x8e\xbd\x0f\xe9\xd0voRz\
8\xca\xeb\x94.\xa5w\xd7\xe4\x81\xa6\xbcx\xe4\xfe\xb9\
\xa7L\xfe\xc35q )/\x09\xde\xe7\xfe\xb9\xa7\x88\
\xee\xb08\xb8\x84\x94>\xe5\xfe\xb9\xa7\x88lM\x1c\x5c\
\x86q\xff\xdc\x03\x89\x10\x07\x1a\xe3\xfe\xb9\x07\x12!\x0e\
4\xc6\xfds\x0f$B\x1ch\x8c\xfb\xe7\x1eH\x848\
\xd0\x18\xf7\xcf=\x90\x08q\xa01\xee\x9f{ \x11\xe2\
@c\xdc?\xf7@\x22\xc4\x81\xc6\xb8\x7f\xee\x81D\x88\
\x03\x8dq\xff\xdc\x03\x89\x10\x0f&\xa7\xf4W\x97\xd2\x97\
9\xe7\x8f\xca\xcf\xc7\xe5\xe7\x7f\xf96^,\x97\xbdX\
\xdc\x85\xab\xfc\xff+\xb8\xf96N\x18\xf7\xcf=\x90\x08\
\xf1 \xd0\x90\xd2\x9cWV=]\xd7\xbdY~w\xca\
\xb7u\xe0\x14\xcb^u\xc1]i(\xb6\xea\xa9\x12H\
\x84x\x10X3\xd8\x83\xfc\x92\xd2\xab\xad\xefPN\xb1\
L\xf6 \xe5w_\x8b\xdb\x0f\xc5\xd8\xe3\x1eH\x84x\
\x10\xe5\xd9\xf91{\xfa8\x0e\xe5\xd2a mJ\x9f\
\x88\xfb\x0c\xc5\xd8\xe3\x1eH\x84x\x18\x1b\xde]s\x18\
\xca\x95\xc3@*\xbd\x0bj\xecq\x0f$B<\x08\xec\
dy\xbb\xce\x190\x94\x8d\xc3\x80\xbb\xd2A\x84\xb1\xcb\
=\x90\x08\xb1\x07\x8f\xca\xce\xf5u\xf6\xadf\xb9\xf3=\
\xff\xb4 \xdf\xf72N\x9b\xa6y\x8d\x97\xb3\x9a=\x96\
\xb9\x0b\xc6>\xf7@\x22\xc4^x\x0ee\xeaa\x00c\
\xa7{ \x11bO<\x862\x87a\x00c\xaf{ \
\x11bo\x86\x0ce.\xc3\x00\xc6n\xf7@\x22\xc45\
\xd8g(s\x1a\x060\xf6\xbb\x07\x12!\xae\xc5.C\
\x99\xdb0\x80q\x0d\xee\x81D\x88k\xb2\xf1\xb0\x15\xbf\
\xdf\xe66X\x96X~M\x8c\xebp\x0f$B\x5c\x9b\
\x8dk\xcaU\x99`\xcd\xe81\xae\xc5=\x90\x08\xf1\x18\
\xec5\x94\x09\x87\x01\x8c\xebq\x0f$B<\x16;\x0d\
e\xe2a\x00\xe3\x9a\xdc\x03\x89\x10\x8f\xc9VC\x99\xc1\
0\x80q]\xee\x81D\x88\xc7d\xe3\xd1\x14\x12\x03\x19\
\x87\xad\x86\xd1g\x06C1\xae\xc9=\x90\x08\xf1\x18\xec\
4\x8c>\x13\x0f\xc5\xb8\x1e\xf7@\x22\xc4\xb5\xd9k\x18\
}&\x1c\x8aq-\xee\x81D\x88\xeb\x91\xd2\xc3m^\
\xf4ms\x1b,km\xf9u1\xae\xc3=\x90\x08q\
-6\xae\x19+\xcf\xfe\x8dG_\x13\xac)\xc65\xb8\
\x07\x12!\xae\xc1.\xc3\xe8\xef\xb3q(e\x99/\x8f\
8\x14c\xbf{ \x11bo\xf6\x19F\xcf\x9c\x86b\
\xecv\x0f$B\xec\xc9\x90a\xf4\xcce(\xc6^\xf7\
@\x22\xc4^x\x0c\xa3g\x0eC1v\xba\x07\x12!\
\xf6\xc0s\x18=\x8f6-\xb3\xf2P\x8c}\xee\x81D\
\x88\x07\x91S\xfa\xa7m\xdb7\xd8\xb5\x9a\xbd\xdf\xcf\xd8\
\xe2\xb0\x19\xee\xf8\x18\xd0*\xb5?(\xb7\xcdPJ\x0d\
k\xf7\x1b\x8e\xb1\xc7=\x90\x08\xf1 F\xf9(\xe9\x86\
\xa1\xa0\x86\xb5\xfb\x0c\xc7\xd8\xe3\x1eH\x84x\x108%\
\x80=\x88\xdb0z\xae\x18J\x1b\x1f\xb6\xfe\x1f\x9c\x0a\
\x80\x9d\xeb\xaa\xa7\xda\xe9\x08\xf8\xf3\x09\xed\xaf\x96;\xf6\
8\x1d\xe1i\x96\xe7\x88\xe0\xe4\x99\xb1N\xd8\x81#N\
\xd898\x8c\xfb\xe7\x1eH\x848\xd0\x18\xf7\xcf=\x90\
\x08q\xa01\xee\x9f{ \x11\xe2@c\xdc?\xf7@\
\x22\xc4\x81\xc6\xb8\x7f\xee\x81D\x88\x03\x8dq\xff\xdc\x03\
\x89\x10\x07\x1a\xe3\xfe\xb9\x07\x12!\x0e4\xc6\xfds\x0f\
$B\x1ch\x8c\xfb\xe7\x9e6\xbe\x04s{\xc6\xf8\x12\
\xcc\x9c\xf3\x07k\xe2@\xd25\xcd{\xdc?\xf7\xe0\xea\
9,\x0e4\xe5\xc9{\x93\xfb\xe7\x9e\xe5W\x8d\xd7{\
\xcb\xf3\xda\x90\x9b\xe6\xf7\xd1.[Q\x84\xc7\x5c@\xf0\
4e \xdfp\xdf\xaa\xa5i\x9a\xe7sJ\x7fr\x11\
\xc19\xf8s~\xd7u/p\xdf\xaa\xa6l\xb6\x8e\xb8\
\x90\xe0\x09\x9fq\xbf\xaa\x07\xdb\xc7\xbcX|'\x8a9\
t\xa6\xb9\xe4\x11\x82\x0b`\xe1BX\xa2\xa8\x83\xa4l\
\xca\x7f\x98\xec\xa2`}\xf0l\xe8r\xfe\xbc=\xe0K\
 ]\xbc\x05|g\xb25C\x05\xd7\x5c\xba\xf8b\xc9\
\x839$\xc6\xa1-\x8e\xa6F\xdf\x81\xef\x92\x8b\xd7)\
7\xf1\x8a\xbe<sn\xe3\xfb\x14\xaf\x13xLxl\
e\xf3\xf4\xd6\xac\xd6\x88H$\x12\x89D\x22\x91H$\
\x12\x89D\x22\x91Hd\xe4\xfc\x07@\xe1#uF\x7f\
E\xe5\x00\x00\x00\x00IEND\xaeB`\x82\
\x00\x00\x05\xf9\
\x89\
PNG\x0d\x0a\x1a\x0a\x00\x00\x00\x0dIHDR\x00\
\x00\x00d\x00\x00\x00d\x08\x06\x00\x00\x00p\xe2\x95T\
\x00\x00\x05\xc0IDATx^\xed\x9dK\xab\x1dE\
\x14\x85\x83\xe2k\xe2\x13|\x8c}\xcd\x8d\x8a\xcf$\x82\
\xd3h~\x80\xefG0*j\xc8\xaf\x88&\x1a\xc4\x89\
(N\x83\x97\x8c\x15qf4dp\xa0\xba\xeatr\
\x91#d\x1e\x22$\x8e\xe2 \xb9\xee\xd5\xde+\xcd:\
}\xab\xbbk\xf7\x11\x8c\xeb\x83\x85\x93\xbb\xf7\xaeS\xab\
\xbb\xcd\xa9]]g\xc7\x0e!\x84\x10B\x08!\x84\x10\
B\xfc\x87Y__\xbf+\xa5\xf4\xfe<\xa5\xcf\xeb\xaa\
\xfar\x8cb\x8c\x9fX\xec\x8b\x1b\x1b\x1b\xd7q\xde\x1c\
\xa7N\x9d\xba\xa5\x8e\xf1\xd5\x14\xe3g\x9c\xb3OML\
\x8c\xaf\x9c;w\xeef\xce\x9b\x03c\xb4\xb1\xee\xc3\x98\
9g\x9f\x9a\xb9I\xe9\xbd3g\xce\xdc\xc9y'\xc5\
\x06\xb8;U\xd5\xef\xf3\x187<\xb2\x0f\xf9\xb3\xe5\xba\
\x83\xf3wq6\x84\x07S\x08\xbfq\x8e\xb1\xb2q/\
l\x82\x1e\xe0\xfc]`l\xf6\xf7\xbfp\x8e\xb1\xb2\x8b\
\xe1\x82}\xd6g9\xff$4w\xc6\x04f\xfc\xa3\x94\
\xbe\xe5\x1a\xcc\xda\xda\xda\xf5\xf6\xb7\xf3\xa5\xd8R\x85\x10\
\x91\x93\xeb0\xf6\xb7'\x96b\x0b\x05SVr\xa7\xe0\
\x16\xe4b\x1e\x99\xb9W\xec\xea\xb9\x9b\xeb\xb4\xb1\xdb\xff\
9\x8e\xf3\x0aw9\xd7iS\xd7\xf5\xbd6\xb6\xab\x1c\
\xe7\xd4\x01\xae\xe3\xc6\xae\xaec\x1d\x85\x5c\xaaCx\x9a\
\xeb\xb4\xb1\xc9\xdb\xcf1^!'\xd7ic\x17\xc13\
\x1c\xe3\x96\xcd\x1d\xd7qcW\xcd\x17K\x85\xbc\x0aa\
\x0f\xd7i3\xf5]\x09!'\xd7i\x831q\x8cW\
\x98;\xae\xe3F\x86\x94K\x86d$Cr\x92!\xe5\
\xc8\x90r\xc9\x90\x8cdHN2\xa4\x1c\x19R.\x19\
\x92\x91\x0c\xc9I\x86\x94#C\xca%C2\xbaf\x0c\
\xb1\xc4\x1fs!\xb7\xe6\xf3G\xb9N\x9b\x94\xd2kK\
1N\xa1\xd1\xc5u\xda\xd4!<\xc61^\x99!\x87\
\xb9\x8e\x1bt\xfa\xb8\x90S\x17\x17\x8b\xc5M\x5c\xa7M\
UU\x0f\xa5\x09\x97\xc2\x91\xab\xafI\x85\xce\xa2}\xd6\
K\x1c\xeb\x91]\x04{\xb9\x8e\x1b\xb44\xd1\xe9\xe3b\
\x0e}\xc85\xba\xb0\x9a_w\xc4\x16\x09\xedU\xce\xdf\
\x85\x19r\x90cKe5\x7f\x1a\xdb\xb2\x1e\x0cZ\x9b\
\xe8\xf4\xd9\x95v\x85\x0b\x8f\xd0E\xd3\x07\x9c{;\xea\
\xba\xbe\xd1\xea}j\xfa\xb3#\xd7 Y\xece\xfb\xef\
\x91\xd9lv\x03\xe7\xdf\x0e\xbb\xaa?\xf2\xdc)\x9bs\
t<\x84p;\xe7\x9e\x1c{\xf6\xdf\x83^\xb1\x0d\xf8\
\xf91\xc2\xf3y\xecf\x83-\x16\xa7O\xdfju\x9f\
\xe2\x9c}B\x0cb9\xdf\x100V\x8c\x99s\xf6\x09\
s\xd3\xd7\x0d\x15B\x08!\x84\x10B\x0c\xa7\xd9\xde\x19\
\xc2\x9e:\xa5\xb7\xed\xdf\xdc\xfb\xc7\x08\xebHX\x0e\xe1\
\x9cCh\xd6\x98\xaa\xea\x0d\xce\xd9'\xc4\xf4\xad\x99m\
\x87}\x97x\xb8\xd9\xe4\xdd\x917'\xcc\x0d\xe6h\xc8\
\xb6U\x17\xd8\xf8<w\xee\xb5\xc5z\x12\x96C\xf0\x0d\
\x9c\xf3w\x81}\xb1\x16\xf7#\xe7\x19+\x9b\xa8\x1f\x86\
\xee\xb1\xc5\xd8\xcc\xc8o\xdc\xebh!\xc4\xbe\xb5\xb3b\
\xf0J\xc0\x14\xbb\xd0\xb7\x84\xe5\x10\xae\xd1\xc5|\x023\
\xb6\x04S8\x7f\x17\xf3\x09\xb7\xcd\xda\xe7\x5c\x94\xaeN\
d\xc1\xad\xcb\xc5<\xc2\xda\xd4l6\xbb\x8d\xeb\xb4Y\
\xc9RxJ;\xb9N\x1b\xac=y\xd6\xcd:UU\
/s\x1d7\xb8\xa2\x97\x0a9e\x8f\xae'\xb8N\x1b\
\xbb\x08\xde\xe2\x98\x09\xf4&\xd7ic\x86=\xd9\x11\xe3\
\x92\xfd?\xe5(\xd7q\x83\xae\x17\x17rK\x1d\xc3r\
dH\xb9dHF2$'\x19R\x8e\x0c)\x97\x0c\
\xc9H\x86\xe4$C\xca\x91!\xe5\x92!\x19\xc9\x90\x9c\
dH92\xa4\x5c2$\xa3k\xc6\x10\xfb G\xb9\
\x90WZ\x5ct\x80#\x8e\xb8\x90Gv\xd5\x5c\xee\xdb\
Q\x88N\x1f\xc7ye\x17\xc1#\x5c\xa7\x0dZ\x02i\
\xfa\xe5\xf7\x97\xb8\x8e\x9bfWxU-\x96\x8a\x95\xeb\
\x08\xd7\xe8\x02M\xa5\x8e\xd8\x22\xd5!|\xc7\xf9\xbbH\
\x13\xb6\x1a\xecB\xfe\xb5o\x97\x7f1hG\xda36\
r\xd11\xb2\x0f{\x15\xbb\xd0\x87n|F\xdbu\x0a\
SR\x8c\xdf\x8fi\xe1\xa2\xcd\x8c\xb1r\x9e1\xb2\x1c\
\xc1\xee\xf2\xfb9\xff\xa4l\x9e\xb4\xb6\x1b\xcfwn\xee\
\xf7\x09\x8f\xbd\xd2\x1e\xb3\xc5\xef\xb4\x09z\x9ds\xf6\xca\
b\xfa\x1eS\xdb\x81=\x04E\x9b\x1c\xfe\x9e\x9b]+\
{\x0dA\x08!\x84\x10B\x88\xff!gg\xb3\xfb\x8a\
^\xfa\xac\xaa\xc7K\xb7UbGa\xe9K\x9f\xa5o\
\xc26'j\xdb\x989g\x9f078n\x96\xf3M\
N\xc2k\xd11\x9e\xf0|\x83\xb5\x1c\x97L\x079\xf7\
v4\x1b\x9fC8\xe6Y_B,\x96C\x86n\xf0\
\x06\xf3\xaa:d1\x7fp\xae\xa1Jx-\x1a\xaf\x90\
\x0f<\xc1{4\xcd7\xf4\x09\x8e\xdf\xde\xd2PS\xb0\
\x0b\x9dc\x8b\x15\xc2W\x9c\xbf\x0b\x98\xb1\x14[\xae\x93\
+\xf9\xc6n\x13\xb8\xaf\xa3\x98G\x17\xfb\x1e_x?\
\xc3s7\xb2\x90\x0b\xcb!\x5c\xa7M\xb3\xcb\xdfqg\
t\xa9\x8e\xf1\x05\xae\xe3f\xae\xc3g\x8a\x95Vr\xf8\
\x8c:\x86\xc5\xc2\xdcq\x1d72\xa4\x5c2$#\x19\
\x92\x93\x0c)G\x86\x94K\x86d$Cr\x92!\xe5\
\xc8\x90r\xc9\x90\x8cdHN2\xa4\x1c\x19R.\x19\
\x92\xd15c\xc8|\xc2\xf3?\xb6\xa4\x9f\xcdsP\xc7\
\xf8\xeeR!\x87\xd2\x80\x1f\x96\x5c\xc9\xd5\x9a\xd2.\xae\
\xd3\x06G\xe0bl\x1c\xe7RU\xbd\xc3u\xdc4{\
lc\xbc\xb0T\xac\x5c\xc7\xb9\x06\xb3y6\x97k/\
q[\xd8k;\xe4\x0c+t\xfa8\xd6\xa1\xf3+\xeb\
\x1a6}\xf4\x09L\xc1\xf1\xdbC\xfb\xdc\xd8\x0b\x9c&\
\xd8u\x8f]\xe8C7>o\xb6\xaaOr\x8e\x02\x9d\
\xc7#\x90\xf3O\x0a\xee\x94\xe6\xf1U\xf0\xf3\xdd6\xb1\
\x87-v\xef\xd8\x96&:\x8b8\xe2\xa8\xf4\xe7\xbb\xf1\
~\xc6\xd8W\x020Ft\xfa\x9a1w\xe4\xcd\x09s\
cf\x1cX\xd9\x9d!\x84\x10B\x08!\x84\x10B\x88\
\x7f\x89\xbf\x00X\x8e\x0a\xbbi\xed\x91\x17\x00\x00\x00\x00\
IEND\xaeB`\x82\
"

qt_resource_name = b"\
\x00\x05\
\x00o\xa6S\
\x00i\
\x00c\x00o\x00n\x00s\
\x00\x04\
\x00\x06\xa8\x8b\
\x00d\
\x00a\x00r\x00k\
\x00\x05\
\x00r\xfd\xf4\
\x00l\
\x00i\x00g\x00h\x00t\
\x00\x16\
\x0f\x856\x07\
\x00s\
\x00e\x00l\x00e\x00c\x00t\x00_\x00h\x00i\x00g\x00h\x00l\x00i\x00g\x00h\x00t\x00e\
\x00r\x00.\x00p\x00n\x00g\
\x00\x0b\
\x0cj,G\
\x00r\
\x00e\x00f\x00r\x00e\x00s\x00h\x00.\x00p\x00n\x00g\
\x00\x08\
\x0f\xcaX\xc7\
\x00v\
\x00i\x00e\x00w\x00.\x00p\x00n\x00g\
\x00\x0d\
\x0e}\xc1\xa7\
\x00c\
\x00o\x00n\x00n\x00e\x00c\x00t\x00e\x00d\x00.\x00p\x00n\x00g\
\x00\x0f\
\x02\xf7\x7f\xc7\
\x00r\
\x00e\x00p\x00o\x00r\x00t\x00_\x00f\x00i\x00l\x00e\x00.\x00p\x00n\x00g\
\x00\x0f\
\x096\x18\xc7\
\x00b\
\x00i\x00n\x00a\x00r\x00y\x00_\x00f\x00i\x00l\x00e\x00.\x00p\x00n\x00g\
\x00\x0e\
\x03\x1c\xd3\x07\
\x00c\
\x00s\x00v\x00_\x00e\x00x\x00p\x00o\x00r\x00t\x00.\x00p\x00n\x00g\
\x00\x10\
\x0eg\x02g\
\x00d\
\x00i\x00s\x00c\x00o\x00n\x00n\x00e\x00c\x00t\x00e\x00d\x00.\x00p\x00n\x00g\
\x00\x08\
\x0bcX\x07\
\x00s\
\x00t\x00o\x00p\x00.\x00p\x00n\x00g\
\x00\x0a\
\x0a\xc8\xfb\x07\
\x00f\
\x00o\x00l\x00d\x00e\x00r\x00.\x00p\x00n\x00g\
\x00\x0a\
\x03\x8a\xfag\
\x00f\
\x00o\x00r\x00m\x00a\x00t\x00.\x00p\x00n\x00g\
\x00\x10\
\x09$\x0d\xe7\
\x00g\
\x00e\x00n\x00e\x00r\x00i\x00c\x00_\x00f\x00i\x00l\x00e\x00.\x00p\x00n\x00g\
\x00\x0a\
\x0cL\x1b'\
\x00c\
\x00o\x00l\x00u\x00m\x00n\x00.\x00p\x00n\x00g\
\x00\x0c\
\x09j\x01\x87\
\x00f\
\x00i\x00l\x00e\x00_\x00n\x00e\x00w\x00.\x00p\x00n\x00g\
\x00\x0c\
\x05u\xdc\xc7\
\x00c\
\x00s\x00v\x00_\x00f\x00i\x00l\x00e\x00.\x00p\x00n\x00g\
\x00\x11\
\x04\xd8\xdb\x87\
\x00b\
\x00i\x00n\x00a\x00r\x00y\x00_\x00e\x00x\x00p\x00o\x00r\x00t\x00.\x00p\x00n\x00g\
\
\x00\x07\
\x09\xc1W\xa7\
\x00r\
\x00u\x00n\x00.\x00p\x00n\x00g\
\x00\x0c\
\x05\xc9\x18G\
\x00d\
\x00a\x00t\x00a\x00b\x00a\x00s\x00e\x00.\x00p\x00n\x00g\
\x00\x0b\
\x00\xb0\xec\x87\
\x00l\
\x00o\x00g\x00g\x00i\x00n\x00g\x00.\x00p\x00n\x00g\
\x00\x0e\
\x05\x088\x87\
\x00c\
\x00o\x00n\x00n\x00e\x00c\x00t\x00i\x00o\x00n\x00.\x00p\x00n\x00g\
\x00\x08\
\x08\xc8Xg\
\x00s\
\x00a\x00v\x00e\x00.\x00p\x00n\x00g\
\x00\x09\
\x08\x97\x84\x87\
\x00c\
\x00h\x00a\x00r\x00t\x00.\x00p\x00n\x00g\
\x00\x0d\
\x03P\x1dg\
\x00h\
\x00t\x00m\x00l\x00_\x00f\x00i\x00l\x00e\x00.\x00p\x00n\x00g\
\x00\x0f\
\x0a\x1d\x0f'\
\x00j\
\x00s\x00o\x00n\x00_\x00e\x00x\x00p\x00o\x00r\x00t\x00.\x00p\x00n\x00g\
\x00\x0a\
\x02Lo\xc7\
\x00r\
\x00u\x00n\x00_\x001\x000\x00.\x00p\x00n\x00g\
\x00\x07\
\x08sW\x87\
\x00a\
\x00p\x00p\x00.\x00p\x00n\x00g\
\x00\x0e\
\x0b\xd3\xf8G\
\x00f\
\x00i\x00l\x00e\x00_\x00c\x00l\x00e\x00a\x00r\x00.\x00p\x00n\x00g\
\x00\x0c\
\x0b\xdf!G\
\x00s\
\x00e\x00t\x00t\x00i\x00n\x00g\x00s\x00.\x00p\x00n\x00g\
\x00\x0f\
\x01\x99VG\
\x00c\
\x00o\x00n\x00c\x00a\x00t\x00e\x00n\x00a\x00t\x00e\x00.\x00p\x00n\x00g\
\x00\x10\
\x0e\xc7\xf3\xc7\
\x00e\
\x00x\x00c\x00e\x00l\x00_\x00e\x00x\x00p\x00o\x00r\x00t\x00.\x00p\x00n\x00g\
\x00\x10\
\x07\x99q\x07\
\x00r\
\x00u\x00n\x00_\x00s\x00e\x00l\x00e\x00c\x00t\x00e\x00d\x00.\x00p\x00n\x00g\
\x00\x08\
\x06\x01Yg\
\x00j\
\x00o\x00i\x00n\x00.\x00p\x00n\x00g\
\x00\x0e\
\x05 \x07\xe7\
\x00e\
\x00x\x00c\x00e\x00l\x00_\x00f\x00i\x00l\x00e\x00.\x00p\x00n\x00g\
\x00\x0d\
\x0c\x95=g\
\x00c\
\x00o\x00d\x00e\x00_\x00f\x00i\x00l\x00e\x00.\x00p\x00n\x00g\
\x00\x0d\
\x0fl\xdd\x07\
\x00j\
\x00s\x00o\x00n\x00_\x00f\x00i\x00l\x00e\x00.\x00p\x00n\x00g\
\x00\x0b\
\x00\xcb|\xe7\
\x00p\
\x00r\x00o\x00f\x00i\x00l\x00e\x00.\x00p\x00n\x00g\
\x00\x0f\
\x04\x18\x96\x07\
\x00f\
\x00o\x00l\x00d\x00e\x00r\x00_\x00o\x00p\x00e\x00n\x00.\x00p\x00n\x00g\
\x00\x08\
\x04\xb2X\xc7\
\x00u\
\x00n\x00d\x00o\x00.\x00p\x00n\x00g\
\x00\x08\
\x0c\xa7XG\
\x00r\
\x00e\x00s\x00t\x00.\x00p\x00n\x00g\
\x00\x0d\
\x0dy\x1d'\
\x00s\
\x00t\x00a\x00t\x00_\x00f\x00i\x00l\x00e\x00.\x00p\x00n\x00g\
\x00\x09\
\x06\x98\x83'\
\x00c\
\x00l\x00o\x00s\x00e\x00.\x00p\x00n\x00g\
\x00\x09\
\x09(\xa3\xa7\
\x00t\
\x00a\x00b\x00l\x00e\x00.\x00p\x00n\x00g\
"

qt_resource_struct = b"\
\x00\x00\x00\x00\x00\x02\x00\x00\x00\x01\x00\x00\x00\x01\
\x00\x00\x00\x00\x00\x00\x00\x00\
\x00\x00\x00\x00\x00\x02\x00\x00\x00\x02\x00\x00\x00\x02\
\x00\x00\x00\x00\x00\x00\x00\x00\
\x00\x00\x00\x10\x00\x02\x00\x00\x00*\x00\x00\x00.\
\x00\x00\x00\x00\x00\x00\x00\x00\
\x00\x00\x00\x1e\x00\x02\x00\x00\x00*\x00\x00\x00\x04\
\x00\x00\x00\x00\x00\x00\x00\x00\
\x00\x00\x02b\x00\x00\x00\x00\x00\x01\x00\x00r!\
\x00\x00\x01\x9dN\xaa\xad2\
\x00\x00\x04h\x00\x00\x00\x00\x00\x01\x00\x00\xea\xd2\
\x00\x00\x01\x9dN\xaa\xad2\
\x00\x00\x03\x80\x00\x00\x00\x00\x00\x01\x00\x00\xbf\x1e\
\x00\x00\x01\x9dN\xaa\xad2\
\x00\x00\x03\x12\x00\x00\x00\x00\x00\x01\x00\x00\x9e\x9b\
\x00\x00\x01\x9dN\xaa\xadB\
\x00\x00\x00\xb2\x00\x00\x00\x00\x00\x01\x00\x00 \x15\
\x00\x00\x01\x9dN\xaa\xadB\
\x00\x00\x00\xfa\x00\x00\x00\x00\x00\x01\x00\x00+B\
\x00\x00\x01\x9dN\xaa\xad2\
\x00\x00\x02\xce\x00\x00\x00\x00\x00\x01\x00\x00\x8e\x87\
\x00\x00\x01\x9dN\xaa\xad2\
\x00\x00\x01r\x00\x00\x00\x00\x00\x01\x00\x00A\x9b\
\x00\x00\x01\x9e\xbc8\xa0z\
\x00\x00\x04\x84\x00\x00\x00\x00\x00\x01\x00\x01g\x01\
\x00\x00\x01\x9dN\xaa\xad2\
\x00\x00\x04\xa8\x00\x00\x00\x00\x00\x01\x00\x01l\xb0\
\x00\x00\x01\x9dN\xaa\xadB\
\x00\x00\x02\x08\x00\x00\x00\x00\x00\x01\x00\x00_\xc3\
\x00\x00\x01\x9dN\xaa\xad2\
\x00\x00\x02~\x00\x00\x00\x00\x00\x01\x00\x00y\x0b\
\x00\x00\x01\x9dN\xaa\xad2\
\x00\x00\x04\x06\x00\x00\x00\x00\x00\x01\x00\x00\xd6\xb7\
\x00\x00\x01\x9dN\xaa\xad2\
\x00\x00\x01\xea\x00\x00\x00\x00\x00\x01\x00\x00X\x19\
\x00\x00\x01\x9dN\xaa\xad2\
\x00\x00\x02D\x00\x00\x00\x00\x00\x01\x00\x00i\x0b\
\x00\x00\x01\x9dN\xaa\xad2\
\x00\x00\x03\xf0\x00\x00\x00\x00\x00\x01\x00\x00\xd0\x0f\
\x00\x00\x01\x9dN\xaa\xad2\
\x00\x00\x04\xf4\x00\x00\x00\x00\x00\x01\x00\x01\x81\xbf\
\x00\x00\x01\x9dN\xaa\xad2\
\x00\x00\x03\xca\x00\x00\x00\x00\x00\x01\x00\x00\xcc\x1b\
\x00\x00\x01\x9dN\xaa\xadB\
\x00\x00\x03,\x00\x00\x00\x00\x00\x01\x00\x00\xa2\x96\
\x00\x00\x01\x9dN\xaa\xad2\
\x00\x00\x02\xb6\x00\x00\x00\x00\x00\x01\x00\x00\x8a\x5c\
\x00\x00\x01\x9e\xda\xe22\xc8\
\x00\x00\x02\xa0\x00\x00\x00\x00\x00\x01\x00\x00\x83\x7f\
\x00\x00\x01\x9dN\xaa\xadB\
\x00\x00\x01\x8c\x00\x00\x00\x00\x00\x01\x00\x00I\xcd\
\x00\x00\x01\x9dN\xaa\xad2\
\x00\x00\x05\x0c\x00\x00\x00\x00\x00\x01\x00\x01\x86\x22\
\x00\x00\x01\x9dN\xaa\xadB\
\x00\x00\x00\xd6\x00\x00\x00\x00\x00\x01\x00\x00%\xa0\
\x00\x00\x01\x9dN\xaa\xad2\
\x00\x00\x01\xcc\x00\x00\x00\x00\x00\x01\x00\x00O\xcd\
\x00\x00\x01\x9dN\xaa\xad2\
\x00\x00\x020\x00\x00\x00\x00\x00\x01\x00\x00d\xb8\
\x00\x00\x01\x9dN\xaa\xadB\
\x00\x00\x02\xee\x00\x00\x00\x00\x00\x01\x00\x00\x95F\
\x00\x00\x01\x9dN\xaa\xad2\
\x00\x00\x01X\x00\x00\x00\x00\x00\x01\x00\x00=\x9c\
\x00\x00\x01\x9dN\xaa\xad2\
\x00\x00\x01B\x00\x00\x00\x00\x00\x01\x00\x00;s\
\x00\x00\x01\x9eN\x86C\xd7\
\x00\x00\x03@\x00\x00\x00\x00\x00\x01\x00\x00\xae\xdf\
\x00\x00\x01\x9dN\xaa\xad2\
\x00\x00\x03b\x00\x00\x00\x00\x00\x01\x00\x00\xb6\xae\
\x00\x00\x01\x9dN\xaa\xadB\
\x00\x00\x01\xb2\x00\x00\x00\x00\x00\x01\x00\x00MO\
\x00\x00\x01\x9dN\xaa\xad2\
\x00\x00\x00`\x00\x00\x00\x00\x00\x01\x00\x00\x05N\
\x00\x00\x01\x9dN\xaa\xadB\
\x00\x00\x04(\x00\x00\x00\x00\x00\x01\x00\x00\xdb\xab\
\x00\x00\x01\x9dN\xaa\xad2\
\x00\x00\x04\xbe\x00\x00\x00\x00\x00\x01\x00\x01r\xae\
\x00\x00\x01\x9d\xab\x0c\xc7\x81\
\x00\x00\x04\xd4\x00\x00\x00\x00\x00\x01\x00\x01|J\
\x00\x00\x01\x9eJVZ\xda\
\x00\x00\x01\x1c\x00\x00\x00\x00\x00\x01\x00\x0041\
\x00\x00\x01\x9d\xcf\xaa\x14\xd0\
\x00\x00\x00\x92\x00\x00\x00\x00\x00\x01\x00\x00\x19\xda\
\x00\x00\x01\x9d\xcf\xaa\x14\xc9\
\x00\x00\x03\xa4\x00\x00\x00\x00\x00\x01\x00\x00\xc3\xdd\
\x00\x00\x01\x9dN\xaa\xad2\
\x00\x00\x04H\x00\x00\x00\x00\x00\x01\x00\x00\xe2\xdc\
\x00\x00\x01\x9dN\xaa\xad2\
\x00\x00\x00.\x00\x00\x00\x00\x00\x01\x00\x00\x00\x00\
\x00\x00\x01\x9dN\xaa\xadB\
\x00\x00\x00|\x00\x00\x00\x00\x00\x01\x00\x00\x0e\xce\
\x00\x00\x01\x9dN\xaa\xadB\
\x00\x00\x02b\x00\x00\x00\x00\x00\x01\x00\x01\xfe\xe6\
\x00\x00\x01\x9dN\xaa\xad\x22\
\x00\x00\x04h\x00\x00\x00\x00\x00\x01\x00\x02y\xa5\
\x00\x00\x01\x9dN\xaa\xad2\
\x00\x00\x03\x80\x00\x00\x00\x00\x00\x01\x00\x02M)\
\x00\x00\x01\x9dN\xaa\xad\x22\
\x00\x00\x03\x12\x00\x00\x00\x00\x00\x01\x00\x02+\xd3\
\x00\x00\x01\x9dN\xaa\xad2\
\x00\x00\x00\xb2\x00\x00\x00\x00\x00\x01\x00\x01\xac/\
\x00\x00\x01\x9dN\xaa\xad2\
\x00\x00\x00\xfa\x00\x00\x00\x00\x00\x01\x00\x01\xb7C\
\x00\x00\x01\x9dN\xaa\xad\x22\
\x00\x00\x02\xce\x00\x00\x00\x00\x00\x01\x00\x02\x1b\x9b\
\x00\x00\x01\x9dN\xaa\xad\x22\
\x00\x00\x01r\x00\x00\x00\x00\x00\x01\x00\x01\xce\xc2\
\x00\x00\x01\x9e\xbc8\xa0e\
\x00\x00\x04\x84\x00\x00\x00\x00\x00\x01\x00\x02\xf5\xd4\
\x00\x00\x01\x9dN\xaa\xad\x22\
\x00\x00\x04\xa8\x00\x00\x00\x00\x00\x01\x00\x02\xfbt\
\x00\x00\x01\x9dN\xaa\xad2\
\x00\x00\x02\x08\x00\x00\x00\x00\x00\x01\x00\x01\xec\xb2\
\x00\x00\x01\x9dN\xaa\xad\x22\
\x00\x00\x02~\x00\x00\x00\x00\x00\x01\x00\x02\x05\xcc\
\x00\x00\x01\x9dN\xaa\xad\x22\
\x00\x00\x04\x06\x00\x00\x00\x00\x00\x01\x00\x02e\xd2\
\x00\x00\x01\x9dN\xaa\xad\x22\
\x00\x00\x01\xea\x00\x00\x00\x00\x00\x01\x00\x01\xe5\x01\
\x00\x00\x01\x9dN\xaa\xad\x22\
\x00\x00\x02D\x00\x00\x00\x00\x00\x01\x00\x01\xf5\xdc\
\x00\x00\x01\x9dN\xaa\xad\x22\
\x00\x00\x03\xf0\x00\x00\x00\x00\x00\x01\x00\x02_\x12\
\x00\x00\x01\x9dN\xaa\xad\x22\
\x00\x00\x04\xf4\x00\x00\x00\x00\x00\x01\x00\x03\x10\x0e\
\x00\x00\x01\x9dN\xaa\xad\x22\
\x00\x00\x03\xca\x00\x00\x00\x00\x00\x01\x00\x02Z \
\x00\x00\x01\x9dN\xaa\xad2\
\x00\x00\x03,\x00\x00\x00\x00\x00\x01\x00\x020\xee\
\x00\x00\x01\x9dN\xaa\xad\x22\
\x00\x00\x02\xb6\x00\x00\x00\x00\x00\x01\x00\x02\x17w\
\x00\x00\x01\x9e\xda\xe22\xb6\
\x00\x00\x02\xa0\x00\x00\x00\x00\x00\x01\x00\x02\x104\
\x00\x00\x01\x9dN\xaa\xad2\
\x00\x00\x01\x8c\x00\x00\x00\x00\x00\x01\x00\x01\xd6\xdb\
\x00\x00\x01\x9dN\xaa\xad\x22\
\x00\x00\x05\x0c\x00\x00\x00\x00\x00\x01\x00\x03\x15a\
\x00\x00\x01\x9dN\xaa\xad2\
\x00\x00\x00\xd6\x00\x00\x00\x00\x00\x01\x00\x01\xb1\xbc\
\x00\x00\x01\x9dN\xaa\xad\x22\
\x00\x00\x01\xcc\x00\x00\x00\x00\x00\x01\x00\x01\xdc\xbf\
\x00\x00\x01\x9dN\xaa\xad\x22\
\x00\x00\x020\x00\x00\x00\x00\x00\x01\x00\x01\xf1\x80\
\x00\x00\x01\x9dN\xaa\xad2\
\x00\x00\x02\xee\x00\x00\x00\x00\x00\x01\x00\x02\x22r\
\x00\x00\x01\x9dN\xaa\xad\x22\
\x00\x00\x01X\x00\x00\x00\x00\x00\x01\x00\x01\xca\xc9\
\x00\x00\x01\x9dN\xaa\xad\x22\
\x00\x00\x01B\x00\x00\x00\x00\x00\x01\x00\x01\xc7}\
\x00\x00\x01\x9eN\x86C\xd5\
\x00\x00\x03@\x00\x00\x00\x00\x00\x01\x00\x02=&\
\x00\x00\x01\x9dN\xaa\xad\x22\
\x00\x00\x03b\x00\x00\x00\x00\x00\x01\x00\x02D\xcb\
\x00\x00\x01\x9dN\xaa\xad2\
\x00\x00\x01\xb2\x00\x00\x00\x00\x00\x01\x00\x01\xdaR\
\x00\x00\x01\x9dN\xaa\xad\x22\
\x00\x00\x00`\x00\x00\x00\x00\x00\x01\x00\x01\x91c\
\x00\x00\x01\x9dN\xaa\xad2\
\x00\x00\x04(\x00\x00\x00\x00\x00\x01\x00\x02j\x9f\
\x00\x00\x01\x9dN\xaa\xad\x22\
\x00\x00\x04\xbe\x00\x00\x00\x00\x00\x01\x00\x03\x01t\
\x00\x00\x01\x9d\xab\x0c\xc7l\
\x00\x00\x04\xd4\x00\x00\x00\x00\x00\x01\x00\x03\x0a\xeb\
\x00\x00\x01\x9eJVZ\xd9\
\x00\x00\x01\x1c\x00\x00\x00\x00\x00\x01\x00\x01\xc0:\
\x00\x00\x01\x9d\xcf\xaa\x14\xc1\
\x00\x00\x00\x92\x00\x00\x00\x00\x00\x01\x00\x01\xa6\x0f\
\x00\x00\x01\x9d\xcf\xaa\x14\xb8\
\x00\x00\x03\xa4\x00\x00\x00\x00\x00\x01\x00\x02Q\xdd\
\x00\x00\x01\x9dN\xaa\xad\x22\
\x00\x00\x04H\x00\x00\x00\x00\x00\x01\x00\x02q\xb5\
\x00\x00\x01\x9dN\xaa\xad\x22\
\x00\x00\x00.\x00\x00\x00\x00\x00\x01\x00\x01\x8c#\
\x00\x00\x01\x9dN\xaa\xad2\
\x00\x00\x00|\x00\x00\x00\x00\x00\x01\x00\x01\x9a\xd2\
\x00\x00\x01\x9dN\xaa\xad2\
"

def qInitResources():
    QtCore.qRegisterResourceData(0x03, qt_resource_struct, qt_resource_name, qt_resource_data)

def qCleanupResources():
    QtCore.qUnregisterResourceData(0x03, qt_resource_struct, qt_resource_name, qt_resource_data)

qInitResources()
